[    1034ms] [LOG] [Fast Refresh] rebuilding @ http://localhost:3000/_next/static/chunks/node_modules_next_dist_f3530cac._.js:2297
[    3033ms] [LOG] [Fast Refresh] done in 2100ms @ http://localhost:3000/_next/static/chunks/node_modules_next_dist_f3530cac._.js:2297
[    6304ms] [INFO] %cDownload the React DevTools for a better development experience: https://react.dev/link/react-devtools font-weight:bold @ http://localhost:3000/_next/static/chunks/node_modules_next_dist_f3530cac._.js:2297
[    6371ms] [LOG] [HMR] connected @ http://localhost:3000/_next/static/chunks/node_modules_next_dist_f3530cac._.js:2297
[   11461ms] [LOG] [Fast Refresh] rebuilding @ http://localhost:3000/_next/static/chunks/node_modules_next_dist_f3530cac._.js:2297
[   11504ms] [LOG] [Fast Refresh] done in 144ms @ http://localhost:3000/_next/static/chunks/node_modules_next_dist_f3530cac._.js:2297
[   24340ms] [INFO] %cDownload the React DevTools for a better development experience: https://react.dev/link/react-devtools font-weight:bold @ http://localhost:3000/_next/static/chunks/node_modules_next_dist_f3530cac._.js:2297
[   24437ms] [LOG] [HMR] connected @ http://localhost:3000/_next/static/chunks/node_modules_next_dist_f3530cac._.js:2297
[   24576ms] [LOG] [Fast Refresh] rebuilding @ http://localhost:3000/_next/static/chunks/node_modules_next_dist_f3530cac._.js:2297
[   24591ms] [LOG] [Fast Refresh] done in 117ms @ http://localhost:3000/_next/static/chunks/node_modules_next_dist_f3530cac._.js:2297
[   28733ms] [INFO] %cDownload the React DevTools for a better development experience: https://react.dev/link/react-devtools font-weight:bold @ http://localhost:3000/_next/static/chunks/node_modules_next_dist_f3530cac._.js:2297
[   28772ms] [LOG] [HMR] connected @ http://localhost:3000/_next/static/chunks/node_modules_next_dist_f3530cac._.js:2297
[   55529ms] [LOG] [Fast Refresh] rebuilding @ http://localhost:3000/_next/static/chunks/node_modules_next_dist_f3530cac._.js:2297
[   55706ms] [LOG] [Fast Refresh] done in 278ms @ http://localhost:3000/_next/static/chunks/node_modules_next_dist_f3530cac._.js:2297
[   95967ms] [ERROR] %o

%s Error: {message: ..., details: ..., hint: "", code: ...}
    at resolveErrorDev (http://localhost:3000/_next/static/chunks/node_modules_next_dist_compiled_react-server-dom-turbopack_9212ccad._.js:1894:148)
    at processFullStringRow (http://localhost:3000/_next/static/chunks/node_modules_next_dist_compiled_react-server-dom-turbopack_9212ccad._.js:2402:29)
    at processFullBinaryRow (http://localhost:3000/_next/static/chunks/node_modules_next_dist_compiled_react-server-dom-turbopack_9212ccad._.js:2361:9)
    at processBinaryChunk (http://localhost:3000/_next/static/chunks/node_modules_next_dist_compiled_react-server-dom-turbopack_9212ccad._.js:2470:221)
    at progress (http://localhost:3000/_next/static/chunks/node_modules_next_dist_compiled_react-server-dom-turbopack_9212ccad._.js:2640:13) The above error occurred in the <ContractDetailPage> component. It was handled by the <ErrorBoundaryHandler> error boundary. @ http://localhost:3000/_next/static/chunks/node_modules_next_dist_client_17643121._.js:1342
[   95996ms] [ERROR] [dashboard error boundary] Error: {message: ..., details: ..., hint: "", code: ...}
    at resolveErrorDev (http://localhost:3000/_next/static/chunks/node_modules_next_dist_compiled_react-server-dom-turbopack_9212ccad._.js:1894:148)
    at processFullStringRow (http://localhost:3000/_next/static/chunks/node_modules_next_dist_compiled_react-server-dom-turbopack_9212ccad._.js:2402:29)
    at processFullBinaryRow (http://localhost:3000/_next/static/chunks/node_modules_next_dist_compiled_react-server-dom-turbopack_9212ccad._.js:2361:9)
    at processBinaryChunk (http://localhost:3000/_next/static/chunks/node_modules_next_dist_compiled_react-server-dom-turbopack_9212ccad._.js:2470:221)
    at progress (http://localhost:3000/_next/static/chunks/node_modules_next_dist_compiled_react-server-dom-turbopack_9212ccad._.js:2640:13) @ http://localhost:3000/_next/static/chunks/node_modules_next_dist_f3530cac._.js:3127
[   95996ms] [ERROR] [dashboard error boundary] Error: {message: ..., details: ..., hint: "", code: ...}
    at resolveErrorDev (http://localhost:3000/_next/static/chunks/node_modules_next_dist_compiled_react-server-dom-turbopack_9212ccad._.js:1894:148)
    at processFullStringRow (http://localhost:3000/_next/static/chunks/node_modules_next_dist_compiled_react-server-dom-turbopack_9212ccad._.js:2402:29)
    at processFullBinaryRow (http://localhost:3000/_next/static/chunks/node_modules_next_dist_compiled_react-server-dom-turbopack_9212ccad._.js:2361:9)
    at processBinaryChunk (http://localhost:3000/_next/static/chunks/node_modules_next_dist_compiled_react-server-dom-turbopack_9212ccad._.js:2470:221)
    at progress (http://localhost:3000/_next/static/chunks/node_modules_next_dist_compiled_react-server-dom-turbopack_9212ccad._.js:2640:13) @ http://localhost:3000/_next/static/chunks/node_modules_next_dist_f3530cac._.js:3127
[  107119ms] [LOG] [Fast Refresh] rebuilding @ http://localhost:3000/_next/static/chunks/node_modules_next_dist_f3530cac._.js:2297
[  107277ms] [LOG] [Fast Refresh] done in 260ms @ http://localhost:3000/_next/static/chunks/node_modules_next_dist_f3530cac._.js:2297
[  109348ms] [LOG] [Fast Refresh] rebuilding @ http://localhost:3000/_next/static/chunks/node_modules_next_dist_f3530cac._.js:2297
[  109353ms] [LOG] [Fast Refresh] done in 106ms @ http://localhost:3000/_next/static/chunks/node_modules_next_dist_f3530cac._.js:2297
[  111569ms] [LOG] [Fast Refresh] rebuilding @ http://localhost:3000/_next/static/chunks/node_modules_next_dist_f3530cac._.js:2297
[  111617ms] [LOG] [Fast Refresh] done in 149ms @ http://localhost:3000/_next/static/chunks/node_modules_next_dist_f3530cac._.js:2297
[  123668ms] [LOG] [Fast Refresh] rebuilding @ http://localhost:3000/_next/static/chunks/node_modules_next_dist_f3530cac._.js:2297
[  124340ms] [LOG] [Fast Refresh] done in 773ms @ http://localhost:3000/_next/static/chunks/node_modules_next_dist_f3530cac._.js:2297
[  167987ms] [VERBOSE] [DOM] Input elements should have autocomplete attributes (suggested: "current-password"): (More info: https://goo.gl/9p2vKq) %o @ http://localhost:3000/login:0
[  168007ms] [INFO] %cDownload the React DevTools for a better development experience: https://react.dev/link/react-devtools font-weight:bold @ http://localhost:3000/_next/static/chunks/node_modules_next_dist_f3530cac._.js:2297
[  168065ms] [LOG] [HMR] connected @ http://localhost:3000/_next/static/chunks/node_modules_next_dist_f3530cac._.js:2297
[  169200ms] [INFO] %cDownload the React DevTools for a better development experience: https://react.dev/link/react-devtools font-weight:bold @ http://localhost:3000/_next/static/chunks/node_modules_next_dist_f3530cac._.js:2297
[  169218ms] [LOG] [HMR] connected @ http://localhost:3000/_next/static/chunks/node_modules_next_dist_f3530cac._.js:2297
[  225336ms] [LOG] [Fast Refresh] rebuilding @ http://localhost:3000/_next/static/chunks/node_modules_next_dist_f3530cac._.js:2297
[  225365ms] [LOG] [Fast Refresh] done in 130ms @ http://localhost:3000/_next/static/chunks/node_modules_next_dist_f3530cac._.js:2297
[  293996ms] [LOG] [Fast Refresh] rebuilding @ http://localhost:3000/_next/static/chunks/node_modules_next_dist_f3530cac._.js:2297
[  294374ms] [LOG] [Fast Refresh] done in 461ms @ http://localhost:3000/_next/static/chunks/node_modules_next_dist_f3530cac._.js:2297
[  294949ms] [LOG] [Fast Refresh] rebuilding @ http://localhost:3000/_next/static/chunks/node_modules_next_dist_f3530cac._.js:2297
[  295155ms] [LOG] [Fast Refresh] done in 308ms @ http://localhost:3000/_next/static/chunks/node_modules_next_dist_f3530cac._.js:2297
[  299218ms] [LOG] [Fast Refresh] rebuilding @ http://localhost:3000/_next/static/chunks/node_modules_next_dist_f3530cac._.js:2297
[  299237ms] [LOG] [Fast Refresh] done in 120ms @ http://localhost:3000/_next/static/chunks/node_modules_next_dist_f3530cac._.js:2297
[  309220ms] [LOG] [Fast Refresh] rebuilding @ http://localhost:3000/_next/static/chunks/node_modules_next_dist_f3530cac._.js:2297
[  309388ms] [LOG] [Fast Refresh] done in 223ms @ http://localhost:3000/_next/static/chunks/node_modules_next_dist_f3530cac._.js:2297
[  328976ms] [LOG] [Fast Refresh] rebuilding @ http://localhost:3000/_next/static/chunks/node_modules_next_dist_f3530cac._.js:2297
[  329008ms] [LOG] [Fast Refresh] done in 136ms @ http://localhost:3000/_next/static/chunks/node_modules_next_dist_f3530cac._.js:2297
[  350483ms] [LOG] [Fast Refresh] rebuilding @ http://localhost:3000/_next/static/chunks/node_modules_next_dist_f3530cac._.js:2297
[  350524ms] [LOG] [Fast Refresh] done in 115ms @ http://localhost:3000/_next/static/chunks/node_modules_next_dist_f3530cac._.js:2297
[  351241ms] [LOG] [Fast Refresh] rebuilding @ http://localhost:3000/_next/static/chunks/node_modules_next_dist_f3530cac._.js:2297
[  351539ms] [LOG] [Fast Refresh] done in 399ms @ http://localhost:3000/_next/static/chunks/node_modules_next_dist_f3530cac._.js:2297
[  351785ms] [LOG] [Fast Refresh] rebuilding @ http://localhost:3000/_next/static/chunks/node_modules_next_dist_f3530cac._.js:2297
[  351847ms] [LOG] [Fast Refresh] done in 164ms @ http://localhost:3000/_next/static/chunks/node_modules_next_dist_f3530cac._.js:2297
[  353021ms] [LOG] [Fast Refresh] rebuilding @ http://localhost:3000/_next/static/chunks/node_modules_next_dist_f3530cac._.js:2297
[  353058ms] [LOG] [Fast Refresh] done in 139ms @ http://localhost:3000/_next/static/chunks/node_modules_next_dist_f3530cac._.js:2297
[  353109ms] [LOG] [Fast Refresh] rebuilding @ http://localhost:3000/_next/static/chunks/node_modules_next_dist_f3530cac._.js:2297
[  353279ms] [LOG] [Fast Refresh] done in 220ms @ http://localhost:3000/_next/static/chunks/node_modules_next_dist_f3530cac._.js:2297
[  353436ms] [LOG] [Fast Refresh] rebuilding @ http://localhost:3000/_next/static/chunks/node_modules_next_dist_f3530cac._.js:2297
[  353622ms] [LOG] [Fast Refresh] done in 286ms @ http://localhost:3000/_next/static/chunks/node_modules_next_dist_f3530cac._.js:2297
[  353817ms] [LOG] [Fast Refresh] rebuilding @ http://localhost:3000/_next/static/chunks/node_modules_next_dist_f3530cac._.js:2297
[  353846ms] [LOG] [Fast Refresh] done in 130ms @ http://localhost:3000/_next/static/chunks/node_modules_next_dist_f3530cac._.js:2297
[  356177ms] [LOG] [Fast Refresh] rebuilding @ http://localhost:3000/_next/static/chunks/node_modules_next_dist_f3530cac._.js:2297
[  356179ms] [LOG] [Fast Refresh] done in 102ms @ http://localhost:3000/_next/static/chunks/node_modules_next_dist_f3530cac._.js:2297
[  361108ms] [LOG] [Fast Refresh] rebuilding @ http://localhost:3000/_next/static/chunks/node_modules_next_dist_f3530cac._.js:2297
[  361229ms] [LOG] [Fast Refresh] done in 223ms @ http://localhost:3000/_next/static/chunks/node_modules_next_dist_f3530cac._.js:2297
[  419645ms] [LOG] [Fast Refresh] rebuilding @ http://localhost:3000/_next/static/chunks/node_modules_next_dist_f3530cac._.js:2297
[  419798ms] [LOG] [Fast Refresh] done in 207ms @ http://localhost:3000/_next/static/chunks/node_modules_next_dist_f3530cac._.js:2297
[  420506ms] [LOG] [Fast Refresh] rebuilding @ http://localhost:3000/_next/static/chunks/node_modules_next_dist_f3530cac._.js:2297
[  420796ms] [LOG] [Fast Refresh] done in 392ms @ http://localhost:3000/_next/static/chunks/node_modules_next_dist_f3530cac._.js:2297
[  420995ms] [LOG] [Fast Refresh] rebuilding @ http://localhost:3000/_next/static/chunks/node_modules_next_dist_f3530cac._.js:2297
[  421168ms] [LOG] [Fast Refresh] done in 275ms @ http://localhost:3000/_next/static/chunks/node_modules_next_dist_f3530cac._.js:2297
[  442447ms] [LOG] [Fast Refresh] rebuilding @ http://localhost:3000/_next/static/chunks/node_modules_next_dist_f3530cac._.js:2297
[  442614ms] [LOG] [Fast Refresh] done in 269ms @ http://localhost:3000/_next/static/chunks/node_modules_next_dist_f3530cac._.js:2297
[  462122ms] [LOG] [Fast Refresh] rebuilding @ http://localhost:3000/_next/static/chunks/node_modules_next_dist_f3530cac._.js:2297
[  462315ms] [LOG] [Fast Refresh] done in 251ms @ http://localhost:3000/_next/static/chunks/node_modules_next_dist_f3530cac._.js:2297
[  462853ms] [LOG] [Fast Refresh] rebuilding @ http://localhost:3000/_next/static/chunks/node_modules_next_dist_f3530cac._.js:2297
[  463059ms] [LOG] [Fast Refresh] done in 309ms @ http://localhost:3000/_next/static/chunks/node_modules_next_dist_f3530cac._.js:2297
[  463193ms] [LOG] [Fast Refresh] rebuilding @ http://localhost:3000/_next/static/chunks/node_modules_next_dist_f3530cac._.js:2297
[  463473ms] [LOG] [Fast Refresh] done in 381ms @ http://localhost:3000/_next/static/chunks/node_modules_next_dist_f3530cac._.js:2297
[  471072ms] [LOG] [Fast Refresh] rebuilding @ http://localhost:3000/_next/static/chunks/node_modules_next_dist_f3530cac._.js:2297
[  471162ms] [LOG] [Fast Refresh] done in 192ms @ http://localhost:3000/_next/static/chunks/node_modules_next_dist_f3530cac._.js:2297
[  473926ms] [LOG] [Fast Refresh] rebuilding @ http://localhost:3000/_next/static/chunks/node_modules_next_dist_f3530cac._.js:2297
[  474218ms] [LOG] [Fast Refresh] done in 396ms @ http://localhost:3000/_next/static/chunks/node_modules_next_dist_f3530cac._.js:2297
[  474397ms] [LOG] [Fast Refresh] rebuilding @ http://localhost:3000/_next/static/chunks/node_modules_next_dist_f3530cac._.js:2297
[  474451ms] [LOG] [Fast Refresh] done in 154ms @ http://localhost:3000/_next/static/chunks/node_modules_next_dist_f3530cac._.js:2297
[  479080ms] [ERROR] WebSocket connection to 'ws://localhost:3000/_next/webpack-hmr?id=3RBx_zC_fEpQmPYxCXLA7' failed: Error in connection establishment: net::ERR_CONNECTION_REFUSED @ http://localhost:3000/_next/static/chunks/node_modules_next_dist_client_17643121._.js:10878
[  480084ms] [ERROR] WebSocket connection to 'ws://localhost:3000/_next/webpack-hmr?id=3RBx_zC_fEpQmPYxCXLA7' failed: Error in connection establishment: net::ERR_CONNECTION_REFUSED @ http://localhost:3000/_next/static/chunks/node_modules_next_dist_client_17643121._.js:10878
[  481089ms] [ERROR] WebSocket connection to 'ws://localhost:3000/_next/webpack-hmr?id=3RBx_zC_fEpQmPYxCXLA7' failed: Error in connection establishment: net::ERR_CONNECTION_REFUSED @ http://localhost:3000/_next/static/chunks/node_modules_next_dist_client_17643121._.js:10878
[  482091ms] [ERROR] WebSocket connection to 'ws://localhost:3000/_next/webpack-hmr?id=3RBx_zC_fEpQmPYxCXLA7' failed: Error in connection establishment: net::ERR_CONNECTION_REFUSED @ http://localhost:3000/_next/static/chunks/node_modules_next_dist_client_17643121._.js:10878
[  483386ms] [LOG] [HMR] connected @ http://localhost:3000/_next/static/chunks/node_modules_next_dist_f3530cac._.js:2297
[  485352ms] [INFO] %cDownload the React DevTools for a better development experience: https://react.dev/link/react-devtools font-weight:bold @ http://localhost:3000/_next/static/chunks/node_modules_next_dist_f3530cac._.js:2297
[  485372ms] [LOG] [HMR] connected @ http://localhost:3000/_next/static/chunks/node_modules_next_dist_f3530cac._.js:2297
[  485697ms] [LOG] [Fast Refresh] rebuilding @ http://localhost:3000/_next/static/chunks/node_modules_next_dist_f3530cac._.js:2297
[  485700ms] [LOG] [Fast Refresh] done in 105ms @ http://localhost:3000/_next/static/chunks/node_modules_next_dist_f3530cac._.js:2297
[  488577ms] [ERROR] WebSocket connection to 'ws://localhost:3000/_next/webpack-hmr?id=SU4UVsOBHnyfHY4YuJWKl' failed: Error in connection establishment: net::ERR_CONNECTION_REFUSED @ http://localhost:3000/_next/static/chunks/node_modules_next_dist_client_17643121._.js:10878
[  489582ms] [ERROR] WebSocket connection to 'ws://localhost:3000/_next/webpack-hmr?id=SU4UVsOBHnyfHY4YuJWKl' failed: Error in connection establishment: net::ERR_CONNECTION_REFUSED @ http://localhost:3000/_next/static/chunks/node_modules_next_dist_client_17643121._.js:10878
[  490584ms] [ERROR] WebSocket connection to 'ws://localhost:3000/_next/webpack-hmr?id=SU4UVsOBHnyfHY4YuJWKl' failed: Error in connection establishment: net::ERR_CONNECTION_REFUSED @ http://localhost:3000/_next/static/chunks/node_modules_next_dist_client_17643121._.js:10878
[  491587ms] [ERROR] WebSocket connection to 'ws://localhost:3000/_next/webpack-hmr?id=SU4UVsOBHnyfHY4YuJWKl' failed: Error in connection establishment: net::ERR_CONNECTION_REFUSED @ http://localhost:3000/_next/static/chunks/node_modules_next_dist_client_17643121._.js:10878
[  492591ms] [ERROR] WebSocket connection to 'ws://localhost:3000/_next/webpack-hmr?id=SU4UVsOBHnyfHY4YuJWKl' failed: Error in connection establishment: net::ERR_CONNECTION_REFUSED @ http://localhost:3000/_next/static/chunks/node_modules_next_dist_client_17643121._.js:10878
[  497616ms] [LOG] [HMR] connected @ http://localhost:3000/_next/static/chunks/node_modules_next_dist_f3530cac._.js:2297
[  500155ms] [INFO] %cDownload the React DevTools for a better development experience: https://react.dev/link/react-devtools font-weight:bold @ http://localhost:3000/_next/static/chunks/node_modules_next_dist_f3530cac._.js:2297
[  500237ms] [LOG] [HMR] connected @ http://localhost:3000/_next/static/chunks/node_modules_next_dist_f3530cac._.js:2297
[  500629ms] [LOG] [Fast Refresh] rebuilding @ http://localhost:3000/_next/static/chunks/node_modules_next_dist_f3530cac._.js:2297
[  501070ms] [LOG] [Fast Refresh] done in 552ms @ http://localhost:3000/_next/static/chunks/node_modules_next_dist_f3530cac._.js:2297
[  503988ms] [LOG] [Fast Refresh] rebuilding @ http://localhost:3000/_next/static/chunks/node_modules_next_dist_f3530cac._.js:2297
[  504016ms] [LOG] [Fast Refresh] done in 130ms @ http://localhost:3000/_next/static/chunks/node_modules_next_dist_f3530cac._.js:2297
[  527592ms] [LOG] [Fast Refresh] rebuilding @ http://localhost:3000/_next/static/chunks/node_modules_next_dist_f3530cac._.js:2297
[  527598ms] [LOG] [Fast Refresh] done in 109ms @ http://localhost:3000/_next/static/chunks/node_modules_next_dist_f3530cac._.js:2297
[  547776ms] [LOG] [Fast Refresh] rebuilding @ http://localhost:3000/_next/static/chunks/node_modules_next_dist_f3530cac._.js:2297
[  547866ms] [LOG] [Fast Refresh] done in 193ms @ http://localhost:3000/_next/static/chunks/node_modules_next_dist_f3530cac._.js:2297
[  551958ms] [LOG] [Fast Refresh] rebuilding @ http://localhost:3000/_next/static/chunks/node_modules_next_dist_f3530cac._.js:2297
[  551995ms] [LOG] [Fast Refresh] done in 137ms @ http://localhost:3000/_next/static/chunks/node_modules_next_dist_f3530cac._.js:2297
[  557797ms] [LOG] [Fast Refresh] rebuilding @ http://localhost:3000/_next/static/chunks/node_modules_next_dist_f3530cac._.js:2297
[  557804ms] [LOG] [Fast Refresh] done in 110ms @ http://localhost:3000/_next/static/chunks/node_modules_next_dist_f3530cac._.js:2297
[  558571ms] [LOG] [Fast Refresh] rebuilding @ http://localhost:3000/_next/static/chunks/node_modules_next_dist_f3530cac._.js:2297
[  558579ms] [LOG] [Fast Refresh] done in 109ms @ http://localhost:3000/_next/static/chunks/node_modules_next_dist_f3530cac._.js:2297
[  559958ms] [LOG] [Fast Refresh] rebuilding @ http://localhost:3000/_next/static/chunks/node_modules_next_dist_f3530cac._.js:2297
[  560010ms] [LOG] [Fast Refresh] done in 154ms @ http://localhost:3000/_next/static/chunks/node_modules_next_dist_f3530cac._.js:2297
[  564539ms] [LOG] [Fast Refresh] rebuilding @ http://localhost:3000/_next/static/chunks/node_modules_next_dist_f3530cac._.js:2297
[  565199ms] [LOG] [Fast Refresh] done in 761ms @ http://localhost:3000/_next/static/chunks/node_modules_next_dist_f3530cac._.js:2297
[  567207ms] [LOG] [Fast Refresh] rebuilding @ http://localhost:3000/_next/static/chunks/node_modules_next_dist_f3530cac._.js:2297
[  567242ms] [LOG] [Fast Refresh] done in 137ms @ http://localhost:3000/_next/static/chunks/node_modules_next_dist_f3530cac._.js:2297
[  568368ms] [LOG] [Fast Refresh] rebuilding @ http://localhost:3000/_next/static/chunks/node_modules_next_dist_f3530cac._.js:2297
[  568405ms] [LOG] [Fast Refresh] done in 138ms @ http://localhost:3000/_next/static/chunks/node_modules_next_dist_f3530cac._.js:2297
[  580014ms] [LOG] [Fast Refresh] rebuilding @ http://localhost:3000/_next/static/chunks/node_modules_next_dist_f3530cac._.js:2297
[  580136ms] [LOG] [Fast Refresh] done in 224ms @ http://localhost:3000/_next/static/chunks/node_modules_next_dist_f3530cac._.js:2297
[  623697ms] [LOG] [Fast Refresh] rebuilding @ http://localhost:3000/_next/static/chunks/node_modules_next_dist_f3530cac._.js:2297
[  626297ms] [LOG] [Fast Refresh] done in 2702ms @ http://localhost:3000/_next/static/chunks/node_modules_next_dist_f3530cac._.js:2297
[  626400ms] [LOG] [Fast Refresh] rebuilding @ http://localhost:3000/_next/static/chunks/node_modules_next_dist_f3530cac._.js:2297
[  626419ms] [LOG] [Fast Refresh] done in 120ms @ http://localhost:3000/_next/static/chunks/node_modules_next_dist_f3530cac._.js:2297
[  626825ms] [LOG] [Fast Refresh] rebuilding @ http://localhost:3000/_next/static/chunks/node_modules_next_dist_f3530cac._.js:2297
[  626826ms] [LOG] [Fast Refresh] done in 103ms @ http://localhost:3000/_next/static/chunks/node_modules_next_dist_f3530cac._.js:2297
[  628377ms] [LOG] [Fast Refresh] rebuilding @ http://localhost:3000/_next/static/chunks/node_modules_next_dist_f3530cac._.js:2297
[  628528ms] [LOG] [Fast Refresh] done in 252ms @ http://localhost:3000/_next/static/chunks/node_modules_next_dist_f3530cac._.js:2297
[  672139ms] [LOG] [Fast Refresh] rebuilding @ http://localhost:3000/_next/static/chunks/node_modules_next_dist_f3530cac._.js:2297
[  673157ms] [LOG] [Fast Refresh] done in 1118ms @ http://localhost:3000/_next/static/chunks/node_modules_next_dist_f3530cac._.js:2297
[  772268ms] [ERROR] WebSocket connection to 'ws://localhost:3000/_next/webpack-hmr?id=Okf6iOM4OqQfAO0_sPoEj' failed: Error in connection establishment: net::ERR_CONNECTION_REFUSED @ http://localhost:3000/_next/static/chunks/node_modules_next_dist_client_17643121._.js:10878
[  773271ms] [ERROR] WebSocket connection to 'ws://localhost:3000/_next/webpack-hmr?id=Okf6iOM4OqQfAO0_sPoEj' failed: Error in connection establishment: net::ERR_CONNECTION_REFUSED @ http://localhost:3000/_next/static/chunks/node_modules_next_dist_client_17643121._.js:10878
[  774275ms] [ERROR] WebSocket connection to 'ws://localhost:3000/_next/webpack-hmr?id=Okf6iOM4OqQfAO0_sPoEj' failed: Error in connection establishment: net::ERR_CONNECTION_REFUSED @ http://localhost:3000/_next/static/chunks/node_modules_next_dist_client_17643121._.js:10878
[  775278ms] [ERROR] WebSocket connection to 'ws://localhost:3000/_next/webpack-hmr?id=Okf6iOM4OqQfAO0_sPoEj' failed: Error in connection establishment: net::ERR_CONNECTION_REFUSED @ http://localhost:3000/_next/static/chunks/node_modules_next_dist_client_17643121._.js:10878
[  776281ms] [ERROR] WebSocket connection to 'ws://localhost:3000/_next/webpack-hmr?id=Okf6iOM4OqQfAO0_sPoEj' failed: Error in connection establishment: net::ERR_CONNECTION_REFUSED @ http://localhost:3000/_next/static/chunks/node_modules_next_dist_client_17643121._.js:10878
[  781299ms] [ERROR] WebSocket connection to 'ws://localhost:3000/_next/webpack-hmr?id=Okf6iOM4OqQfAO0_sPoEj' failed: Error in connection establishment: net::ERR_CONNECTION_REFUSED @ http://localhost:3000/_next/static/chunks/node_modules_next_dist_client_17643121._.js:10878
[  786313ms] [ERROR] WebSocket connection to 'ws://localhost:3000/_next/webpack-hmr?id=Okf6iOM4OqQfAO0_sPoEj' failed: Error in connection establishment: net::ERR_CONNECTION_REFUSED @ http://localhost:3000/_next/static/chunks/node_modules_next_dist_client_17643121._.js:10878
[  791335ms] [ERROR] WebSocket connection to 'ws://localhost:3000/_next/webpack-hmr?id=Okf6iOM4OqQfAO0_sPoEj' failed: Error in connection establishment: net::ERR_CONNECTION_REFUSED @ http://localhost:3000/_next/static/chunks/node_modules_next_dist_client_17643121._.js:10878
[  796375ms] [ERROR] WebSocket connection to 'ws://localhost:3000/_next/webpack-hmr?id=Okf6iOM4OqQfAO0_sPoEj' failed: Error in connection establishment: net::ERR_CONNECTION_REFUSED @ http://localhost:3000/_next/static/chunks/node_modules_next_dist_client_17643121._.js:10878
[  801438ms] [ERROR] WebSocket connection to 'ws://localhost:3000/_next/webpack-hmr?id=Okf6iOM4OqQfAO0_sPoEj' failed: Error in connection establishment: net::ERR_CONNECTION_REFUSED @ http://localhost:3000/_next/static/chunks/node_modules_next_dist_client_17643121._.js:10878
[  806559ms] [ERROR] WebSocket connection to 'ws://localhost:3000/_next/webpack-hmr?id=Okf6iOM4OqQfAO0_sPoEj' failed: Error in connection establishment: net::ERR_CONNECTION_REFUSED @ http://localhost:3000/_next/static/chunks/node_modules_next_dist_client_17643121._.js:10878
[  811840ms] [ERROR] WebSocket connection to 'ws://localhost:3000/_next/webpack-hmr?id=Okf6iOM4OqQfAO0_sPoEj' failed: Error in connection establishment: net::ERR_CONNECTION_REFUSED @ http://localhost:3000/_next/static/chunks/node_modules_next_dist_client_17643121._.js:10878
[27408853ms] [INFO] %cDownload the React DevTools for a better development experience: https://react.dev/link/react-devtools font-weight:bold @ http://localhost:3000/_next/static/chunks/node_modules_next_dist_f3530cac._.js:2297
[27408990ms] [LOG] [HMR] connected @ http://localhost:3000/_next/static/chunks/node_modules_next_dist_f3530cac._.js:2297
[27409129ms] [LOG] [Fast Refresh] rebuilding @ http://localhost:3000/_next/static/chunks/node_modules_next_dist_f3530cac._.js:2297
[27410356ms] [LOG] [Fast Refresh] done in 1333ms @ http://localhost:3000/_next/static/chunks/node_modules_next_dist_f3530cac._.js:2297
[27411039ms] [LOG] [Fast Refresh] rebuilding @ http://localhost:3000/_next/static/chunks/node_modules_next_dist_f3530cac._.js:2297
[27411153ms] [LOG] [Fast Refresh] done in 237ms @ http://localhost:3000/_next/static/chunks/node_modules_next_dist_f3530cac._.js:2297
[27415956ms] [LOG] [Fast Refresh] rebuilding @ http://localhost:3000/_next/static/chunks/node_modules_next_dist_f3530cac._.js:2297
[27416765ms] [ERROR] IntlError: MISSING_MESSAGE: Could not resolve `Nav.myPerformance` in messages for locale `en`.
    at getFallbackFromErrorAndNotify (http://localhost:3000/_next/static/chunks/node_modules_5faecd26._.js:4921:23)
    at translateBaseFn (http://localhost:3000/_next/static/chunks/node_modules_5faecd26._.js:4951:28)
    at translateFn (http://localhost:3000/_next/static/chunks/node_modules_5faecd26._.js:4979:24)
    at http://localhost:3000/_next/static/chunks/src_5b367b92._.js:1144:63
    at Array.map (<anonymous>)
    at http://localhost:3000/_next/static/chunks/src_5b367b92._.js:1141:64
    at Array.map (<anonymous>)
    at Sidebar (http://localhost:3000/_next/static/chunks/src_5b367b92._.js:1125:166)
    at Object.react_stack_bottom_frame (http://localhost:3000/_next/static/chunks/node_modules_next_dist_compiled_react-dom_1e674e59._.js:14826:24)
    at renderWithHooks (http://localhost:3000/_next/static/chunks/node_modules_next_dist_compiled_react-dom_1e674e59._.js:4651:24)
    at updateFunctionComponent (http://localhost:3000/_next/static/chunks/node_modules_next_dist_compiled_react-dom_1e674e59._.js:6112:21)
    at beginWork (http://localhost:3000/_next/static/chunks/node_modules_next_dist_compiled_react-dom_1e674e59._.js:6708:24)
    at runWithFiberInDEV (http://localhost:3000/_next/static/chunks/node_modules_next_dist_compiled_react-dom_1e674e59._.js:965:74)
    at performUnitOfWork (http://localhost:3000/_next/static/chunks/node_modules_next_dist_compiled_react-dom_1e674e59._.js:9562:97)
    at workLoopConcurrentByScheduler (http://localhost:3000/_next/static/chunks/node_modules_next_dist_compiled_react-dom_1e674e59._.js:9558:58)
    at renderRootConcurrent (http://localhost:3000/_next/static/chunks/node_modules_next_dist_compiled_react-dom_1e674e59._.js:9541:71)
    at performWorkOnRoot (http://localhost:3000/_next/static/chunks/node_modules_next_dist_compiled_react-dom_1e674e59._.js:9068:150)
    at performWorkOnRootViaSchedulerTask (http://localhost:3000/_next/static/chunks/node_modules_next_dist_compiled_react-dom_1e674e59._.js:10230:9)
    at MessagePort.performWorkUntilDeadline (http://localhost:3000/_next/static/chunks/node_modules_next_dist_compiled_a0e4c7b4._.js:2647:64) @ http://localhost:3000/_next/static/chunks/node_modules_next_dist_f3530cac._.js:3127
[27416784ms] [ERROR] IntlError: MISSING_MESSAGE: Could not resolve `Nav.myPerformance` in messages for locale `en`.
    at getFallbackFromErrorAndNotify (http://localhost:3000/_next/static/chunks/node_modules_5faecd26._.js:4921:23)
    at translateBaseFn (http://localhost:3000/_next/static/chunks/node_modules_5faecd26._.js:4951:28)
    at translateFn (http://localhost:3000/_next/static/chunks/node_modules_5faecd26._.js:4979:24)
    at http://localhost:3000/_next/static/chunks/src_5b367b92._.js:1144:63
    at Array.map (<anonymous>)
    at http://localhost:3000/_next/static/chunks/src_5b367b92._.js:1141:64
    at Array.map (<anonymous>)
    at Sidebar (http://localhost:3000/_next/static/chunks/src_5b367b92._.js:1125:166)
    at Object.react_stack_bottom_frame (http://localhost:3000/_next/static/chunks/node_modules_next_dist_compiled_react-dom_1e674e59._.js:14826:24)
    at renderWithHooksAgain (http://localhost:3000/_next/static/chunks/node_modules_next_dist_compiled_react-dom_1e674e59._.js:4706:24)
    at renderWithHooks (http://localhost:3000/_next/static/chunks/node_modules_next_dist_compiled_react-dom_1e674e59._.js:4657:28)
    at updateFunctionComponent (http://localhost:3000/_next/static/chunks/node_modules_next_dist_compiled_react-dom_1e674e59._.js:6112:21)
    at beginWork (http://localhost:3000/_next/static/chunks/node_modules_next_dist_compiled_react-dom_1e674e59._.js:6708:24)
    at runWithFiberInDEV (http://localhost:3000/_next/static/chunks/node_modules_next_dist_compiled_react-dom_1e674e59._.js:965:74)
    at performUnitOfWork (http://localhost:3000/_next/static/chunks/node_modules_next_dist_compiled_react-dom_1e674e59._.js:9562:97)
    at workLoopConcurrentByScheduler (http://localhost:3000/_next/static/chunks/node_modules_next_dist_compiled_react-dom_1e674e59._.js:9558:58)
    at renderRootConcurrent (http://localhost:3000/_next/static/chunks/node_modules_next_dist_compiled_react-dom_1e674e59._.js:9541:71)
    at performWorkOnRoot (http://localhost:3000/_next/static/chunks/node_modules_next_dist_compiled_react-dom_1e674e59._.js:9068:150)
    at performWorkOnRootViaSchedulerTask (http://localhost:3000/_next/static/chunks/node_modules_next_dist_compiled_react-dom_1e674e59._.js:10230:9)
    at MessagePort.performWorkUntilDeadline (http://localhost:3000/_next/static/chunks/node_modules_next_dist_compiled_a0e4c7b4._.js:2647:64) @ http://localhost:3000/_next/static/chunks/node_modules_next_dist_f3530cac._.js:3127
[27416818ms] [ERROR] IntlError: MISSING_MESSAGE: Could not resolve `Nav.myPerformance` in messages for locale `en`.
    at getFallbackFromErrorAndNotify (http://localhost:3000/_next/static/chunks/node_modules_5faecd26._.js:4921:23)
    at translateBaseFn (http://localhost:3000/_next/static/chunks/node_modules_5faecd26._.js:4951:28)
    at translateFn (http://localhost:3000/_next/static/chunks/node_modules_5faecd26._.js:4979:24)
    at http://localhost:3000/_next/static/chunks/src_5b367b92._.js:1144:63
    at Array.map (<anonymous>)
    at http://localhost:3000/_next/static/chunks/src_5b367b92._.js:1141:64
    at Array.map (<anonymous>)
    at Sidebar (http://localhost:3000/_next/static/chunks/src_5b367b92._.js:1125:166)
    at Object.react_stack_bottom_frame (http://localhost:3000/_next/static/chunks/node_modules_next_dist_compiled_react-dom_1e674e59._.js:14826:24)
    at renderWithHooks (http://localhost:3000/_next/static/chunks/node_modules_next_dist_compiled_react-dom_1e674e59._.js:4651:24)
    at updateFunctionComponent (http://localhost:3000/_next/static/chunks/node_modules_next_dist_compiled_react-dom_1e674e59._.js:6112:21)
    at beginWork (http://localhost:3000/_next/static/chunks/node_modules_next_dist_compiled_react-dom_1e674e59._.js:6708:24)
    at runWithFiberInDEV (http://localhost:3000/_next/static/chunks/node_modules_next_dist_compiled_react-dom_1e674e59._.js:965:74)
    at performUnitOfWork (http://localhost:3000/_next/static/chunks/node_modules_next_dist_compiled_react-dom_1e674e59._.js:9562:97)
    at workLoopConcurrentByScheduler (http://localhost:3000/_next/static/chunks/node_modules_next_dist_compiled_react-dom_1e674e59._.js:9558:58)
    at renderRootConcurrent (http://localhost:3000/_next/static/chunks/node_modules_next_dist_compiled_react-dom_1e674e59._.js:9541:71)
    at performWorkOnRoot (http://localhost:3000/_next/static/chunks/node_modules_next_dist_compiled_react-dom_1e674e59._.js:9068:150)
    at performWorkOnRootViaSchedulerTask (http://localhost:3000/_next/static/chunks/node_modules_next_dist_compiled_react-dom_1e674e59._.js:10230:9)
    at MessagePort.performWorkUntilDeadline (http://localhost:3000/_next/static/chunks/node_modules_next_dist_compiled_a0e4c7b4._.js:2647:64) @ http://localhost:3000/_next/static/chunks/node_modules_next_dist_f3530cac._.js:3127
[27416822ms] [ERROR] IntlError: MISSING_MESSAGE: Could not resolve `Nav.myPerformance` in messages for locale `en`.
    at getFallbackFromErrorAndNotify (http://localhost:3000/_next/static/chunks/node_modules_5faecd26._.js:4921:23)
    at translateBaseFn (http://localhost:3000/_next/static/chunks/node_modules_5faecd26._.js:4951:28)
    at translateFn (http://localhost:3000/_next/static/chunks/node_modules_5faecd26._.js:4979:24)
    at http://localhost:3000/_next/static/chunks/src_5b367b92._.js:1144:63
    at Array.map (<anonymous>)
    at http://localhost:3000/_next/static/chunks/src_5b367b92._.js:1141:64
    at Array.map (<anonymous>)
    at Sidebar (http://localhost:3000/_next/static/chunks/src_5b367b92._.js:1125:166)
    at Object.react_stack_bottom_frame (http://localhost:3000/_next/static/chunks/node_modules_next_dist_compiled_react-dom_1e674e59._.js:14826:24)
    at renderWithHooksAgain (http://localhost:3000/_next/static/chunks/node_modules_next_dist_compiled_react-dom_1e674e59._.js:4706:24)
    at renderWithHooks (http://localhost:3000/_next/static/chunks/node_modules_next_dist_compiled_react-dom_1e674e59._.js:4657:28)
    at updateFunctionComponent (http://localhost:3000/_next/static/chunks/node_modules_next_dist_compiled_react-dom_1e674e59._.js:6112:21)
    at beginWork (http://localhost:3000/_next/static/chunks/node_modules_next_dist_compiled_react-dom_1e674e59._.js:6708:24)
    at runWithFiberInDEV (http://localhost:3000/_next/static/chunks/node_modules_next_dist_compiled_react-dom_1e674e59._.js:965:74)
    at performUnitOfWork (http://localhost:3000/_next/static/chunks/node_modules_next_dist_compiled_react-dom_1e674e59._.js:9562:97)
    at workLoopConcurrentByScheduler (http://localhost:3000/_next/static/chunks/node_modules_next_dist_compiled_react-dom_1e674e59._.js:9558:58)
    at renderRootConcurrent (http://localhost:3000/_next/static/chunks/node_modules_next_dist_compiled_react-dom_1e674e59._.js:9541:71)
    at performWorkOnRoot (http://localhost:3000/_next/static/chunks/node_modules_next_dist_compiled_react-dom_1e674e59._.js:9068:150)
    at performWorkOnRootViaSchedulerTask (http://localhost:3000/_next/static/chunks/node_modules_next_dist_compiled_react-dom_1e674e59._.js:10230:9)
    at MessagePort.performWorkUntilDeadline (http://localhost:3000/_next/static/chunks/node_modules_next_dist_compiled_a0e4c7b4._.js:2647:64) @ http://localhost:3000/_next/static/chunks/node_modules_next_dist_f3530cac._.js:3127
[27417014ms] [ERROR] IntlError: MISSING_MESSAGE: Could not resolve `Nav.myPerformance` in messages for locale `en`.
    at getFallbackFromErrorAndNotify (http://localhost:3000/_next/static/chunks/node_modules_5faecd26._.js:4921:23)
    at translateBaseFn (http://localhost:3000/_next/static/chunks/node_modules_5faecd26._.js:4951:28)
    at translateFn (http://localhost:3000/_next/static/chunks/node_modules_5faecd26._.js:4979:24)
    at CommandPaletteProvider.useMemo[allCommands] (http://localhost:3000/_next/static/chunks/src_5b367b92._.js:3042:32)
    at updateMemo (http://localhost:3000/_next/static/chunks/node_modules_next_dist_compiled_react-dom_1e674e59._.js:5444:21)
    at Object.useMemo (http://localhost:3000/_next/static/chunks/node_modules_next_dist_compiled_react-dom_1e674e59._.js:15255:24)
    at exports.useMemo (http://localhost:3000/_next/static/chunks/node_modules_next_dist_compiled_a0e4c7b4._.js:1742:36)
    at CommandPaletteProvider (http://localhost:3000/_next/static/chunks/src_5b367b92._.js:3022:193)
    at Object.react_stack_bottom_frame (http://localhost:3000/_next/static/chunks/node_modules_next_dist_compiled_react-dom_1e674e59._.js:14826:24)
    at renderWithHooks (http://localhost:3000/_next/static/chunks/node_modules_next_dist_compiled_react-dom_1e674e59._.js:4651:24)
    at updateFunctionComponent (http://localhost:3000/_next/static/chunks/node_modules_next_dist_compiled_react-dom_1e674e59._.js:6112:21)
    at beginWork (http://localhost:3000/_next/static/chunks/node_modules_next_dist_compiled_react-dom_1e674e59._.js:6708:24)
    at runWithFiberInDEV (http://localhost:3000/_next/static/chunks/node_modules_next_dist_compiled_react-dom_1e674e59._.js:965:74)
    at performUnitOfWork (http://localhost:3000/_next/static/chunks/node_modules_next_dist_compiled_react-dom_1e674e59._.js:9562:97)
    at workLoopSync (http://localhost:3000/_next/static/chunks/node_modules_next_dist_compiled_react-dom_1e674e59._.js:9456:40)
    at renderRootSync (http://localhost:3000/_next/static/chunks/node_modules_next_dist_compiled_react-dom_1e674e59._.js:9440:13)
    at performWorkOnRoot (http://localhost:3000/_next/static/chunks/node_modules_next_dist_compiled_react-dom_1e674e59._.js:9068:186)
    at performSyncWorkOnRoot (http://localhost:3000/_next/static/chunks/node_modules_next_dist_compiled_react-dom_1e674e59._.js:10238:9)
    at flushSyncWorkAcrossRoots_impl (http://localhost:3000/_next/static/chunks/node_modules_next_dist_compiled_react-dom_1e674e59._.js:10154:316)
    at processRootScheduleInMicrotask (http://localhost:3000/_next/static/chunks/node_modules_next_dist_compiled_react-dom_1e674e59._.js:10175:106)
    at http://localhost:3000/_next/static/chunks/node_modules_next_dist_compiled_react-dom_1e674e59._.js:10249:158 @ http://localhost:3000/_next/static/chunks/node_modules_next_dist_f3530cac._.js:3127
[27417015ms] [ERROR] IntlError: MISSING_MESSAGE: Could not resolve `Nav.myPerformance` in messages for locale `en`.
    at getFallbackFromErrorAndNotify (http://localhost:3000/_next/static/chunks/node_modules_5faecd26._.js:4921:23)
    at translateBaseFn (http://localhost:3000/_next/static/chunks/node_modules_5faecd26._.js:4951:28)
    at translateFn (http://localhost:3000/_next/static/chunks/node_modules_5faecd26._.js:4979:24)
    at CommandPaletteProvider.useMemo[allCommands] (http://localhost:3000/_next/static/chunks/src_5b367b92._.js:3042:32)
    at updateMemo (http://localhost:3000/_next/static/chunks/node_modules_next_dist_compiled_react-dom_1e674e59._.js:5448:17)
    at Object.useMemo (http://localhost:3000/_next/static/chunks/node_modules_next_dist_compiled_react-dom_1e674e59._.js:15255:24)
    at exports.useMemo (http://localhost:3000/_next/static/chunks/node_modules_next_dist_compiled_a0e4c7b4._.js:1742:36)
    at CommandPaletteProvider (http://localhost:3000/_next/static/chunks/src_5b367b92._.js:3022:193)
    at Object.react_stack_bottom_frame (http://localhost:3000/_next/static/chunks/node_modules_next_dist_compiled_react-dom_1e674e59._.js:14826:24)
    at renderWithHooks (http://localhost:3000/_next/static/chunks/node_modules_next_dist_compiled_react-dom_1e674e59._.js:4651:24)
    at updateFunctionComponent (http://localhost:3000/_next/static/chunks/node_modules_next_dist_compiled_react-dom_1e674e59._.js:6112:21)
    at beginWork (http://localhost:3000/_next/static/chunks/node_modules_next_dist_compiled_react-dom_1e674e59._.js:6708:24)
    at runWithFiberInDEV (http://localhost:3000/_next/static/chunks/node_modules_next_dist_compiled_react-dom_1e674e59._.js:965:74)
    at performUnitOfWork (http://localhost:3000/_next/static/chunks/node_modules_next_dist_compiled_react-dom_1e674e59._.js:9562:97)
    at workLoopSync (http://localhost:3000/_next/static/chunks/node_modules_next_dist_compiled_react-dom_1e674e59._.js:9456:40)
    at renderRootSync (http://localhost:3000/_next/static/chunks/node_modules_next_dist_compiled_react-dom_1e674e59._.js:9440:13)
    at performWorkOnRoot (http://localhost:3000/_next/static/chunks/node_modules_next_dist_compiled_react-dom_1e674e59._.js:9068:186)
    at performSyncWorkOnRoot (http://localhost:3000/_next/static/chunks/node_modules_next_dist_compiled_react-dom_1e674e59._.js:10238:9)
    at flushSyncWorkAcrossRoots_impl (http://localhost:3000/_next/static/chunks/node_modules_next_dist_compiled_react-dom_1e674e59._.js:10154:316)
    at processRootScheduleInMicrotask (http://localhost:3000/_next/static/chunks/node_modules_next_dist_compiled_react-dom_1e674e59._.js:10175:106)
    at http://localhost:3000/_next/static/chunks/node_modules_next_dist_compiled_react-dom_1e674e59._.js:10249:158 @ http://localhost:3000/_next/static/chunks/node_modules_next_dist_f3530cac._.js:3127
[27417021ms] [ERROR] IntlError: MISSING_MESSAGE: Could not resolve `Nav.myPerformance` in messages for locale `en`.
    at getFallbackFromErrorAndNotify (http://localhost:3000/_next/static/chunks/node_modules_5faecd26._.js:4921:23)
    at translateBaseFn (http://localhost:3000/_next/static/chunks/node_modules_5faecd26._.js:4951:28)
    at translateFn (http://localhost:3000/_next/static/chunks/node_modules_5faecd26._.js:4979:24)
    at http://localhost:3000/_next/static/chunks/src_5b367b92._.js:1144:63
    at Array.map (<anonymous>)
    at http://localhost:3000/_next/static/chunks/src_5b367b92._.js:1141:64
    at Array.map (<anonymous>)
    at Sidebar (http://localhost:3000/_next/static/chunks/src_5b367b92._.js:1125:166)
    at Object.react_stack_bottom_frame (http://localhost:3000/_next/static/chunks/node_modules_next_dist_compiled_react-dom_1e674e59._.js:14826:24)
    at renderWithHooks (http://localhost:3000/_next/static/chunks/node_modules_next_dist_compiled_react-dom_1e674e59._.js:4651:24)
    at updateFunctionComponent (http://localhost:3000/_next/static/chunks/node_modules_next_dist_compiled_react-dom_1e674e59._.js:6112:21)
    at beginWork (http://localhost:3000/_next/static/chunks/node_modules_next_dist_compiled_react-dom_1e674e59._.js:6708:24)
    at runWithFiberInDEV (http://localhost:3000/_next/static/chunks/node_modules_next_dist_compiled_react-dom_1e674e59._.js:965:74)
    at performUnitOfWork (http://localhost:3000/_next/static/chunks/node_modules_next_dist_compiled_react-dom_1e674e59._.js:9562:97)
    at workLoopSync (http://localhost:3000/_next/static/chunks/node_modules_next_dist_compiled_react-dom_1e674e59._.js:9456:40)
    at renderRootSync (http://localhost:3000/_next/static/chunks/node_modules_next_dist_compiled_react-dom_1e674e59._.js:9440:13)
    at performWorkOnRoot (http://localhost:3000/_next/static/chunks/node_modules_next_dist_compiled_react-dom_1e674e59._.js:9068:186)
    at performSyncWorkOnRoot (http://localhost:3000/_next/static/chunks/node_modules_next_dist_compiled_react-dom_1e674e59._.js:10238:9)
    at flushSyncWorkAcrossRoots_impl (http://localhost:3000/_next/static/chunks/node_modules_next_dist_compiled_react-dom_1e674e59._.js:10154:316)
    at processRootScheduleInMicrotask (http://localhost:3000/_next/static/chunks/node_modules_next_dist_compiled_react-dom_1e674e59._.js:10175:106)
    at http://localhost:3000/_next/static/chunks/node_modules_next_dist_compiled_react-dom_1e674e59._.js:10249:158 @ http://localhost:3000/_next/static/chunks/node_modules_next_dist_f3530cac._.js:3127
[27417024ms] [ERROR] IntlError: MISSING_MESSAGE: Could not resolve `Nav.myPerformance` in messages for locale `en`.
    at getFallbackFromErrorAndNotify (http://localhost:3000/_next/static/chunks/node_modules_5faecd26._.js:4921:23)
    at translateBaseFn (http://localhost:3000/_next/static/chunks/node_modules_5faecd26._.js:4951:28)
    at translateFn (http://localhost:3000/_next/static/chunks/node_modules_5faecd26._.js:4979:24)
    at http://localhost:3000/_next/static/chunks/src_5b367b92._.js:1144:63
    at Array.map (<anonymous>)
    at http://localhost:3000/_next/static/chunks/src_5b367b92._.js:1141:64
    at Array.map (<anonymous>)
    at Sidebar (http://localhost:3000/_next/static/chunks/src_5b367b92._.js:1125:166)
    at Object.react_stack_bottom_frame (http://localhost:3000/_next/static/chunks/node_modules_next_dist_compiled_react-dom_1e674e59._.js:14826:24)
    at renderWithHooksAgain (http://localhost:3000/_next/static/chunks/node_modules_next_dist_compiled_react-dom_1e674e59._.js:4706:24)
    at renderWithHooks (http://localhost:3000/_next/static/chunks/node_modules_next_dist_compiled_react-dom_1e674e59._.js:4657:28)
    at updateFunctionComponent (http://localhost:3000/_next/static/chunks/node_modules_next_dist_compiled_react-dom_1e674e59._.js:6112:21)
    at beginWork (http://localhost:3000/_next/static/chunks/node_modules_next_dist_compiled_react-dom_1e674e59._.js:6708:24)
    at runWithFiberInDEV (http://localhost:3000/_next/static/chunks/node_modules_next_dist_compiled_react-dom_1e674e59._.js:965:74)
    at performUnitOfWork (http://localhost:3000/_next/static/chunks/node_modules_next_dist_compiled_react-dom_1e674e59._.js:9562:97)
    at workLoopSync (http://localhost:3000/_next/static/chunks/node_modules_next_dist_compiled_react-dom_1e674e59._.js:9456:40)
    at renderRootSync (http://localhost:3000/_next/static/chunks/node_modules_next_dist_compiled_react-dom_1e674e59._.js:9440:13)
    at performWorkOnRoot (http://localhost:3000/_next/static/chunks/node_modules_next_dist_compiled_react-dom_1e674e59._.js:9068:186)
    at performSyncWorkOnRoot (http://localhost:3000/_next/static/chunks/node_modules_next_dist_compiled_react-dom_1e674e59._.js:10238:9)
    at flushSyncWorkAcrossRoots_impl (http://localhost:3000/_next/static/chunks/node_modules_next_dist_compiled_react-dom_1e674e59._.js:10154:316)
    at processRootScheduleInMicrotask (http://localhost:3000/_next/static/chunks/node_modules_next_dist_compiled_react-dom_1e674e59._.js:10175:106)
    at http://localhost:3000/_next/static/chunks/node_modules_next_dist_compiled_react-dom_1e674e59._.js:10249:158 @ http://localhost:3000/_next/static/chunks/node_modules_next_dist_f3530cac._.js:3127
[27417067ms] [ERROR] IntlError: MISSING_MESSAGE: Could not resolve `Nav.myPerformance` in messages for locale `en`.
    at getFallbackFromErrorAndNotify (http://localhost:3000/_next/static/chunks/node_modules_5faecd26._.js:4921:23)
    at translateBaseFn (http://localhost:3000/_next/static/chunks/node_modules_5faecd26._.js:4951:28)
    at translateFn (http://localhost:3000/_next/static/chunks/node_modules_5faecd26._.js:4979:24)
    at CommandPaletteProvider.useMemo[allCommands] (http://localhost:3000/_next/static/chunks/src_5b367b92._.js:3042:32)
    at updateMemo (http://localhost:3000/_next/static/chunks/node_modules_next_dist_compiled_react-dom_1e674e59._.js:5444:21)
    at Object.useMemo (http://localhost:3000/_next/static/chunks/node_modules_next_dist_compiled_react-dom_1e674e59._.js:15255:24)
    at exports.useMemo (http://localhost:3000/_next/static/chunks/node_modules_next_dist_compiled_a0e4c7b4._.js:1742:36)
    at CommandPaletteProvider (http://localhost:3000/_next/static/chunks/src_5b367b92._.js:3022:193)
    at Object.react_stack_bottom_frame (http://localhost:3000/_next/static/chunks/node_modules_next_dist_compiled_react-dom_1e674e59._.js:14826:24)
    at renderWithHooks (http://localhost:3000/_next/static/chunks/node_modules_next_dist_compiled_react-dom_1e674e59._.js:4651:24)
    at updateFunctionComponent (http://localhost:3000/_next/static/chunks/node_modules_next_dist_compiled_react-dom_1e674e59._.js:6112:21)
    at beginWork (http://localhost:3000/_next/static/chunks/node_modules_next_dist_compiled_react-dom_1e674e59._.js:6708:24)
    at runWithFiberInDEV (http://localhost:3000/_next/static/chunks/node_modules_next_dist_compiled_react-dom_1e674e59._.js:965:74)
    at performUnitOfWork (http://localhost:3000/_next/static/chunks/node_modules_next_dist_compiled_react-dom_1e674e59._.js:9562:97)
    at workLoopSync (http://localhost:3000/_next/static/chunks/node_modules_next_dist_compiled_react-dom_1e674e59._.js:9456:40)
    at renderRootSync (http://localhost:3000/_next/static/chunks/node_modules_next_dist_compiled_react-dom_1e674e59._.js:9440:13)
    at performWorkOnRoot (http://localhost:3000/_next/static/chunks/node_modules_next_dist_compiled_react-dom_1e674e59._.js:9068:186)
    at performSyncWorkOnRoot (http://localhost:3000/_next/static/chunks/node_modules_next_dist_compiled_react-dom_1e674e59._.js:10238:9)
    at flushSyncWorkAcrossRoots_impl (http://localhost:3000/_next/static/chunks/node_modules_next_dist_compiled_react-dom_1e674e59._.js:10154:316)
    at processRootScheduleInMicrotask (http://localhost:3000/_next/static/chunks/node_modules_next_dist_compiled_react-dom_1e674e59._.js:10175:106)
    at http://localhost:3000/_next/static/chunks/node_modules_next_dist_compiled_react-dom_1e674e59._.js:10249:158 @ http://localhost:3000/_next/static/chunks/node_modules_next_dist_f3530cac._.js:3127
[27417068ms] [ERROR] IntlError: MISSING_MESSAGE: Could not resolve `Nav.myPerformance` in messages for locale `en`.
    at getFallbackFromErrorAndNotify (http://localhost:3000/_next/static/chunks/node_modules_5faecd26._.js:4921:23)
    at translateBaseFn (http://localhost:3000/_next/static/chunks/node_modules_5faecd26._.js:4951:28)
    at translateFn (http://localhost:3000/_next/static/chunks/node_modules_5faecd26._.js:4979:24)
    at CommandPaletteProvider.useMemo[allCommands] (http://localhost:3000/_next/static/chunks/src_5b367b92._.js:3042:32)
    at updateMemo (http://localhost:3000/_next/static/chunks/node_modules_next_dist_compiled_react-dom_1e674e59._.js:5448:17)
    at Object.useMemo (http://localhost:3000/_next/static/chunks/node_modules_next_dist_compiled_react-dom_1e674e59._.js:15255:24)
    at exports.useMemo (http://localhost:3000/_next/static/chunks/node_modules_next_dist_compiled_a0e4c7b4._.js:1742:36)
    at CommandPaletteProvider (http://localhost:3000/_next/static/chunks/src_5b367b92._.js:3022:193)
    at Object.react_stack_bottom_frame (http://localhost:3000/_next/static/chunks/node_modules_next_dist_compiled_react-dom_1e674e59._.js:14826:24)
    at renderWithHooks (http://localhost:3000/_next/static/chunks/node_modules_next_dist_compiled_react-dom_1e674e59._.js:4651:24)
    at updateFunctionComponent (http://localhost:3000/_next/static/chunks/node_modules_next_dist_compiled_react-dom_1e674e59._.js:6112:21)
    at beginWork (http://localhost:3000/_next/static/chunks/node_modules_next_dist_compiled_react-dom_1e674e59._.js:6708:24)
    at runWithFiberInDEV (http://localhost:3000/_next/static/chunks/node_modules_next_dist_compiled_react-dom_1e674e59._.js:965:74)
    at performUnitOfWork (http://localhost:3000/_next/static/chunks/node_modules_next_dist_compiled_react-dom_1e674e59._.js:9562:97)
    at workLoopSync (http://localhost:3000/_next/static/chunks/node_modules_next_dist_compiled_react-dom_1e674e59._.js:9456:40)
    at renderRootSync (http://localhost:3000/_next/static/chunks/node_modules_next_dist_compiled_react-dom_1e674e59._.js:9440:13)
    at performWorkOnRoot (http://localhost:3000/_next/static/chunks/node_modules_next_dist_compiled_react-dom_1e674e59._.js:9068:186)
    at performSyncWorkOnRoot (http://localhost:3000/_next/static/chunks/node_modules_next_dist_compiled_react-dom_1e674e59._.js:10238:9)
    at flushSyncWorkAcrossRoots_impl (http://localhost:3000/_next/static/chunks/node_modules_next_dist_compiled_react-dom_1e674e59._.js:10154:316)
    at processRootScheduleInMicrotask (http://localhost:3000/_next/static/chunks/node_modules_next_dist_compiled_react-dom_1e674e59._.js:10175:106)
    at http://localhost:3000/_next/static/chunks/node_modules_next_dist_compiled_react-dom_1e674e59._.js:10249:158 @ http://localhost:3000/_next/static/chunks/node_modules_next_dist_f3530cac._.js:3127
[27417073ms] [ERROR] IntlError: MISSING_MESSAGE: Could not resolve `Nav.myPerformance` in messages for locale `en`.
    at getFallbackFromErrorAndNotify (http://localhost:3000/_next/static/chunks/node_modules_5faecd26._.js:4921:23)
    at translateBaseFn (http://localhost:3000/_next/static/chunks/node_modules_5faecd26._.js:4951:28)
    at translateFn (http://localhost:3000/_next/static/chunks/node_modules_5faecd26._.js:4979:24)
    at http://localhost:3000/_next/static/chunks/src_5b367b92._.js:1144:63
    at Array.map (<anonymous>)
    at http://localhost:3000/_next/static/chunks/src_5b367b92._.js:1141:64
    at Array.map (<anonymous>)
    at Sidebar (http://localhost:3000/_next/static/chunks/src_5b367b92._.js:1125:166)
    at Object.react_stack_bottom_frame (http://localhost:3000/_next/static/chunks/node_modules_next_dist_compiled_react-dom_1e674e59._.js:14826:24)
    at renderWithHooks (http://localhost:3000/_next/static/chunks/node_modules_next_dist_compiled_react-dom_1e674e59._.js:4651:24)
    at updateFunctionComponent (http://localhost:3000/_next/static/chunks/node_modules_next_dist_compiled_react-dom_1e674e59._.js:6112:21)
    at beginWork (http://localhost:3000/_next/static/chunks/node_modules_next_dist_compiled_react-dom_1e674e59._.js:6708:24)
    at runWithFiberInDEV (http://localhost:3000/_next/static/chunks/node_modules_next_dist_compiled_react-dom_1e674e59._.js:965:74)
    at performUnitOfWork (http://localhost:3000/_next/static/chunks/node_modules_next_dist_compiled_react-dom_1e674e59._.js:9562:97)
    at workLoopSync (http://localhost:3000/_next/static/chunks/node_modules_next_dist_compiled_react-dom_1e674e59._.js:9456:40)
    at renderRootSync (http://localhost:3000/_next/static/chunks/node_modules_next_dist_compiled_react-dom_1e674e59._.js:9440:13)
    at performWorkOnRoot (http://localhost:3000/_next/static/chunks/node_modules_next_dist_compiled_react-dom_1e674e59._.js:9068:186)
    at performSyncWorkOnRoot (http://localhost:3000/_next/static/chunks/node_modules_next_dist_compiled_react-dom_1e674e59._.js:10238:9)
    at flushSyncWorkAcrossRoots_impl (http://localhost:3000/_next/static/chunks/node_modules_next_dist_compiled_react-dom_1e674e59._.js:10154:316)
    at processRootScheduleInMicrotask (http://localhost:3000/_next/static/chunks/node_modules_next_dist_compiled_react-dom_1e674e59._.js:10175:106)
    at http://localhost:3000/_next/static/chunks/node_modules_next_dist_compiled_react-dom_1e674e59._.js:10249:158 @ http://localhost:3000/_next/static/chunks/node_modules_next_dist_f3530cac._.js:3127
[27417076ms] [ERROR] IntlError: MISSING_MESSAGE: Could not resolve `Nav.myPerformance` in messages for locale `en`.
    at getFallbackFromErrorAndNotify (http://localhost:3000/_next/static/chunks/node_modules_5faecd26._.js:4921:23)
    at translateBaseFn (http://localhost:3000/_next/static/chunks/node_modules_5faecd26._.js:4951:28)
    at translateFn (http://localhost:3000/_next/static/chunks/node_modules_5faecd26._.js:4979:24)
    at http://localhost:3000/_next/static/chunks/src_5b367b92._.js:1144:63
    at Array.map (<anonymous>)
    at http://localhost:3000/_next/static/chunks/src_5b367b92._.js:1141:64
    at Array.map (<anonymous>)
    at Sidebar (http://localhost:3000/_next/static/chunks/src_5b367b92._.js:1125:166)
    at Object.react_stack_bottom_frame (http://localhost:3000/_next/static/chunks/node_modules_next_dist_compiled_react-dom_1e674e59._.js:14826:24)
    at renderWithHooksAgain (http://localhost:3000/_next/static/chunks/node_modules_next_dist_compiled_react-dom_1e674e59._.js:4706:24)
    at renderWithHooks (http://localhost:3000/_next/static/chunks/node_modules_next_dist_compiled_react-dom_1e674e59._.js:4657:28)
    at updateFunctionComponent (http://localhost:3000/_next/static/chunks/node_modules_next_dist_compiled_react-dom_1e674e59._.js:6112:21)
    at beginWork (http://localhost:3000/_next/static/chunks/node_modules_next_dist_compiled_react-dom_1e674e59._.js:6708:24)
    at runWithFiberInDEV (http://localhost:3000/_next/static/chunks/node_modules_next_dist_compiled_react-dom_1e674e59._.js:965:74)
    at performUnitOfWork (http://localhost:3000/_next/static/chunks/node_modules_next_dist_compiled_react-dom_1e674e59._.js:9562:97)
    at workLoopSync (http://localhost:3000/_next/static/chunks/node_modules_next_dist_compiled_react-dom_1e674e59._.js:9456:40)
    at renderRootSync (http://localhost:3000/_next/static/chunks/node_modules_next_dist_compiled_react-dom_1e674e59._.js:9440:13)
    at performWorkOnRoot (http://localhost:3000/_next/static/chunks/node_modules_next_dist_compiled_react-dom_1e674e59._.js:9068:186)
    at performSyncWorkOnRoot (http://localhost:3000/_next/static/chunks/node_modules_next_dist_compiled_react-dom_1e674e59._.js:10238:9)
    at flushSyncWorkAcrossRoots_impl (http://localhost:3000/_next/static/chunks/node_modules_next_dist_compiled_react-dom_1e674e59._.js:10154:316)
    at processRootScheduleInMicrotask (http://localhost:3000/_next/static/chunks/node_modules_next_dist_compiled_react-dom_1e674e59._.js:10175:106)
    at http://localhost:3000/_next/static/chunks/node_modules_next_dist_compiled_react-dom_1e674e59._.js:10249:158 @ http://localhost:3000/_next/static/chunks/node_modules_next_dist_f3530cac._.js:3127
[27417093ms] [ERROR] IntlError: MISSING_MESSAGE: Could not resolve `Nav.myPerformance` in messages for locale `en`.
    at getFallbackFromErrorAndNotify (http://localhost:3000/_next/static/chunks/node_modules_5faecd26._.js:4921:23)
    at translateBaseFn (http://localhost:3000/_next/static/chunks/node_modules_5faecd26._.js:4951:28)
    at translateFn (http://localhost:3000/_next/static/chunks/node_modules_5faecd26._.js:4979:24)
    at CommandPaletteProvider.useMemo[allCommands] (http://localhost:3000/_next/static/chunks/src_5b367b92._.js:3042:32)
    at updateMemo (http://localhost:3000/_next/static/chunks/node_modules_next_dist_compiled_react-dom_1e674e59._.js:5444:21)
    at Object.useMemo (http://localhost:3000/_next/static/chunks/node_modules_next_dist_compiled_react-dom_1e674e59._.js:15255:24)
    at exports.useMemo (http://localhost:3000/_next/static/chunks/node_modules_next_dist_compiled_a0e4c7b4._.js:1742:36)
    at CommandPaletteProvider (http://localhost:3000/_next/static/chunks/src_5b367b92._.js:3022:193)
    at Object.react_stack_bottom_frame (http://localhost:3000/_next/static/chunks/node_modules_next_dist_compiled_react-dom_1e674e59._.js:14826:24)
    at renderWithHooks (http://localhost:3000/_next/static/chunks/node_modules_next_dist_compiled_react-dom_1e674e59._.js:4651:24)
    at updateFunctionComponent (http://localhost:3000/_next/static/chunks/node_modules_next_dist_compiled_react-dom_1e674e59._.js:6112:21)
    at beginWork (http://localhost:3000/_next/static/chunks/node_modules_next_dist_compiled_react-dom_1e674e59._.js:6708:24)
    at runWithFiberInDEV (http://localhost:3000/_next/static/chunks/node_modules_next_dist_compiled_react-dom_1e674e59._.js:965:74)
    at performUnitOfWork (http://localhost:3000/_next/static/chunks/node_modules_next_dist_compiled_react-dom_1e674e59._.js:9562:97)
    at workLoopSync (http://localhost:3000/_next/static/chunks/node_modules_next_dist_compiled_react-dom_1e674e59._.js:9456:40)
    at renderRootSync (http://localhost:3000/_next/static/chunks/node_modules_next_dist_compiled_react-dom_1e674e59._.js:9440:13)
    at performWorkOnRoot (http://localhost:3000/_next/static/chunks/node_modules_next_dist_compiled_react-dom_1e674e59._.js:9068:186)
    at performSyncWorkOnRoot (http://localhost:3000/_next/static/chunks/node_modules_next_dist_compiled_react-dom_1e674e59._.js:10238:9)
    at flushSyncWorkAcrossRoots_impl (http://localhost:3000/_next/static/chunks/node_modules_next_dist_compiled_react-dom_1e674e59._.js:10154:316)
    at processRootScheduleInMicrotask (http://localhost:3000/_next/static/chunks/node_modules_next_dist_compiled_react-dom_1e674e59._.js:10175:106)
    at http://localhost:3000/_next/static/chunks/node_modules_next_dist_compiled_react-dom_1e674e59._.js:10249:158 @ http://localhost:3000/_next/static/chunks/node_modules_next_dist_f3530cac._.js:3127
[27417093ms] [ERROR] IntlError: MISSING_MESSAGE: Could not resolve `Nav.myPerformance` in messages for locale `en`.
    at getFallbackFromErrorAndNotify (http://localhost:3000/_next/static/chunks/node_modules_5faecd26._.js:4921:23)
    at translateBaseFn (http://localhost:3000/_next/static/chunks/node_modules_5faecd26._.js:4951:28)
    at translateFn (http://localhost:3000/_next/static/chunks/node_modules_5faecd26._.js:4979:24)
    at CommandPaletteProvider.useMemo[allCommands] (http://localhost:3000/_next/static/chunks/src_5b367b92._.js:3042:32)
    at updateMemo (http://localhost:3000/_next/static/chunks/node_modules_next_dist_compiled_react-dom_1e674e59._.js:5448:17)
    at Object.useMemo (http://localhost:3000/_next/static/chunks/node_modules_next_dist_compiled_react-dom_1e674e59._.js:15255:24)
    at exports.useMemo (http://localhost:3000/_next/static/chunks/node_modules_next_dist_compiled_a0e4c7b4._.js:1742:36)
    at CommandPaletteProvider (http://localhost:3000/_next/static/chunks/src_5b367b92._.js:3022:193)
    at Object.react_stack_bottom_frame (http://localhost:3000/_next/static/chunks/node_modules_next_dist_compiled_react-dom_1e674e59._.js:14826:24)
    at renderWithHooks (http://localhost:3000/_next/static/chunks/node_modules_next_dist_compiled_react-dom_1e674e59._.js:4651:24)
    at updateFunctionComponent (http://localhost:3000/_next/static/chunks/node_modules_next_dist_compiled_react-dom_1e674e59._.js:6112:21)
    at beginWork (http://localhost:3000/_next/static/chunks/node_modules_next_dist_compiled_react-dom_1e674e59._.js:6708:24)
    at runWithFiberInDEV (http://localhost:3000/_next/static/chunks/node_modules_next_dist_compiled_react-dom_1e674e59._.js:965:74)
    at performUnitOfWork (http://localhost:3000/_next/static/chunks/node_modules_next_dist_compiled_react-dom_1e674e59._.js:9562:97)
    at workLoopSync (http://localhost:3000/_next/static/chunks/node_modules_next_dist_compiled_react-dom_1e674e59._.js:9456:40)
    at renderRootSync (http://localhost:3000/_next/static/chunks/node_modules_next_dist_compiled_react-dom_1e674e59._.js:9440:13)
    at performWorkOnRoot (http://localhost:3000/_next/static/chunks/node_modules_next_dist_compiled_react-dom_1e674e59._.js:9068:186)
    at performSyncWorkOnRoot (http://localhost:3000/_next/static/chunks/node_modules_next_dist_compiled_react-dom_1e674e59._.js:10238:9)
    at flushSyncWorkAcrossRoots_impl (http://localhost:3000/_next/static/chunks/node_modules_next_dist_compiled_react-dom_1e674e59._.js:10154:316)
    at processRootScheduleInMicrotask (http://localhost:3000/_next/static/chunks/node_modules_next_dist_compiled_react-dom_1e674e59._.js:10175:106)
    at http://localhost:3000/_next/static/chunks/node_modules_next_dist_compiled_react-dom_1e674e59._.js:10249:158 @ http://localhost:3000/_next/static/chunks/node_modules_next_dist_f3530cac._.js:3127
[27417099ms] [ERROR] IntlError: MISSING_MESSAGE: Could not resolve `Nav.myPerformance` in messages for locale `en`.
    at getFallbackFromErrorAndNotify (http://localhost:3000/_next/static/chunks/node_modules_5faecd26._.js:4921:23)
    at translateBaseFn (http://localhost:3000/_next/static/chunks/node_modules_5faecd26._.js:4951:28)
    at translateFn (http://localhost:3000/_next/static/chunks/node_modules_5faecd26._.js:4979:24)
    at http://localhost:3000/_next/static/chunks/src_5b367b92._.js:1144:63
    at Array.map (<anonymous>)
    at http://localhost:3000/_next/static/chunks/src_5b367b92._.js:1141:64
    at Array.map (<anonymous>)
    at Sidebar (http://localhost:3000/_next/static/chunks/src_5b367b92._.js:1125:166)
    at Object.react_stack_bottom_frame (http://localhost:3000/_next/static/chunks/node_modules_next_dist_compiled_react-dom_1e674e59._.js:14826:24)
    at renderWithHooks (http://localhost:3000/_next/static/chunks/node_modules_next_dist_compiled_react-dom_1e674e59._.js:4651:24)
    at updateFunctionComponent (http://localhost:3000/_next/static/chunks/node_modules_next_dist_compiled_react-dom_1e674e59._.js:6112:21)
    at beginWork (http://localhost:3000/_next/static/chunks/node_modules_next_dist_compiled_react-dom_1e674e59._.js:6708:24)
    at runWithFiberInDEV (http://localhost:3000/_next/static/chunks/node_modules_next_dist_compiled_react-dom_1e674e59._.js:965:74)
    at performUnitOfWork (http://localhost:3000/_next/static/chunks/node_modules_next_dist_compiled_react-dom_1e674e59._.js:9562:97)
    at workLoopSync (http://localhost:3000/_next/static/chunks/node_modules_next_dist_compiled_react-dom_1e674e59._.js:9456:40)
    at renderRootSync (http://localhost:3000/_next/static/chunks/node_modules_next_dist_compiled_react-dom_1e674e59._.js:9440:13)
    at performWorkOnRoot (http://localhost:3000/_next/static/chunks/node_modules_next_dist_compiled_react-dom_1e674e59._.js:9068:186)
    at performSyncWorkOnRoot (http://localhost:3000/_next/static/chunks/node_modules_next_dist_compiled_react-dom_1e674e59._.js:10238:9)
    at flushSyncWorkAcrossRoots_impl (http://localhost:3000/_next/static/chunks/node_modules_next_dist_compiled_react-dom_1e674e59._.js:10154:316)
    at processRootScheduleInMicrotask (http://localhost:3000/_next/static/chunks/node_modules_next_dist_compiled_react-dom_1e674e59._.js:10175:106)
    at http://localhost:3000/_next/static/chunks/node_modules_next_dist_compiled_react-dom_1e674e59._.js:10249:158 @ http://localhost:3000/_next/static/chunks/node_modules_next_dist_f3530cac._.js:3127
[27417103ms] [ERROR] IntlError: MISSING_MESSAGE: Could not resolve `Nav.myPerformance` in messages for locale `en`.
    at getFallbackFromErrorAndNotify (http://localhost:3000/_next/static/chunks/node_modules_5faecd26._.js:4921:23)
    at translateBaseFn (http://localhost:3000/_next/static/chunks/node_modules_5faecd26._.js:4951:28)
    at translateFn (http://localhost:3000/_next/static/chunks/node_modules_5faecd26._.js:4979:24)
    at http://localhost:3000/_next/static/chunks/src_5b367b92._.js:1144:63
    at Array.map (<anonymous>)
    at http://localhost:3000/_next/static/chunks/src_5b367b92._.js:1141:64
    at Array.map (<anonymous>)
    at Sidebar (http://localhost:3000/_next/static/chunks/src_5b367b92._.js:1125:166)
    at Object.react_stack_bottom_frame (http://localhost:3000/_next/static/chunks/node_modules_next_dist_compiled_react-dom_1e674e59._.js:14826:24)
    at renderWithHooksAgain (http://localhost:3000/_next/static/chunks/node_modules_next_dist_compiled_react-dom_1e674e59._.js:4706:24)
    at renderWithHooks (http://localhost:3000/_next/static/chunks/node_modules_next_dist_compiled_react-dom_1e674e59._.js:4657:28)
    at updateFunctionComponent (http://localhost:3000/_next/static/chunks/node_modules_next_dist_compiled_react-dom_1e674e59._.js:6112:21)
    at beginWork (http://localhost:3000/_next/static/chunks/node_modules_next_dist_compiled_react-dom_1e674e59._.js:6708:24)
    at runWithFiberInDEV (http://localhost:3000/_next/static/chunks/node_modules_next_dist_compiled_react-dom_1e674e59._.js:965:74)
    at performUnitOfWork (http://localhost:3000/_next/static/chunks/node_modules_next_dist_compiled_react-dom_1e674e59._.js:9562:97)
    at workLoopSync (http://localhost:3000/_next/static/chunks/node_modules_next_dist_compiled_react-dom_1e674e59._.js:9456:40)
    at renderRootSync (http://localhost:3000/_next/static/chunks/node_modules_next_dist_compiled_react-dom_1e674e59._.js:9440:13)
    at performWorkOnRoot (http://localhost:3000/_next/static/chunks/node_modules_next_dist_compiled_react-dom_1e674e59._.js:9068:186)
    at performSyncWorkOnRoot (http://localhost:3000/_next/static/chunks/node_modules_next_dist_compiled_react-dom_1e674e59._.js:10238:9)
    at flushSyncWorkAcrossRoots_impl (http://localhost:3000/_next/static/chunks/node_modules_next_dist_compiled_react-dom_1e674e59._.js:10154:316)
    at processRootScheduleInMicrotask (http://localhost:3000/_next/static/chunks/node_modules_next_dist_compiled_react-dom_1e674e59._.js:10175:106)
    at http://localhost:3000/_next/static/chunks/node_modules_next_dist_compiled_react-dom_1e674e59._.js:10249:158 @ http://localhost:3000/_next/static/chunks/node_modules_next_dist_f3530cac._.js:3127
[27418144ms] [LOG] [Fast Refresh] done in 961ms @ http://localhost:3000/_next/static/chunks/node_modules_next_dist_f3530cac._.js:2297
[27419017ms] [ERROR] IntlError: MISSING_MESSAGE: Could not resolve `Nav.myPerformance` in messages for locale `en`.
    at getFallbackFromErrorAndNotify (http://localhost:3000/_next/static/chunks/node_modules_5faecd26._.js:4921:23)
    at translateBaseFn (http://localhost:3000/_next/static/chunks/node_modules_5faecd26._.js:4951:28)
    at translateFn (http://localhost:3000/_next/static/chunks/node_modules_5faecd26._.js:4979:24)
    at CommandPaletteProvider.useMemo[allCommands] (http://localhost:3000/_next/static/chunks/src_5b367b92._.js:3042:32)
    at mountMemo (http://localhost:3000/_next/static/chunks/node_modules_next_dist_compiled_react-dom_1e674e59._.js:5424:25)
    at Object.useMemo (http://localhost:3000/_next/static/chunks/node_modules_next_dist_compiled_react-dom_1e674e59._.js:15003:24)
    at exports.useMemo (http://localhost:3000/_next/static/chunks/node_modules_next_dist_compiled_a0e4c7b4._.js:1742:36)
    at CommandPaletteProvider (http://localhost:3000/_next/static/chunks/src_5b367b92._.js:3022:193)
    at Object.react_stack_bottom_frame (http://localhost:3000/_next/static/chunks/node_modules_next_dist_compiled_react-dom_1e674e59._.js:14826:24)
    at renderWithHooks (http://localhost:3000/_next/static/chunks/node_modules_next_dist_compiled_react-dom_1e674e59._.js:4651:24)
    at updateFunctionComponent (http://localhost:3000/_next/static/chunks/node_modules_next_dist_compiled_react-dom_1e674e59._.js:6112:21)
    at beginWork (http://localhost:3000/_next/static/chunks/node_modules_next_dist_compiled_react-dom_1e674e59._.js:6687:639)
    at runWithFiberInDEV (http://localhost:3000/_next/static/chunks/node_modules_next_dist_compiled_react-dom_1e674e59._.js:965:74)
    at performUnitOfWork (http://localhost:3000/_next/static/chunks/node_modules_next_dist_compiled_react-dom_1e674e59._.js:9562:97)
    at workLoopSync (http://localhost:3000/_next/static/chunks/node_modules_next_dist_compiled_react-dom_1e674e59._.js:9456:40)
    at renderRootSync (http://localhost:3000/_next/static/chunks/node_modules_next_dist_compiled_react-dom_1e674e59._.js:9440:13)
    at performWorkOnRoot (http://localhost:3000/_next/static/chunks/node_modules_next_dist_compiled_react-dom_1e674e59._.js:9068:186)
    at performWorkOnRootViaSchedulerTask (http://localhost:3000/_next/static/chunks/node_modules_next_dist_compiled_react-dom_1e674e59._.js:10230:9)
    at MessagePort.performWorkUntilDeadline (http://localhost:3000/_next/static/chunks/node_modules_next_dist_compiled_a0e4c7b4._.js:2647:64) @ http://localhost:3000/_next/static/chunks/node_modules_next_dist_f3530cac._.js:3127
[27419017ms] [ERROR] IntlError: MISSING_MESSAGE: Could not resolve `Nav.myPerformance` in messages for locale `en`.
    at getFallbackFromErrorAndNotify (http://localhost:3000/_next/static/chunks/node_modules_5faecd26._.js:4921:23)
    at translateBaseFn (http://localhost:3000/_next/static/chunks/node_modules_5faecd26._.js:4951:28)
    at translateFn (http://localhost:3000/_next/static/chunks/node_modules_5faecd26._.js:4979:24)
    at CommandPaletteProvider.useMemo[allCommands] (http://localhost:3000/_next/static/chunks/src_5b367b92._.js:3042:32)
    at mountMemo (http://localhost:3000/_next/static/chunks/node_modules_next_dist_compiled_react-dom_1e674e59._.js:5428:17)
    at Object.useMemo (http://localhost:3000/_next/static/chunks/node_modules_next_dist_compiled_react-dom_1e674e59._.js:15003:24)
    at exports.useMemo (http://localhost:3000/_next/static/chunks/node_modules_next_dist_compiled_a0e4c7b4._.js:1742:36)
    at CommandPaletteProvider (http://localhost:3000/_next/static/chunks/src_5b367b92._.js:3022:193)
    at Object.react_stack_bottom_frame (http://localhost:3000/_next/static/chunks/node_modules_next_dist_compiled_react-dom_1e674e59._.js:14826:24)
    at renderWithHooks (http://localhost:3000/_next/static/chunks/node_modules_next_dist_compiled_react-dom_1e674e59._.js:4651:24)
    at updateFunctionComponent (http://localhost:3000/_next/static/chunks/node_modules_next_dist_compiled_react-dom_1e674e59._.js:6112:21)
    at beginWork (http://localhost:3000/_next/static/chunks/node_modules_next_dist_compiled_react-dom_1e674e59._.js:6687:639)
    at runWithFiberInDEV (http://localhost:3000/_next/static/chunks/node_modules_next_dist_compiled_react-dom_1e674e59._.js:965:74)
    at performUnitOfWork (http://localhost:3000/_next/static/chunks/node_modules_next_dist_compiled_react-dom_1e674e59._.js:9562:97)
    at workLoopSync (http://localhost:3000/_next/static/chunks/node_modules_next_dist_compiled_react-dom_1e674e59._.js:9456:40)
    at renderRootSync (http://localhost:3000/_next/static/chunks/node_modules_next_dist_compiled_react-dom_1e674e59._.js:9440:13)
    at performWorkOnRoot (http://localhost:3000/_next/static/chunks/node_modules_next_dist_compiled_react-dom_1e674e59._.js:9068:186)
    at performWorkOnRootViaSchedulerTask (http://localhost:3000/_next/static/chunks/node_modules_next_dist_compiled_react-dom_1e674e59._.js:10230:9)
    at MessagePort.performWorkUntilDeadline (http://localhost:3000/_next/static/chunks/node_modules_next_dist_compiled_a0e4c7b4._.js:2647:64) @ http://localhost:3000/_next/static/chunks/node_modules_next_dist_f3530cac._.js:3127
[27419022ms] [ERROR] IntlError: MISSING_MESSAGE: Could not resolve `Nav.myPerformance` in messages for locale `en`.
    at getFallbackFromErrorAndNotify (http://localhost:3000/_next/static/chunks/node_modules_5faecd26._.js:4921:23)
    at translateBaseFn (http://localhost:3000/_next/static/chunks/node_modules_5faecd26._.js:4951:28)
    at translateFn (http://localhost:3000/_next/static/chunks/node_modules_5faecd26._.js:4979:24)
    at http://localhost:3000/_next/static/chunks/src_5b367b92._.js:1144:63
    at Array.map (<anonymous>)
    at http://localhost:3000/_next/static/chunks/src_5b367b92._.js:1141:64
    at Array.map (<anonymous>)
    at Sidebar (http://localhost:3000/_next/static/chunks/src_5b367b92._.js:1125:166)
    at Object.react_stack_bottom_frame (http://localhost:3000/_next/static/chunks/node_modules_next_dist_compiled_react-dom_1e674e59._.js:14826:24)
    at renderWithHooks (http://localhost:3000/_next/static/chunks/node_modules_next_dist_compiled_react-dom_1e674e59._.js:4651:24)
    at updateFunctionComponent (http://localhost:3000/_next/static/chunks/node_modules_next_dist_compiled_react-dom_1e674e59._.js:6112:21)
    at beginWork (http://localhost:3000/_next/static/chunks/node_modules_next_dist_compiled_react-dom_1e674e59._.js:6708:24)
    at runWithFiberInDEV (http://localhost:3000/_next/static/chunks/node_modules_next_dist_compiled_react-dom_1e674e59._.js:965:74)
    at performUnitOfWork (http://localhost:3000/_next/static/chunks/node_modules_next_dist_compiled_react-dom_1e674e59._.js:9562:97)
    at workLoopSync (http://localhost:3000/_next/static/chunks/node_modules_next_dist_compiled_react-dom_1e674e59._.js:9456:40)
    at renderRootSync (http://localhost:3000/_next/static/chunks/node_modules_next_dist_compiled_react-dom_1e674e59._.js:9440:13)
    at performWorkOnRoot (http://localhost:3000/_next/static/chunks/node_modules_next_dist_compiled_react-dom_1e674e59._.js:9068:186)
    at performWorkOnRootViaSchedulerTask (http://localhost:3000/_next/static/chunks/node_modules_next_dist_compiled_react-dom_1e674e59._.js:10230:9)
    at MessagePort.performWorkUntilDeadline (http://localhost:3000/_next/static/chunks/node_modules_next_dist_compiled_a0e4c7b4._.js:2647:64) @ http://localhost:3000/_next/static/chunks/node_modules_next_dist_f3530cac._.js:3127
[27419025ms] [ERROR] IntlError: MISSING_MESSAGE: Could not resolve `Nav.myPerformance` in messages for locale `en`.
    at getFallbackFromErrorAndNotify (http://localhost:3000/_next/static/chunks/node_modules_5faecd26._.js:4921:23)
    at translateBaseFn (http://localhost:3000/_next/static/chunks/node_modules_5faecd26._.js:4951:28)
    at translateFn (http://localhost:3000/_next/static/chunks/node_modules_5faecd26._.js:4979:24)
    at http://localhost:3000/_next/static/chunks/src_5b367b92._.js:1144:63
    at Array.map (<anonymous>)
    at http://localhost:3000/_next/static/chunks/src_5b367b92._.js:1141:64
    at Array.map (<anonymous>)
    at Sidebar (http://localhost:3000/_next/static/chunks/src_5b367b92._.js:1125:166)
    at Object.react_stack_bottom_frame (http://localhost:3000/_next/static/chunks/node_modules_next_dist_compiled_react-dom_1e674e59._.js:14826:24)
    at renderWithHooksAgain (http://localhost:3000/_next/static/chunks/node_modules_next_dist_compiled_react-dom_1e674e59._.js:4706:24)
    at renderWithHooks (http://localhost:3000/_next/static/chunks/node_modules_next_dist_compiled_react-dom_1e674e59._.js:4657:28)
    at updateFunctionComponent (http://localhost:3000/_next/static/chunks/node_modules_next_dist_compiled_react-dom_1e674e59._.js:6112:21)
    at beginWork (http://localhost:3000/_next/static/chunks/node_modules_next_dist_compiled_react-dom_1e674e59._.js:6708:24)
    at runWithFiberInDEV (http://localhost:3000/_next/static/chunks/node_modules_next_dist_compiled_react-dom_1e674e59._.js:965:74)
    at performUnitOfWork (http://localhost:3000/_next/static/chunks/node_modules_next_dist_compiled_react-dom_1e674e59._.js:9562:97)
    at workLoopSync (http://localhost:3000/_next/static/chunks/node_modules_next_dist_compiled_react-dom_1e674e59._.js:9456:40)
    at renderRootSync (http://localhost:3000/_next/static/chunks/node_modules_next_dist_compiled_react-dom_1e674e59._.js:9440:13)
    at performWorkOnRoot (http://localhost:3000/_next/static/chunks/node_modules_next_dist_compiled_react-dom_1e674e59._.js:9068:186)
    at performWorkOnRootViaSchedulerTask (http://localhost:3000/_next/static/chunks/node_modules_next_dist_compiled_react-dom_1e674e59._.js:10230:9)
    at MessagePort.performWorkUntilDeadline (http://localhost:3000/_next/static/chunks/node_modules_next_dist_compiled_a0e4c7b4._.js:2647:64) @ http://localhost:3000/_next/static/chunks/node_modules_next_dist_f3530cac._.js:3127
[27420023ms] [LOG] [Fast Refresh] rebuilding @ http://localhost:3000/_next/static/chunks/node_modules_next_dist_f3530cac._.js:2297
[27420075ms] [LOG] [Fast Refresh] done in 153ms @ http://localhost:3000/_next/static/chunks/node_modules_next_dist_f3530cac._.js:2297
[27420223ms] [LOG] [Fast Refresh] rebuilding @ http://localhost:3000/_next/static/chunks/node_modules_next_dist_f3530cac._.js:2297
[27420246ms] [LOG] [Fast Refresh] done in 125ms @ http://localhost:3000/_next/static/chunks/node_modules_next_dist_f3530cac._.js:2297
[27420348ms] [LOG] [Fast Refresh] rebuilding @ http://localhost:3000/_next/static/chunks/node_modules_next_dist_f3530cac._.js:2297
[27420352ms] [LOG] [Fast Refresh] done in 106ms @ http://localhost:3000/_next/static/chunks/node_modules_next_dist_f3530cac._.js:2297
[27420513ms] [ERROR] IntlError: MISSING_MESSAGE: Could not resolve `Nav.myPerformance` in messages for locale `en`.
    at getFallbackFromErrorAndNotify (http://localhost:3000/_next/static/chunks/node_modules_5faecd26._.js:4921:23)
    at translateBaseFn (http://localhost:3000/_next/static/chunks/node_modules_5faecd26._.js:4951:28)
    at translateFn (http://localhost:3000/_next/static/chunks/node_modules_5faecd26._.js:4979:24)
    at CommandPaletteProvider.useMemo[allCommands] (http://localhost:3000/_next/static/chunks/src_5b367b92._.js:3042:32)
    at updateMemo (http://localhost:3000/_next/static/chunks/node_modules_next_dist_compiled_react-dom_1e674e59._.js:5444:21)
    at Object.useMemo (http://localhost:3000/_next/static/chunks/node_modules_next_dist_compiled_react-dom_1e674e59._.js:15255:24)
    at exports.useMemo (http://localhost:3000/_next/static/chunks/node_modules_next_dist_compiled_a0e4c7b4._.js:1742:36)
    at CommandPaletteProvider (http://localhost:3000/_next/static/chunks/src_5b367b92._.js:3022:193)
    at Object.react_stack_bottom_frame (http://localhost:3000/_next/static/chunks/node_modules_next_dist_compiled_react-dom_1e674e59._.js:14826:24)
    at renderWithHooks (http://localhost:3000/_next/static/chunks/node_modules_next_dist_compiled_react-dom_1e674e59._.js:4651:24)
    at updateFunctionComponent (http://localhost:3000/_next/static/chunks/node_modules_next_dist_compiled_react-dom_1e674e59._.js:6112:21)
    at beginWork (http://localhost:3000/_next/static/chunks/node_modules_next_dist_compiled_react-dom_1e674e59._.js:6708:24)
    at runWithFiberInDEV (http://localhost:3000/_next/static/chunks/node_modules_next_dist_compiled_react-dom_1e674e59._.js:965:74)
    at performUnitOfWork (http://localhost:3000/_next/static/chunks/node_modules_next_dist_compiled_react-dom_1e674e59._.js:9562:97)
    at workLoopConcurrentByScheduler (http://localhost:3000/_next/static/chunks/node_modules_next_dist_compiled_react-dom_1e674e59._.js:9558:58)
    at renderRootConcurrent (http://localhost:3000/_next/static/chunks/node_modules_next_dist_compiled_react-dom_1e674e59._.js:9541:71)
    at performWorkOnRoot (http://localhost:3000/_next/static/chunks/node_modules_next_dist_compiled_react-dom_1e674e59._.js:9068:150)
    at performWorkOnRootViaSchedulerTask (http://localhost:3000/_next/static/chunks/node_modules_next_dist_compiled_react-dom_1e674e59._.js:10230:9)
    at MessagePort.performWorkUntilDeadline (http://localhost:3000/_next/static/chunks/node_modules_next_dist_compiled_a0e4c7b4._.js:2647:64) @ http://localhost:3000/_next/static/chunks/node_modules_next_dist_f3530cac._.js:3127
[27420513ms] [ERROR] IntlError: MISSING_MESSAGE: Could not resolve `Nav.myPerformance` in messages for locale `en`.
    at getFallbackFromErrorAndNotify (http://localhost:3000/_next/static/chunks/node_modules_5faecd26._.js:4921:23)
    at translateBaseFn (http://localhost:3000/_next/static/chunks/node_modules_5faecd26._.js:4951:28)
    at translateFn (http://localhost:3000/_next/static/chunks/node_modules_5faecd26._.js:4979:24)
    at CommandPaletteProvider.useMemo[allCommands] (http://localhost:3000/_next/static/chunks/src_5b367b92._.js:3042:32)
    at updateMemo (http://localhost:3000/_next/static/chunks/node_modules_next_dist_compiled_react-dom_1e674e59._.js:5448:17)
    at Object.useMemo (http://localhost:3000/_next/static/chunks/node_modules_next_dist_compiled_react-dom_1e674e59._.js:15255:24)
    at exports.useMemo (http://localhost:3000/_next/static/chunks/node_modules_next_dist_compiled_a0e4c7b4._.js:1742:36)
    at CommandPaletteProvider (http://localhost:3000/_next/static/chunks/src_5b367b92._.js:3022:193)
    at Object.react_stack_bottom_frame (http://localhost:3000/_next/static/chunks/node_modules_next_dist_compiled_react-dom_1e674e59._.js:14826:24)
    at renderWithHooks (http://localhost:3000/_next/static/chunks/node_modules_next_dist_compiled_react-dom_1e674e59._.js:4651:24)
    at updateFunctionComponent (http://localhost:3000/_next/static/chunks/node_modules_next_dist_compiled_react-dom_1e674e59._.js:6112:21)
    at beginWork (http://localhost:3000/_next/static/chunks/node_modules_next_dist_compiled_react-dom_1e674e59._.js:6708:24)
    at runWithFiberInDEV (http://localhost:3000/_next/static/chunks/node_modules_next_dist_compiled_react-dom_1e674e59._.js:965:74)
    at performUnitOfWork (http://localhost:3000/_next/static/chunks/node_modules_next_dist_compiled_react-dom_1e674e59._.js:9562:97)
    at workLoopConcurrentByScheduler (http://localhost:3000/_next/static/chunks/node_modules_next_dist_compiled_react-dom_1e674e59._.js:9558:58)
    at renderRootConcurrent (http://localhost:3000/_next/static/chunks/node_modules_next_dist_compiled_react-dom_1e674e59._.js:9541:71)
    at performWorkOnRoot (http://localhost:3000/_next/static/chunks/node_modules_next_dist_compiled_react-dom_1e674e59._.js:9068:150)
    at performWorkOnRootViaSchedulerTask (http://localhost:3000/_next/static/chunks/node_modules_next_dist_compiled_react-dom_1e674e59._.js:10230:9)
    at MessagePort.performWorkUntilDeadline (http://localhost:3000/_next/static/chunks/node_modules_next_dist_compiled_a0e4c7b4._.js:2647:64) @ http://localhost:3000/_next/static/chunks/node_modules_next_dist_f3530cac._.js:3127
[27420521ms] [ERROR] IntlError: MISSING_MESSAGE: Could not resolve `Nav.myPerformance` in messages for locale `en`.
    at getFallbackFromErrorAndNotify (http://localhost:3000/_next/static/chunks/node_modules_5faecd26._.js:4921:23)
    at translateBaseFn (http://localhost:3000/_next/static/chunks/node_modules_5faecd26._.js:4951:28)
    at translateFn (http://localhost:3000/_next/static/chunks/node_modules_5faecd26._.js:4979:24)
    at http://localhost:3000/_next/static/chunks/src_5b367b92._.js:1144:63
    at Array.map (<anonymous>)
    at http://localhost:3000/_next/static/chunks/src_5b367b92._.js:1141:64
    at Array.map (<anonymous>)
    at Sidebar (http://localhost:3000/_next/static/chunks/src_5b367b92._.js:1125:166)
    at Object.react_stack_bottom_frame (http://localhost:3000/_next/static/chunks/node_modules_next_dist_compiled_react-dom_1e674e59._.js:14826:24)
    at renderWithHooks (http://localhost:3000/_next/static/chunks/node_modules_next_dist_compiled_react-dom_1e674e59._.js:4651:24)
    at updateFunctionComponent (http://localhost:3000/_next/static/chunks/node_modules_next_dist_compiled_react-dom_1e674e59._.js:6112:21)
    at beginWork (http://localhost:3000/_next/static/chunks/node_modules_next_dist_compiled_react-dom_1e674e59._.js:6708:24)
    at runWithFiberInDEV (http://localhost:3000/_next/static/chunks/node_modules_next_dist_compiled_react-dom_1e674e59._.js:965:74)
    at performUnitOfWork (http://localhost:3000/_next/static/chunks/node_modules_next_dist_compiled_react-dom_1e674e59._.js:9562:97)
    at workLoopConcurrentByScheduler (http://localhost:3000/_next/static/chunks/node_modules_next_dist_compiled_react-dom_1e674e59._.js:9558:58)
    at renderRootConcurrent (http://localhost:3000/_next/static/chunks/node_modules_next_dist_compiled_react-dom_1e674e59._.js:9541:71)
    at performWorkOnRoot (http://localhost:3000/_next/static/chunks/node_modules_next_dist_compiled_react-dom_1e674e59._.js:9068:150)
    at performWorkOnRootViaSchedulerTask (http://localhost:3000/_next/static/chunks/node_modules_next_dist_compiled_react-dom_1e674e59._.js:10230:9)
    at MessagePort.performWorkUntilDeadline (http://localhost:3000/_next/static/chunks/node_modules_next_dist_compiled_a0e4c7b4._.js:2647:64) @ http://localhost:3000/_next/static/chunks/node_modules_next_dist_f3530cac._.js:3127
[27420524ms] [ERROR] IntlError: MISSING_MESSAGE: Could not resolve `Nav.myPerformance` in messages for locale `en`.
    at getFallbackFromErrorAndNotify (http://localhost:3000/_next/static/chunks/node_modules_5faecd26._.js:4921:23)
    at translateBaseFn (http://localhost:3000/_next/static/chunks/node_modules_5faecd26._.js:4951:28)
    at translateFn (http://localhost:3000/_next/static/chunks/node_modules_5faecd26._.js:4979:24)
    at http://localhost:3000/_next/static/chunks/src_5b367b92._.js:1144:63
    at Array.map (<anonymous>)
    at http://localhost:3000/_next/static/chunks/src_5b367b92._.js:1141:64
    at Array.map (<anonymous>)
    at Sidebar (http://localhost:3000/_next/static/chunks/src_5b367b92._.js:1125:166)
    at Object.react_stack_bottom_frame (http://localhost:3000/_next/static/chunks/node_modules_next_dist_compiled_react-dom_1e674e59._.js:14826:24)
    at renderWithHooksAgain (http://localhost:3000/_next/static/chunks/node_modules_next_dist_compiled_react-dom_1e674e59._.js:4706:24)
    at renderWithHooks (http://localhost:3000/_next/static/chunks/node_modules_next_dist_compiled_react-dom_1e674e59._.js:4657:28)
    at updateFunctionComponent (http://localhost:3000/_next/static/chunks/node_modules_next_dist_compiled_react-dom_1e674e59._.js:6112:21)
    at beginWork (http://localhost:3000/_next/static/chunks/node_modules_next_dist_compiled_react-dom_1e674e59._.js:6708:24)
    at runWithFiberInDEV (http://localhost:3000/_next/static/chunks/node_modules_next_dist_compiled_react-dom_1e674e59._.js:965:74)
    at performUnitOfWork (http://localhost:3000/_next/static/chunks/node_modules_next_dist_compiled_react-dom_1e674e59._.js:9562:97)
    at workLoopConcurrentByScheduler (http://localhost:3000/_next/static/chunks/node_modules_next_dist_compiled_react-dom_1e674e59._.js:9558:58)
    at renderRootConcurrent (http://localhost:3000/_next/static/chunks/node_modules_next_dist_compiled_react-dom_1e674e59._.js:9541:71)
    at performWorkOnRoot (http://localhost:3000/_next/static/chunks/node_modules_next_dist_compiled_react-dom_1e674e59._.js:9068:150)
    at performWorkOnRootViaSchedulerTask (http://localhost:3000/_next/static/chunks/node_modules_next_dist_compiled_react-dom_1e674e59._.js:10230:9)
    at MessagePort.performWorkUntilDeadline (http://localhost:3000/_next/static/chunks/node_modules_next_dist_compiled_a0e4c7b4._.js:2647:64) @ http://localhost:3000/_next/static/chunks/node_modules_next_dist_f3530cac._.js:3127
[27421589ms] [LOG] [Fast Refresh] rebuilding @ http://localhost:3000/_next/static/chunks/node_modules_next_dist_f3530cac._.js:2297
[27421696ms] [ERROR] IntlError: MISSING_MESSAGE: Could not resolve `Nav.myPerformance` in messages for locale `en`.
    at getFallbackFromErrorAndNotify (http://localhost:3000/_next/static/chunks/node_modules_5faecd26._.js:4921:23)
    at translateBaseFn (http://localhost:3000/_next/static/chunks/node_modules_5faecd26._.js:4951:28)
    at translateFn (http://localhost:3000/_next/static/chunks/node_modules_5faecd26._.js:4979:24)
    at CommandPaletteProvider.useMemo[allCommands] (http://localhost:3000/_next/static/chunks/src_5b367b92._.js:3042:32)
    at updateMemo (http://localhost:3000/_next/static/chunks/node_modules_next_dist_compiled_react-dom_1e674e59._.js:5444:21)
    at Object.useMemo (http://localhost:3000/_next/static/chunks/node_modules_next_dist_compiled_react-dom_1e674e59._.js:15255:24)
    at exports.useMemo (http://localhost:3000/_next/static/chunks/node_modules_next_dist_compiled_a0e4c7b4._.js:1742:36)
    at CommandPaletteProvider (http://localhost:3000/_next/static/chunks/src_5b367b92._.js:3022:193)
    at Object.react_stack_bottom_frame (http://localhost:3000/_next/static/chunks/node_modules_next_dist_compiled_react-dom_1e674e59._.js:14826:24)
    at renderWithHooks (http://localhost:3000/_next/static/chunks/node_modules_next_dist_compiled_react-dom_1e674e59._.js:4651:24)
    at updateFunctionComponent (http://localhost:3000/_next/static/chunks/node_modules_next_dist_compiled_react-dom_1e674e59._.js:6112:21)
    at beginWork (http://localhost:3000/_next/static/chunks/node_modules_next_dist_compiled_react-dom_1e674e59._.js:6708:24)
    at runWithFiberInDEV (http://localhost:3000/_next/static/chunks/node_modules_next_dist_compiled_react-dom_1e674e59._.js:965:74)
    at performUnitOfWork (http://localhost:3000/_next/static/chunks/node_modules_next_dist_compiled_react-dom_1e674e59._.js:9562:97)
    at workLoopSync (http://localhost:3000/_next/static/chunks/node_modules_next_dist_compiled_react-dom_1e674e59._.js:9456:40)
    at renderRootSync (http://localhost:3000/_next/static/chunks/node_modules_next_dist_compiled_react-dom_1e674e59._.js:9440:13)
    at performWorkOnRoot (http://localhost:3000/_next/static/chunks/node_modules_next_dist_compiled_react-dom_1e674e59._.js:9068:186)
    at performSyncWorkOnRoot (http://localhost:3000/_next/static/chunks/node_modules_next_dist_compiled_react-dom_1e674e59._.js:10238:9)
    at flushSyncWorkAcrossRoots_impl (http://localhost:3000/_next/static/chunks/node_modules_next_dist_compiled_react-dom_1e674e59._.js:10154:316)
    at flushSyncWork$1 (http://localhost:3000/_next/static/chunks/node_modules_next_dist_compiled_react-dom_1e674e59._.js:9237:86)
    at Object.scheduleRefresh (http://localhost:3000/_next/static/chunks/node_modules_next_dist_compiled_react-dom_1e674e59._.js:299:13)
    at http://localhost:3000/_next/static/chunks/node_modules_next_dist_compiled_a0e4c7b4._.js:391:33
    at Set.forEach (<anonymous>)
    at Object.performReactRefresh (http://localhost:3000/_next/static/chunks/node_modules_next_dist_compiled_a0e4c7b4._.js:384:38)
    at applyUpdate (http://localhost:3000/_next/static/chunks/node_modules_next_dist_compiled_a0e4c7b4._.js:878:31)
    at http://localhost:3000/_next/static/chunks/node_modules_next_dist_compiled_a0e4c7b4._.js:886:13 @ http://localhost:3000/_next/static/chunks/node_modules_next_dist_f3530cac._.js:3127
[27421696ms] [ERROR] IntlError: MISSING_MESSAGE: Could not resolve `Nav.myPerformance` in messages for locale `en`.
    at getFallbackFromErrorAndNotify (http://localhost:3000/_next/static/chunks/node_modules_5faecd26._.js:4921:23)
    at translateBaseFn (http://localhost:3000/_next/static/chunks/node_modules_5faecd26._.js:4951:28)
    at translateFn (http://localhost:3000/_next/static/chunks/node_modules_5faecd26._.js:4979:24)
    at CommandPaletteProvider.useMemo[allCommands] (http://localhost:3000/_next/static/chunks/src_5b367b92._.js:3042:32)
    at updateMemo (http://localhost:3000/_next/static/chunks/node_modules_next_dist_compiled_react-dom_1e674e59._.js:5448:17)
    at Object.useMemo (http://localhost:3000/_next/static/chunks/node_modules_next_dist_compiled_react-dom_1e674e59._.js:15255:24)
    at exports.useMemo (http://localhost:3000/_next/static/chunks/node_modules_next_dist_compiled_a0e4c7b4._.js:1742:36)
    at CommandPaletteProvider (http://localhost:3000/_next/static/chunks/src_5b367b92._.js:3022:193)
    at Object.react_stack_bottom_frame (http://localhost:3000/_next/static/chunks/node_modules_next_dist_compiled_react-dom_1e674e59._.js:14826:24)
    at renderWithHooks (http://localhost:3000/_next/static/chunks/node_modules_next_dist_compiled_react-dom_1e674e59._.js:4651:24)
    at updateFunctionComponent (http://localhost:3000/_next/static/chunks/node_modules_next_dist_compiled_react-dom_1e674e59._.js:6112:21)
    at beginWork (http://localhost:3000/_next/static/chunks/node_modules_next_dist_compiled_react-dom_1e674e59._.js:6708:24)
    at runWithFiberInDEV (http://localhost:3000/_next/static/chunks/node_modules_next_dist_compiled_react-dom_1e674e59._.js:965:74)
    at performUnitOfWork (http://localhost:3000/_next/static/chunks/node_modules_next_dist_compiled_react-dom_1e674e59._.js:9562:97)
    at workLoopSync (http://localhost:3000/_next/static/chunks/node_modules_next_dist_compiled_react-dom_1e674e59._.js:9456:40)
    at renderRootSync (http://localhost:3000/_next/static/chunks/node_modules_next_dist_compiled_react-dom_1e674e59._.js:9440:13)
    at performWorkOnRoot (http://localhost:3000/_next/static/chunks/node_modules_next_dist_compiled_react-dom_1e674e59._.js:9068:186)
    at performSyncWorkOnRoot (http://localhost:3000/_next/static/chunks/node_modules_next_dist_compiled_react-dom_1e674e59._.js:10238:9)
    at flushSyncWorkAcrossRoots_impl (http://localhost:3000/_next/static/chunks/node_modules_next_dist_compiled_react-dom_1e674e59._.js:10154:316)
    at flushSyncWork$1 (http://localhost:3000/_next/static/chunks/node_modules_next_dist_compiled_react-dom_1e674e59._.js:9237:86)
    at Object.scheduleRefresh (http://localhost:3000/_next/static/chunks/node_modules_next_dist_compiled_react-dom_1e674e59._.js:299:13)
    at http://localhost:3000/_next/static/chunks/node_modules_next_dist_compiled_a0e4c7b4._.js:391:33
    at Set.forEach (<anonymous>)
    at Object.performReactRefresh (http://localhost:3000/_next/static/chunks/node_modules_next_dist_compiled_a0e4c7b4._.js:384:38)
    at applyUpdate (http://localhost:3000/_next/static/chunks/node_modules_next_dist_compiled_a0e4c7b4._.js:878:31)
    at http://localhost:3000/_next/static/chunks/node_modules_next_dist_compiled_a0e4c7b4._.js:886:13 @ http://localhost:3000/_next/static/chunks/node_modules_next_dist_f3530cac._.js:3127
[27421704ms] [ERROR] IntlError: MISSING_MESSAGE: Could not resolve `Nav.myPerformance` in messages for locale `en`.
    at getFallbackFromErrorAndNotify (http://localhost:3000/_next/static/chunks/node_modules_5faecd26._.js:4921:23)
    at translateBaseFn (http://localhost:3000/_next/static/chunks/node_modules_5faecd26._.js:4951:28)
    at translateFn (http://localhost:3000/_next/static/chunks/node_modules_5faecd26._.js:4979:24)
    at http://localhost:3000/_next/static/chunks/src_5b367b92._.js:1144:63
    at Array.map (<anonymous>)
    at http://localhost:3000/_next/static/chunks/src_5b367b92._.js:1141:64
    at Array.map (<anonymous>)
    at Sidebar (http://localhost:3000/_next/static/chunks/src_5b367b92._.js:1125:166)
    at Object.react_stack_bottom_frame (http://localhost:3000/_next/static/chunks/node_modules_next_dist_compiled_react-dom_1e674e59._.js:14826:24)
    at renderWithHooks (http://localhost:3000/_next/static/chunks/node_modules_next_dist_compiled_react-dom_1e674e59._.js:4651:24)
    at updateFunctionComponent (http://localhost:3000/_next/static/chunks/node_modules_next_dist_compiled_react-dom_1e674e59._.js:6112:21)
    at beginWork (http://localhost:3000/_next/static/chunks/node_modules_next_dist_compiled_react-dom_1e674e59._.js:6708:24)
    at runWithFiberInDEV (http://localhost:3000/_next/static/chunks/node_modules_next_dist_compiled_react-dom_1e674e59._.js:965:74)
    at performUnitOfWork (http://localhost:3000/_next/static/chunks/node_modules_next_dist_compiled_react-dom_1e674e59._.js:9562:97)
    at workLoopSync (http://localhost:3000/_next/static/chunks/node_modules_next_dist_compiled_react-dom_1e674e59._.js:9456:40)
    at renderRootSync (http://localhost:3000/_next/static/chunks/node_modules_next_dist_compiled_react-dom_1e674e59._.js:9440:13)
    at performWorkOnRoot (http://localhost:3000/_next/static/chunks/node_modules_next_dist_compiled_react-dom_1e674e59._.js:9068:186)
    at performSyncWorkOnRoot (http://localhost:3000/_next/static/chunks/node_modules_next_dist_compiled_react-dom_1e674e59._.js:10238:9)
    at flushSyncWorkAcrossRoots_impl (http://localhost:3000/_next/static/chunks/node_modules_next_dist_compiled_react-dom_1e674e59._.js:10154:316)
    at flushSyncWork$1 (http://localhost:3000/_next/static/chunks/node_modules_next_dist_compiled_react-dom_1e674e59._.js:9237:86)
    at Object.scheduleRefresh (http://localhost:3000/_next/static/chunks/node_modules_next_dist_compiled_react-dom_1e674e59._.js:299:13)
    at http://localhost:3000/_next/static/chunks/node_modules_next_dist_compiled_a0e4c7b4._.js:391:33
    at Set.forEach (<anonymous>)
    at Object.performReactRefresh (http://localhost:3000/_next/static/chunks/node_modules_next_dist_compiled_a0e4c7b4._.js:384:38)
    at applyUpdate (http://localhost:3000/_next/static/chunks/node_modules_next_dist_compiled_a0e4c7b4._.js:878:31)
    at http://localhost:3000/_next/static/chunks/node_modules_next_dist_compiled_a0e4c7b4._.js:886:13 @ http://localhost:3000/_next/static/chunks/node_modules_next_dist_f3530cac._.js:3127
[27421707ms] [ERROR] IntlError: MISSING_MESSAGE: Could not resolve `Nav.myPerformance` in messages for locale `en`.
    at getFallbackFromErrorAndNotify (http://localhost:3000/_next/static/chunks/node_modules_5faecd26._.js:4921:23)
    at translateBaseFn (http://localhost:3000/_next/static/chunks/node_modules_5faecd26._.js:4951:28)
    at translateFn (http://localhost:3000/_next/static/chunks/node_modules_5faecd26._.js:4979:24)
    at http://localhost:3000/_next/static/chunks/src_5b367b92._.js:1144:63
    at Array.map (<anonymous>)
    at http://localhost:3000/_next/static/chunks/src_5b367b92._.js:1141:64
    at Array.map (<anonymous>)
    at Sidebar (http://localhost:3000/_next/static/chunks/src_5b367b92._.js:1125:166)
    at Object.react_stack_bottom_frame (http://localhost:3000/_next/static/chunks/node_modules_next_dist_compiled_react-dom_1e674e59._.js:14826:24)
    at renderWithHooksAgain (http://localhost:3000/_next/static/chunks/node_modules_next_dist_compiled_react-dom_1e674e59._.js:4706:24)
    at renderWithHooks (http://localhost:3000/_next/static/chunks/node_modules_next_dist_compiled_react-dom_1e674e59._.js:4657:28)
    at updateFunctionComponent (http://localhost:3000/_next/static/chunks/node_modules_next_dist_compiled_react-dom_1e674e59._.js:6112:21)
    at beginWork (http://localhost:3000/_next/static/chunks/node_modules_next_dist_compiled_react-dom_1e674e59._.js:6708:24)
    at runWithFiberInDEV (http://localhost:3000/_next/static/chunks/node_modules_next_dist_compiled_react-dom_1e674e59._.js:965:74)
    at performUnitOfWork (http://localhost:3000/_next/static/chunks/node_modules_next_dist_compiled_react-dom_1e674e59._.js:9562:97)
    at workLoopSync (http://localhost:3000/_next/static/chunks/node_modules_next_dist_compiled_react-dom_1e674e59._.js:9456:40)
    at renderRootSync (http://localhost:3000/_next/static/chunks/node_modules_next_dist_compiled_react-dom_1e674e59._.js:9440:13)
    at performWorkOnRoot (http://localhost:3000/_next/static/chunks/node_modules_next_dist_compiled_react-dom_1e674e59._.js:9068:186)
    at performSyncWorkOnRoot (http://localhost:3000/_next/static/chunks/node_modules_next_dist_compiled_react-dom_1e674e59._.js:10238:9)
    at flushSyncWorkAcrossRoots_impl (http://localhost:3000/_next/static/chunks/node_modules_next_dist_compiled_react-dom_1e674e59._.js:10154:316)
    at flushSyncWork$1 (http://localhost:3000/_next/static/chunks/node_modules_next_dist_compiled_react-dom_1e674e59._.js:9237:86)
    at Object.scheduleRefresh (http://localhost:3000/_next/static/chunks/node_modules_next_dist_compiled_react-dom_1e674e59._.js:299:13)
    at http://localhost:3000/_next/static/chunks/node_modules_next_dist_compiled_a0e4c7b4._.js:391:33
    at Set.forEach (<anonymous>)
    at Object.performReactRefresh (http://localhost:3000/_next/static/chunks/node_modules_next_dist_compiled_a0e4c7b4._.js:384:38)
    at applyUpdate (http://localhost:3000/_next/static/chunks/node_modules_next_dist_compiled_a0e4c7b4._.js:878:31)
    at http://localhost:3000/_next/static/chunks/node_modules_next_dist_compiled_a0e4c7b4._.js:886:13 @ http://localhost:3000/_next/static/chunks/node_modules_next_dist_f3530cac._.js:3127
[27421725ms] [LOG] [Fast Refresh] done in 205ms @ http://localhost:3000/_next/static/chunks/node_modules_next_dist_f3530cac._.js:2297
[27423407ms] [INFO] %cDownload the React DevTools for a better development experience: https://react.dev/link/react-devtools font-weight:bold @ http://localhost:3000/_next/static/chunks/node_modules_next_dist_f3530cac._.js:2297
[27423796ms] [LOG] [HMR] connected @ http://localhost:3000/_next/static/chunks/node_modules_next_dist_f3530cac._.js:2297
[27425311ms] [ERROR] IntlError: MISSING_MESSAGE: Could not resolve `Nav.myPerformance` in messages for locale `en`.
    at getFallbackFromErrorAndNotify (http://localhost:3000/_next/static/chunks/node_modules_5faecd26._.js:4921:23)
    at translateBaseFn (http://localhost:3000/_next/static/chunks/node_modules_5faecd26._.js:4951:28)
    at translateFn (http://localhost:3000/_next/static/chunks/node_modules_5faecd26._.js:4979:24)
    at CommandPaletteProvider.useMemo[allCommands] (http://localhost:3000/_next/static/chunks/src_5b367b92._.js:3053:32)
    at mountMemo (http://localhost:3000/_next/static/chunks/node_modules_next_dist_compiled_react-dom_1e674e59._.js:5424:25)
    at Object.useMemo (http://localhost:3000/_next/static/chunks/node_modules_next_dist_compiled_react-dom_1e674e59._.js:15003:24)
    at exports.useMemo (http://localhost:3000/_next/static/chunks/node_modules_next_dist_compiled_a0e4c7b4._.js:1742:36)
    at CommandPaletteProvider (http://localhost:3000/_next/static/chunks/src_5b367b92._.js:3033:193)
    at Object.react_stack_bottom_frame (http://localhost:3000/_next/static/chunks/node_modules_next_dist_compiled_react-dom_1e674e59._.js:14826:24)
    at renderWithHooks (http://localhost:3000/_next/static/chunks/node_modules_next_dist_compiled_react-dom_1e674e59._.js:4651:24)
    at updateFunctionComponent (http://localhost:3000/_next/static/chunks/node_modules_next_dist_compiled_react-dom_1e674e59._.js:6112:21)
    at beginWork (http://localhost:3000/_next/static/chunks/node_modules_next_dist_compiled_react-dom_1e674e59._.js:6687:639)
    at runWithFiberInDEV (http://localhost:3000/_next/static/chunks/node_modules_next_dist_compiled_react-dom_1e674e59._.js:965:74)
    at performUnitOfWork (http://localhost:3000/_next/static/chunks/node_modules_next_dist_compiled_react-dom_1e674e59._.js:9562:97)
    at workLoopConcurrentByScheduler (http://localhost:3000/_next/static/chunks/node_modules_next_dist_compiled_react-dom_1e674e59._.js:9558:58)
    at renderRootConcurrent (http://localhost:3000/_next/static/chunks/node_modules_next_dist_compiled_react-dom_1e674e59._.js:9541:71)
    at performWorkOnRoot (http://localhost:3000/_next/static/chunks/node_modules_next_dist_compiled_react-dom_1e674e59._.js:9068:150)
    at performWorkOnRootViaSchedulerTask (http://localhost:3000/_next/static/chunks/node_modules_next_dist_compiled_react-dom_1e674e59._.js:10230:9)
    at MessagePort.performWorkUntilDeadline (http://localhost:3000/_next/static/chunks/node_modules_next_dist_compiled_a0e4c7b4._.js:2647:64) @ http://localhost:3000/_next/static/chunks/node_modules_next_dist_f3530cac._.js:3127
[27425311ms] [ERROR] IntlError: MISSING_MESSAGE: Could not resolve `Nav.myPerformance` in messages for locale `en`.
    at getFallbackFromErrorAndNotify (http://localhost:3000/_next/static/chunks/node_modules_5faecd26._.js:4921:23)
    at translateBaseFn (http://localhost:3000/_next/static/chunks/node_modules_5faecd26._.js:4951:28)
    at translateFn (http://localhost:3000/_next/static/chunks/node_modules_5faecd26._.js:4979:24)
    at CommandPaletteProvider.useMemo[allCommands] (http://localhost:3000/_next/static/chunks/src_5b367b92._.js:3053:32)
    at mountMemo (http://localhost:3000/_next/static/chunks/node_modules_next_dist_compiled_react-dom_1e674e59._.js:5428:17)
    at Object.useMemo (http://localhost:3000/_next/static/chunks/node_modules_next_dist_compiled_react-dom_1e674e59._.js:15003:24)
    at exports.useMemo (http://localhost:3000/_next/static/chunks/node_modules_next_dist_compiled_a0e4c7b4._.js:1742:36)
    at CommandPaletteProvider (http://localhost:3000/_next/static/chunks/src_5b367b92._.js:3033:193)
    at Object.react_stack_bottom_frame (http://localhost:3000/_next/static/chunks/node_modules_next_dist_compiled_react-dom_1e674e59._.js:14826:24)
    at renderWithHooks (http://localhost:3000/_next/static/chunks/node_modules_next_dist_compiled_react-dom_1e674e59._.js:4651:24)
    at updateFunctionComponent (http://localhost:3000/_next/static/chunks/node_modules_next_dist_compiled_react-dom_1e674e59._.js:6112:21)
    at beginWork (http://localhost:3000/_next/static/chunks/node_modules_next_dist_compiled_react-dom_1e674e59._.js:6687:639)
    at runWithFiberInDEV (http://localhost:3000/_next/static/chunks/node_modules_next_dist_compiled_react-dom_1e674e59._.js:965:74)
    at performUnitOfWork (http://localhost:3000/_next/static/chunks/node_modules_next_dist_compiled_react-dom_1e674e59._.js:9562:97)
    at workLoopConcurrentByScheduler (http://localhost:3000/_next/static/chunks/node_modules_next_dist_compiled_react-dom_1e674e59._.js:9558:58)
    at renderRootConcurrent (http://localhost:3000/_next/static/chunks/node_modules_next_dist_compiled_react-dom_1e674e59._.js:9541:71)
    at performWorkOnRoot (http://localhost:3000/_next/static/chunks/node_modules_next_dist_compiled_react-dom_1e674e59._.js:9068:150)
    at performWorkOnRootViaSchedulerTask (http://localhost:3000/_next/static/chunks/node_modules_next_dist_compiled_react-dom_1e674e59._.js:10230:9)
    at MessagePort.performWorkUntilDeadline (http://localhost:3000/_next/static/chunks/node_modules_next_dist_compiled_a0e4c7b4._.js:2647:64) @ http://localhost:3000/_next/static/chunks/node_modules_next_dist_f3530cac._.js:3127
[27425323ms] [ERROR] IntlError: MISSING_MESSAGE: Could not resolve `Nav.myPerformance` in messages for locale `en`.
    at getFallbackFromErrorAndNotify (http://localhost:3000/_next/static/chunks/node_modules_5faecd26._.js:4921:23)
    at translateBaseFn (http://localhost:3000/_next/static/chunks/node_modules_5faecd26._.js:4951:28)
    at translateFn (http://localhost:3000/_next/static/chunks/node_modules_5faecd26._.js:4979:24)
    at http://localhost:3000/_next/static/chunks/src_5b367b92._.js:1155:63
    at Array.map (<anonymous>)
    at http://localhost:3000/_next/static/chunks/src_5b367b92._.js:1152:64
    at Array.map (<anonymous>)
    at Sidebar (http://localhost:3000/_next/static/chunks/src_5b367b92._.js:1136:166)
    at Object.react_stack_bottom_frame (http://localhost:3000/_next/static/chunks/node_modules_next_dist_compiled_react-dom_1e674e59._.js:14826:24)
    at renderWithHooks (http://localhost:3000/_next/static/chunks/node_modules_next_dist_compiled_react-dom_1e674e59._.js:4651:24)
    at updateFunctionComponent (http://localhost:3000/_next/static/chunks/node_modules_next_dist_compiled_react-dom_1e674e59._.js:6112:21)
    at beginWork (http://localhost:3000/_next/static/chunks/node_modules_next_dist_compiled_react-dom_1e674e59._.js:6708:24)
    at runWithFiberInDEV (http://localhost:3000/_next/static/chunks/node_modules_next_dist_compiled_react-dom_1e674e59._.js:965:74)
    at performUnitOfWork (http://localhost:3000/_next/static/chunks/node_modules_next_dist_compiled_react-dom_1e674e59._.js:9562:97)
    at workLoopConcurrentByScheduler (http://localhost:3000/_next/static/chunks/node_modules_next_dist_compiled_react-dom_1e674e59._.js:9558:58)
    at renderRootConcurrent (http://localhost:3000/_next/static/chunks/node_modules_next_dist_compiled_react-dom_1e674e59._.js:9541:71)
    at performWorkOnRoot (http://localhost:3000/_next/static/chunks/node_modules_next_dist_compiled_react-dom_1e674e59._.js:9068:150)
    at performWorkOnRootViaSchedulerTask (http://localhost:3000/_next/static/chunks/node_modules_next_dist_compiled_react-dom_1e674e59._.js:10230:9)
    at MessagePort.performWorkUntilDeadline (http://localhost:3000/_next/static/chunks/node_modules_next_dist_compiled_a0e4c7b4._.js:2647:64) @ http://localhost:3000/_next/static/chunks/node_modules_next_dist_f3530cac._.js:3127
[27425324ms] [ERROR] IntlError: MISSING_MESSAGE: Could not resolve `Nav.myPerformance` in messages for locale `en`.
    at getFallbackFromErrorAndNotify (http://localhost:3000/_next/static/chunks/node_modules_5faecd26._.js:4921:23)
    at translateBaseFn (http://localhost:3000/_next/static/chunks/node_modules_5faecd26._.js:4951:28)
    at translateFn (http://localhost:3000/_next/static/chunks/node_modules_5faecd26._.js:4979:24)
    at http://localhost:3000/_next/static/chunks/src_5b367b92._.js:1155:63
    at Array.map (<anonymous>)
    at http://localhost:3000/_next/static/chunks/src_5b367b92._.js:1152:64
    at Array.map (<anonymous>)
    at Sidebar (http://localhost:3000/_next/static/chunks/src_5b367b92._.js:1136:166)
    at Object.react_stack_bottom_frame (http://localhost:3000/_next/static/chunks/node_modules_next_dist_compiled_react-dom_1e674e59._.js:14826:24)
    at renderWithHooksAgain (http://localhost:3000/_next/static/chunks/node_modules_next_dist_compiled_react-dom_1e674e59._.js:4706:24)
    at renderWithHooks (http://localhost:3000/_next/static/chunks/node_modules_next_dist_compiled_react-dom_1e674e59._.js:4657:28)
    at updateFunctionComponent (http://localhost:3000/_next/static/chunks/node_modules_next_dist_compiled_react-dom_1e674e59._.js:6112:21)
    at beginWork (http://localhost:3000/_next/static/chunks/node_modules_next_dist_compiled_react-dom_1e674e59._.js:6708:24)
    at runWithFiberInDEV (http://localhost:3000/_next/static/chunks/node_modules_next_dist_compiled_react-dom_1e674e59._.js:965:74)
    at performUnitOfWork (http://localhost:3000/_next/static/chunks/node_modules_next_dist_compiled_react-dom_1e674e59._.js:9562:97)
    at workLoopConcurrentByScheduler (http://localhost:3000/_next/static/chunks/node_modules_next_dist_compiled_react-dom_1e674e59._.js:9558:58)
    at renderRootConcurrent (http://localhost:3000/_next/static/chunks/node_modules_next_dist_compiled_react-dom_1e674e59._.js:9541:71)
    at performWorkOnRoot (http://localhost:3000/_next/static/chunks/node_modules_next_dist_compiled_react-dom_1e674e59._.js:9068:150)
    at performWorkOnRootViaSchedulerTask (http://localhost:3000/_next/static/chunks/node_modules_next_dist_compiled_react-dom_1e674e59._.js:10230:9)
    at MessagePort.performWorkUntilDeadline (http://localhost:3000/_next/static/chunks/node_modules_next_dist_compiled_a0e4c7b4._.js:2647:64) @ http://localhost:3000/_next/static/chunks/node_modules_next_dist_f3530cac._.js:3127
[27425356ms] [ERROR] IntlError: MISSING_MESSAGE: Could not resolve `Nav.myPerformance` in messages for locale `en`.
    at getFallbackFromErrorAndNotify (http://localhost:3000/_next/static/chunks/node_modules_5faecd26._.js:4921:23)
    at translateBaseFn (http://localhost:3000/_next/static/chunks/node_modules_5faecd26._.js:4951:28)
    at translateFn (http://localhost:3000/_next/static/chunks/node_modules_5faecd26._.js:4979:24)
    at CommandPaletteProvider.useMemo[allCommands] (http://localhost:3000/_next/static/chunks/src_5b367b92._.js:3053:32)
    at mountMemo (http://localhost:3000/_next/static/chunks/node_modules_next_dist_compiled_react-dom_1e674e59._.js:5424:25)
    at Object.useMemo (http://localhost:3000/_next/static/chunks/node_modules_next_dist_compiled_react-dom_1e674e59._.js:15003:24)
    at exports.useMemo (http://localhost:3000/_next/static/chunks/node_modules_next_dist_compiled_a0e4c7b4._.js:1742:36)
    at CommandPaletteProvider (http://localhost:3000/_next/static/chunks/src_5b367b92._.js:3033:193)
    at Object.react_stack_bottom_frame (http://localhost:3000/_next/static/chunks/node_modules_next_dist_compiled_react-dom_1e674e59._.js:14826:24)
    at renderWithHooks (http://localhost:3000/_next/static/chunks/node_modules_next_dist_compiled_react-dom_1e674e59._.js:4651:24)
    at updateFunctionComponent (http://localhost:3000/_next/static/chunks/node_modules_next_dist_compiled_react-dom_1e674e59._.js:6112:21)
    at beginWork (http://localhost:3000/_next/static/chunks/node_modules_next_dist_compiled_react-dom_1e674e59._.js:6687:639)
    at runWithFiberInDEV (http://localhost:3000/_next/static/chunks/node_modules_next_dist_compiled_react-dom_1e674e59._.js:965:74)
    at performUnitOfWork (http://localhost:3000/_next/static/chunks/node_modules_next_dist_compiled_react-dom_1e674e59._.js:9562:97)
    at workLoopConcurrentByScheduler (http://localhost:3000/_next/static/chunks/node_modules_next_dist_compiled_react-dom_1e674e59._.js:9558:58)
    at renderRootConcurrent (http://localhost:3000/_next/static/chunks/node_modules_next_dist_compiled_react-dom_1e674e59._.js:9541:71)
    at performWorkOnRoot (http://localhost:3000/_next/static/chunks/node_modules_next_dist_compiled_react-dom_1e674e59._.js:9068:150)
    at performWorkOnRootViaSchedulerTask (http://localhost:3000/_next/static/chunks/node_modules_next_dist_compiled_react-dom_1e674e59._.js:10230:9)
    at MessagePort.performWorkUntilDeadline (http://localhost:3000/_next/static/chunks/node_modules_next_dist_compiled_a0e4c7b4._.js:2647:64) @ http://localhost:3000/_next/static/chunks/node_modules_next_dist_f3530cac._.js:3127
[27425356ms] [ERROR] IntlError: MISSING_MESSAGE: Could not resolve `Nav.myPerformance` in messages for locale `en`.
    at getFallbackFromErrorAndNotify (http://localhost:3000/_next/static/chunks/node_modules_5faecd26._.js:4921:23)
    at translateBaseFn (http://localhost:3000/_next/static/chunks/node_modules_5faecd26._.js:4951:28)
    at translateFn (http://localhost:3000/_next/static/chunks/node_modules_5faecd26._.js:4979:24)
    at CommandPaletteProvider.useMemo[allCommands] (http://localhost:3000/_next/static/chunks/src_5b367b92._.js:3053:32)
    at mountMemo (http://localhost:3000/_next/static/chunks/node_modules_next_dist_compiled_react-dom_1e674e59._.js:5428:17)
    at Object.useMemo (http://localhost:3000/_next/static/chunks/node_modules_next_dist_compiled_react-dom_1e674e59._.js:15003:24)
    at exports.useMemo (http://localhost:3000/_next/static/chunks/node_modules_next_dist_compiled_a0e4c7b4._.js:1742:36)
    at CommandPaletteProvider (http://localhost:3000/_next/static/chunks/src_5b367b92._.js:3033:193)
    at Object.react_stack_bottom_frame (http://localhost:3000/_next/static/chunks/node_modules_next_dist_compiled_react-dom_1e674e59._.js:14826:24)
    at renderWithHooks (http://localhost:3000/_next/static/chunks/node_modules_next_dist_compiled_react-dom_1e674e59._.js:4651:24)
    at updateFunctionComponent (http://localhost:3000/_next/static/chunks/node_modules_next_dist_compiled_react-dom_1e674e59._.js:6112:21)
    at beginWork (http://localhost:3000/_next/static/chunks/node_modules_next_dist_compiled_react-dom_1e674e59._.js:6687:639)
    at runWithFiberInDEV (http://localhost:3000/_next/static/chunks/node_modules_next_dist_compiled_react-dom_1e674e59._.js:965:74)
    at performUnitOfWork (http://localhost:3000/_next/static/chunks/node_modules_next_dist_compiled_react-dom_1e674e59._.js:9562:97)
    at workLoopConcurrentByScheduler (http://localhost:3000/_next/static/chunks/node_modules_next_dist_compiled_react-dom_1e674e59._.js:9558:58)
    at renderRootConcurrent (http://localhost:3000/_next/static/chunks/node_modules_next_dist_compiled_react-dom_1e674e59._.js:9541:71)
    at performWorkOnRoot (http://localhost:3000/_next/static/chunks/node_modules_next_dist_compiled_react-dom_1e674e59._.js:9068:150)
    at performWorkOnRootViaSchedulerTask (http://localhost:3000/_next/static/chunks/node_modules_next_dist_compiled_react-dom_1e674e59._.js:10230:9)
    at MessagePort.performWorkUntilDeadline (http://localhost:3000/_next/static/chunks/node_modules_next_dist_compiled_a0e4c7b4._.js:2647:64) @ http://localhost:3000/_next/static/chunks/node_modules_next_dist_f3530cac._.js:3127
[27425357ms] [ERROR] IntlError: MISSING_MESSAGE: Could not resolve `Nav.myPerformance` in messages for locale `en`.
    at getFallbackFromErrorAndNotify (http://localhost:3000/_next/static/chunks/node_modules_5faecd26._.js:4921:23)
    at translateBaseFn (http://localhost:3000/_next/static/chunks/node_modules_5faecd26._.js:4951:28)
    at translateFn (http://localhost:3000/_next/static/chunks/node_modules_5faecd26._.js:4979:24)
    at http://localhost:3000/_next/static/chunks/src_5b367b92._.js:1155:63
    at Array.map (<anonymous>)
    at http://localhost:3000/_next/static/chunks/src_5b367b92._.js:1152:64
    at Array.map (<anonymous>)
    at Sidebar (http://localhost:3000/_next/static/chunks/src_5b367b92._.js:1136:166)
    at Object.react_stack_bottom_frame (http://localhost:3000/_next/static/chunks/node_modules_next_dist_compiled_react-dom_1e674e59._.js:14826:24)
    at renderWithHooks (http://localhost:3000/_next/static/chunks/node_modules_next_dist_compiled_react-dom_1e674e59._.js:4651:24)
    at updateFunctionComponent (http://localhost:3000/_next/static/chunks/node_modules_next_dist_compiled_react-dom_1e674e59._.js:6112:21)
    at beginWork (http://localhost:3000/_next/static/chunks/node_modules_next_dist_compiled_react-dom_1e674e59._.js:6708:24)
    at runWithFiberInDEV (http://localhost:3000/_next/static/chunks/node_modules_next_dist_compiled_react-dom_1e674e59._.js:965:74)
    at performUnitOfWork (http://localhost:3000/_next/static/chunks/node_modules_next_dist_compiled_react-dom_1e674e59._.js:9562:97)
    at workLoopConcurrentByScheduler (http://localhost:3000/_next/static/chunks/node_modules_next_dist_compiled_react-dom_1e674e59._.js:9558:58)
    at renderRootConcurrent (http://localhost:3000/_next/static/chunks/node_modules_next_dist_compiled_react-dom_1e674e59._.js:9541:71)
    at performWorkOnRoot (http://localhost:3000/_next/static/chunks/node_modules_next_dist_compiled_react-dom_1e674e59._.js:9068:150)
    at performWorkOnRootViaSchedulerTask (http://localhost:3000/_next/static/chunks/node_modules_next_dist_compiled_react-dom_1e674e59._.js:10230:9)
    at MessagePort.performWorkUntilDeadline (http://localhost:3000/_next/static/chunks/node_modules_next_dist_compiled_a0e4c7b4._.js:2647:64) @ http://localhost:3000/_next/static/chunks/node_modules_next_dist_f3530cac._.js:3127
[27425357ms] [ERROR] IntlError: MISSING_MESSAGE: Could not resolve `Nav.myPerformance` in messages for locale `en`.
    at getFallbackFromErrorAndNotify (http://localhost:3000/_next/static/chunks/node_modules_5faecd26._.js:4921:23)
    at translateBaseFn (http://localhost:3000/_next/static/chunks/node_modules_5faecd26._.js:4951:28)
    at translateFn (http://localhost:3000/_next/static/chunks/node_modules_5faecd26._.js:4979:24)
    at http://localhost:3000/_next/static/chunks/src_5b367b92._.js:1155:63
    at Array.map (<anonymous>)
    at http://localhost:3000/_next/static/chunks/src_5b367b92._.js:1152:64
    at Array.map (<anonymous>)
    at Sidebar (http://localhost:3000/_next/static/chunks/src_5b367b92._.js:1136:166)
    at Object.react_stack_bottom_frame (http://localhost:3000/_next/static/chunks/node_modules_next_dist_compiled_react-dom_1e674e59._.js:14826:24)
    at renderWithHooksAgain (http://localhost:3000/_next/static/chunks/node_modules_next_dist_compiled_react-dom_1e674e59._.js:4706:24)
    at renderWithHooks (http://localhost:3000/_next/static/chunks/node_modules_next_dist_compiled_react-dom_1e674e59._.js:4657:28)
    at updateFunctionComponent (http://localhost:3000/_next/static/chunks/node_modules_next_dist_compiled_react-dom_1e674e59._.js:6112:21)
    at beginWork (http://localhost:3000/_next/static/chunks/node_modules_next_dist_compiled_react-dom_1e674e59._.js:6708:24)
    at runWithFiberInDEV (http://localhost:3000/_next/static/chunks/node_modules_next_dist_compiled_react-dom_1e674e59._.js:965:74)
    at performUnitOfWork (http://localhost:3000/_next/static/chunks/node_modules_next_dist_compiled_react-dom_1e674e59._.js:9562:97)
    at workLoopConcurrentByScheduler (http://localhost:3000/_next/static/chunks/node_modules_next_dist_compiled_react-dom_1e674e59._.js:9558:58)
    at renderRootConcurrent (http://localhost:3000/_next/static/chunks/node_modules_next_dist_compiled_react-dom_1e674e59._.js:9541:71)
    at performWorkOnRoot (http://localhost:3000/_next/static/chunks/node_modules_next_dist_compiled_react-dom_1e674e59._.js:9068:150)
    at performWorkOnRootViaSchedulerTask (http://localhost:3000/_next/static/chunks/node_modules_next_dist_compiled_react-dom_1e674e59._.js:10230:9)
    at MessagePort.performWorkUntilDeadline (http://localhost:3000/_next/static/chunks/node_modules_next_dist_compiled_a0e4c7b4._.js:2647:64) @ http://localhost:3000/_next/static/chunks/node_modules_next_dist_f3530cac._.js:3127
[27425364ms] [ERROR] IntlError: MISSING_MESSAGE: Could not resolve `Nav.myPerformance` in messages for locale `en`.
    at getFallbackFromErrorAndNotify (http://localhost:3000/_next/static/chunks/node_modules_5faecd26._.js:4921:23)
    at translateBaseFn (http://localhost:3000/_next/static/chunks/node_modules_5faecd26._.js:4951:28)
    at translateFn (http://localhost:3000/_next/static/chunks/node_modules_5faecd26._.js:4979:24)
    at CommandPaletteProvider.useMemo[allCommands] (http://localhost:3000/_next/static/chunks/src_5b367b92._.js:3053:32)
    at mountMemo (http://localhost:3000/_next/static/chunks/node_modules_next_dist_compiled_react-dom_1e674e59._.js:5424:25)
    at Object.useMemo (http://localhost:3000/_next/static/chunks/node_modules_next_dist_compiled_react-dom_1e674e59._.js:15003:24)
    at exports.useMemo (http://localhost:3000/_next/static/chunks/node_modules_next_dist_compiled_a0e4c7b4._.js:1742:36)
    at CommandPaletteProvider (http://localhost:3000/_next/static/chunks/src_5b367b92._.js:3033:193)
    at Object.react_stack_bottom_frame (http://localhost:3000/_next/static/chunks/node_modules_next_dist_compiled_react-dom_1e674e59._.js:14826:24)
    at renderWithHooks (http://localhost:3000/_next/static/chunks/node_modules_next_dist_compiled_react-dom_1e674e59._.js:4651:24)
    at updateFunctionComponent (http://localhost:3000/_next/static/chunks/node_modules_next_dist_compiled_react-dom_1e674e59._.js:6112:21)
    at beginWork (http://localhost:3000/_next/static/chunks/node_modules_next_dist_compiled_react-dom_1e674e59._.js:6687:639)
    at runWithFiberInDEV (http://localhost:3000/_next/static/chunks/node_modules_next_dist_compiled_react-dom_1e674e59._.js:965:74)
    at performUnitOfWork (http://localhost:3000/_next/static/chunks/node_modules_next_dist_compiled_react-dom_1e674e59._.js:9562:97)
    at workLoopConcurrentByScheduler (http://localhost:3000/_next/static/chunks/node_modules_next_dist_compiled_react-dom_1e674e59._.js:9558:58)
    at renderRootConcurrent (http://localhost:3000/_next/static/chunks/node_modules_next_dist_compiled_react-dom_1e674e59._.js:9541:71)
    at performWorkOnRoot (http://localhost:3000/_next/static/chunks/node_modules_next_dist_compiled_react-dom_1e674e59._.js:9068:150)
    at performWorkOnRootViaSchedulerTask (http://localhost:3000/_next/static/chunks/node_modules_next_dist_compiled_react-dom_1e674e59._.js:10230:9)
    at MessagePort.performWorkUntilDeadline (http://localhost:3000/_next/static/chunks/node_modules_next_dist_compiled_a0e4c7b4._.js:2647:64) @ http://localhost:3000/_next/static/chunks/node_modules_next_dist_f3530cac._.js:3127
[27425364ms] [ERROR] IntlError: MISSING_MESSAGE: Could not resolve `Nav.myPerformance` in messages for locale `en`.
    at getFallbackFromErrorAndNotify (http://localhost:3000/_next/static/chunks/node_modules_5faecd26._.js:4921:23)
    at translateBaseFn (http://localhost:3000/_next/static/chunks/node_modules_5faecd26._.js:4951:28)
    at translateFn (http://localhost:3000/_next/static/chunks/node_modules_5faecd26._.js:4979:24)
    at CommandPaletteProvider.useMemo[allCommands] (http://localhost:3000/_next/static/chunks/src_5b367b92._.js:3053:32)
    at mountMemo (http://localhost:3000/_next/static/chunks/node_modules_next_dist_compiled_react-dom_1e674e59._.js:5428:17)
    at Object.useMemo (http://localhost:3000/_next/static/chunks/node_modules_next_dist_compiled_react-dom_1e674e59._.js:15003:24)
    at exports.useMemo (http://localhost:3000/_next/static/chunks/node_modules_next_dist_compiled_a0e4c7b4._.js:1742:36)
    at CommandPaletteProvider (http://localhost:3000/_next/static/chunks/src_5b367b92._.js:3033:193)
    at Object.react_stack_bottom_frame (http://localhost:3000/_next/static/chunks/node_modules_next_dist_compiled_react-dom_1e674e59._.js:14826:24)
    at renderWithHooks (http://localhost:3000/_next/static/chunks/node_modules_next_dist_compiled_react-dom_1e674e59._.js:4651:24)
    at updateFunctionComponent (http://localhost:3000/_next/static/chunks/node_modules_next_dist_compiled_react-dom_1e674e59._.js:6112:21)
    at beginWork (http://localhost:3000/_next/static/chunks/node_modules_next_dist_compiled_react-dom_1e674e59._.js:6687:639)
    at runWithFiberInDEV (http://localhost:3000/_next/static/chunks/node_modules_next_dist_compiled_react-dom_1e674e59._.js:965:74)
    at performUnitOfWork (http://localhost:3000/_next/static/chunks/node_modules_next_dist_compiled_react-dom_1e674e59._.js:9562:97)
    at workLoopConcurrentByScheduler (http://localhost:3000/_next/static/chunks/node_modules_next_dist_compiled_react-dom_1e674e59._.js:9558:58)
    at renderRootConcurrent (http://localhost:3000/_next/static/chunks/node_modules_next_dist_compiled_react-dom_1e674e59._.js:9541:71)
    at performWorkOnRoot (http://localhost:3000/_next/static/chunks/node_modules_next_dist_compiled_react-dom_1e674e59._.js:9068:150)
    at performWorkOnRootViaSchedulerTask (http://localhost:3000/_next/static/chunks/node_modules_next_dist_compiled_react-dom_1e674e59._.js:10230:9)
    at MessagePort.performWorkUntilDeadline (http://localhost:3000/_next/static/chunks/node_modules_next_dist_compiled_a0e4c7b4._.js:2647:64) @ http://localhost:3000/_next/static/chunks/node_modules_next_dist_f3530cac._.js:3127
[27425365ms] [ERROR] IntlError: MISSING_MESSAGE: Could not resolve `Nav.myPerformance` in messages for locale `en`.
    at getFallbackFromErrorAndNotify (http://localhost:3000/_next/static/chunks/node_modules_5faecd26._.js:4921:23)
    at translateBaseFn (http://localhost:3000/_next/static/chunks/node_modules_5faecd26._.js:4951:28)
    at translateFn (http://localhost:3000/_next/static/chunks/node_modules_5faecd26._.js:4979:24)
    at http://localhost:3000/_next/static/chunks/src_5b367b92._.js:1155:63
    at Array.map (<anonymous>)
    at http://localhost:3000/_next/static/chunks/src_5b367b92._.js:1152:64
    at Array.map (<anonymous>)
    at Sidebar (http://localhost:3000/_next/static/chunks/src_5b367b92._.js:1136:166)
    at Object.react_stack_bottom_frame (http://localhost:3000/_next/static/chunks/node_modules_next_dist_compiled_react-dom_1e674e59._.js:14826:24)
    at renderWithHooks (http://localhost:3000/_next/static/chunks/node_modules_next_dist_compiled_react-dom_1e674e59._.js:4651:24)
    at updateFunctionComponent (http://localhost:3000/_next/static/chunks/node_modules_next_dist_compiled_react-dom_1e674e59._.js:6112:21)
    at beginWork (http://localhost:3000/_next/static/chunks/node_modules_next_dist_compiled_react-dom_1e674e59._.js:6708:24)
    at runWithFiberInDEV (http://localhost:3000/_next/static/chunks/node_modules_next_dist_compiled_react-dom_1e674e59._.js:965:74)
    at performUnitOfWork (http://localhost:3000/_next/static/chunks/node_modules_next_dist_compiled_react-dom_1e674e59._.js:9562:97)
    at workLoopConcurrentByScheduler (http://localhost:3000/_next/static/chunks/node_modules_next_dist_compiled_react-dom_1e674e59._.js:9558:58)
    at renderRootConcurrent (http://localhost:3000/_next/static/chunks/node_modules_next_dist_compiled_react-dom_1e674e59._.js:9541:71)
    at performWorkOnRoot (http://localhost:3000/_next/static/chunks/node_modules_next_dist_compiled_react-dom_1e674e59._.js:9068:150)
    at performWorkOnRootViaSchedulerTask (http://localhost:3000/_next/static/chunks/node_modules_next_dist_compiled_react-dom_1e674e59._.js:10230:9)
    at MessagePort.performWorkUntilDeadline (http://localhost:3000/_next/static/chunks/node_modules_next_dist_compiled_a0e4c7b4._.js:2647:64) @ http://localhost:3000/_next/static/chunks/node_modules_next_dist_f3530cac._.js:3127
[27425366ms] [ERROR] IntlError: MISSING_MESSAGE: Could not resolve `Nav.myPerformance` in messages for locale `en`.
    at getFallbackFromErrorAndNotify (http://localhost:3000/_next/static/chunks/node_modules_5faecd26._.js:4921:23)
    at translateBaseFn (http://localhost:3000/_next/static/chunks/node_modules_5faecd26._.js:4951:28)
    at translateFn (http://localhost:3000/_next/static/chunks/node_modules_5faecd26._.js:4979:24)
    at http://localhost:3000/_next/static/chunks/src_5b367b92._.js:1155:63
    at Array.map (<anonymous>)
    at http://localhost:3000/_next/static/chunks/src_5b367b92._.js:1152:64
    at Array.map (<anonymous>)
    at Sidebar (http://localhost:3000/_next/static/chunks/src_5b367b92._.js:1136:166)
    at Object.react_stack_bottom_frame (http://localhost:3000/_next/static/chunks/node_modules_next_dist_compiled_react-dom_1e674e59._.js:14826:24)
    at renderWithHooksAgain (http://localhost:3000/_next/static/chunks/node_modules_next_dist_compiled_react-dom_1e674e59._.js:4706:24)
    at renderWithHooks (http://localhost:3000/_next/static/chunks/node_modules_next_dist_compiled_react-dom_1e674e59._.js:4657:28)
    at updateFunctionComponent (http://localhost:3000/_next/static/chunks/node_modules_next_dist_compiled_react-dom_1e674e59._.js:6112:21)
    at beginWork (http://localhost:3000/_next/static/chunks/node_modules_next_dist_compiled_react-dom_1e674e59._.js:6708:24)
    at runWithFiberInDEV (http://localhost:3000/_next/static/chunks/node_modules_next_dist_compiled_react-dom_1e674e59._.js:965:74)
    at performUnitOfWork (http://localhost:3000/_next/static/chunks/node_modules_next_dist_compiled_react-dom_1e674e59._.js:9562:97)
    at workLoopConcurrentByScheduler (http://localhost:3000/_next/static/chunks/node_modules_next_dist_compiled_react-dom_1e674e59._.js:9558:58)
    at renderRootConcurrent (http://localhost:3000/_next/static/chunks/node_modules_next_dist_compiled_react-dom_1e674e59._.js:9541:71)
    at performWorkOnRoot (http://localhost:3000/_next/static/chunks/node_modules_next_dist_compiled_react-dom_1e674e59._.js:9068:150)
    at performWorkOnRootViaSchedulerTask (http://localhost:3000/_next/static/chunks/node_modules_next_dist_compiled_react-dom_1e674e59._.js:10230:9)
    at MessagePort.performWorkUntilDeadline (http://localhost:3000/_next/static/chunks/node_modules_next_dist_compiled_a0e4c7b4._.js:2647:64) @ http://localhost:3000/_next/static/chunks/node_modules_next_dist_f3530cac._.js:3127
[27425372ms] [ERROR] IntlError: MISSING_MESSAGE: Could not resolve `Nav.myPerformance` in messages for locale `en`.
    at getFallbackFromErrorAndNotify (http://localhost:3000/_next/static/chunks/node_modules_5faecd26._.js:4921:23)
    at translateBaseFn (http://localhost:3000/_next/static/chunks/node_modules_5faecd26._.js:4951:28)
    at translateFn (http://localhost:3000/_next/static/chunks/node_modules_5faecd26._.js:4979:24)
    at CommandPaletteProvider.useMemo[allCommands] (http://localhost:3000/_next/static/chunks/src_5b367b92._.js:3053:32)
    at mountMemo (http://localhost:3000/_next/static/chunks/node_modules_next_dist_compiled_react-dom_1e674e59._.js:5424:25)
    at Object.useMemo (http://localhost:3000/_next/static/chunks/node_modules_next_dist_compiled_react-dom_1e674e59._.js:15003:24)
    at exports.useMemo (http://localhost:3000/_next/static/chunks/node_modules_next_dist_compiled_a0e4c7b4._.js:1742:36)
    at CommandPaletteProvider (http://localhost:3000/_next/static/chunks/src_5b367b92._.js:3033:193)
    at Object.react_stack_bottom_frame (http://localhost:3000/_next/static/chunks/node_modules_next_dist_compiled_react-dom_1e674e59._.js:14826:24)
    at renderWithHooks (http://localhost:3000/_next/static/chunks/node_modules_next_dist_compiled_react-dom_1e674e59._.js:4651:24)
    at updateFunctionComponent (http://localhost:3000/_next/static/chunks/node_modules_next_dist_compiled_react-dom_1e674e59._.js:6112:21)
    at beginWork (http://localhost:3000/_next/static/chunks/node_modules_next_dist_compiled_react-dom_1e674e59._.js:6687:639)
    at runWithFiberInDEV (http://localhost:3000/_next/static/chunks/node_modules_next_dist_compiled_react-dom_1e674e59._.js:965:74)
    at performUnitOfWork (http://localhost:3000/_next/static/chunks/node_modules_next_dist_compiled_react-dom_1e674e59._.js:9562:97)
    at workLoopConcurrentByScheduler (http://localhost:3000/_next/static/chunks/node_modules_next_dist_compiled_react-dom_1e674e59._.js:9558:58)
    at renderRootConcurrent (http://localhost:3000/_next/static/chunks/node_modules_next_dist_compiled_react-dom_1e674e59._.js:9541:71)
    at performWorkOnRoot (http://localhost:3000/_next/static/chunks/node_modules_next_dist_compiled_react-dom_1e674e59._.js:9068:150)
    at performWorkOnRootViaSchedulerTask (http://localhost:3000/_next/static/chunks/node_modules_next_dist_compiled_react-dom_1e674e59._.js:10230:9)
    at MessagePort.performWorkUntilDeadline (http://localhost:3000/_next/static/chunks/node_modules_next_dist_compiled_a0e4c7b4._.js:2647:64) @ http://localhost:3000/_next/static/chunks/node_modules_next_dist_f3530cac._.js:3127
[27425372ms] [ERROR] IntlError: MISSING_MESSAGE: Could not resolve `Nav.myPerformance` in messages for locale `en`.
    at getFallbackFromErrorAndNotify (http://localhost:3000/_next/static/chunks/node_modules_5faecd26._.js:4921:23)
    at translateBaseFn (http://localhost:3000/_next/static/chunks/node_modules_5faecd26._.js:4951:28)
    at translateFn (http://localhost:3000/_next/static/chunks/node_modules_5faecd26._.js:4979:24)
    at CommandPaletteProvider.useMemo[allCommands] (http://localhost:3000/_next/static/chunks/src_5b367b92._.js:3053:32)
    at mountMemo (http://localhost:3000/_next/static/chunks/node_modules_next_dist_compiled_react-dom_1e674e59._.js:5428:17)
    at Object.useMemo (http://localhost:3000/_next/static/chunks/node_modules_next_dist_compiled_react-dom_1e674e59._.js:15003:24)
    at exports.useMemo (http://localhost:3000/_next/static/chunks/node_modules_next_dist_compiled_a0e4c7b4._.js:1742:36)
    at CommandPaletteProvider (http://localhost:3000/_next/static/chunks/src_5b367b92._.js:3033:193)
    at Object.react_stack_bottom_frame (http://localhost:3000/_next/static/chunks/node_modules_next_dist_compiled_react-dom_1e674e59._.js:14826:24)
    at renderWithHooks (http://localhost:3000/_next/static/chunks/node_modules_next_dist_compiled_react-dom_1e674e59._.js:4651:24)
    at updateFunctionComponent (http://localhost:3000/_next/static/chunks/node_modules_next_dist_compiled_react-dom_1e674e59._.js:6112:21)
    at beginWork (http://localhost:3000/_next/static/chunks/node_modules_next_dist_compiled_react-dom_1e674e59._.js:6687:639)
    at runWithFiberInDEV (http://localhost:3000/_next/static/chunks/node_modules_next_dist_compiled_react-dom_1e674e59._.js:965:74)
    at performUnitOfWork (http://localhost:3000/_next/static/chunks/node_modules_next_dist_compiled_react-dom_1e674e59._.js:9562:97)
    at workLoopConcurrentByScheduler (http://localhost:3000/_next/static/chunks/node_modules_next_dist_compiled_react-dom_1e674e59._.js:9558:58)
    at renderRootConcurrent (http://localhost:3000/_next/static/chunks/node_modules_next_dist_compiled_react-dom_1e674e59._.js:9541:71)
    at performWorkOnRoot (http://localhost:3000/_next/static/chunks/node_modules_next_dist_compiled_react-dom_1e674e59._.js:9068:150)
    at performWorkOnRootViaSchedulerTask (http://localhost:3000/_next/static/chunks/node_modules_next_dist_compiled_react-dom_1e674e59._.js:10230:9)
    at MessagePort.performWorkUntilDeadline (http://localhost:3000/_next/static/chunks/node_modules_next_dist_compiled_a0e4c7b4._.js:2647:64) @ http://localhost:3000/_next/static/chunks/node_modules_next_dist_f3530cac._.js:3127
[27425373ms] [ERROR] IntlError: MISSING_MESSAGE: Could not resolve `Nav.myPerformance` in messages for locale `en`.
    at getFallbackFromErrorAndNotify (http://localhost:3000/_next/static/chunks/node_modules_5faecd26._.js:4921:23)
    at translateBaseFn (http://localhost:3000/_next/static/chunks/node_modules_5faecd26._.js:4951:28)
    at translateFn (http://localhost:3000/_next/static/chunks/node_modules_5faecd26._.js:4979:24)
    at http://localhost:3000/_next/static/chunks/src_5b367b92._.js:1155:63
    at Array.map (<anonymous>)
    at http://localhost:3000/_next/static/chunks/src_5b367b92._.js:1152:64
    at Array.map (<anonymous>)
    at Sidebar (http://localhost:3000/_next/static/chunks/src_5b367b92._.js:1136:166)
    at Object.react_stack_bottom_frame (http://localhost:3000/_next/static/chunks/node_modules_next_dist_compiled_react-dom_1e674e59._.js:14826:24)
    at renderWithHooks (http://localhost:3000/_next/static/chunks/node_modules_next_dist_compiled_react-dom_1e674e59._.js:4651:24)
    at updateFunctionComponent (http://localhost:3000/_next/static/chunks/node_modules_next_dist_compiled_react-dom_1e674e59._.js:6112:21)
    at beginWork (http://localhost:3000/_next/static/chunks/node_modules_next_dist_compiled_react-dom_1e674e59._.js:6708:24)
    at runWithFiberInDEV (http://localhost:3000/_next/static/chunks/node_modules_next_dist_compiled_react-dom_1e674e59._.js:965:74)
    at performUnitOfWork (http://localhost:3000/_next/static/chunks/node_modules_next_dist_compiled_react-dom_1e674e59._.js:9562:97)
    at workLoopConcurrentByScheduler (http://localhost:3000/_next/static/chunks/node_modules_next_dist_compiled_react-dom_1e674e59._.js:9558:58)
    at renderRootConcurrent (http://localhost:3000/_next/static/chunks/node_modules_next_dist_compiled_react-dom_1e674e59._.js:9541:71)
    at performWorkOnRoot (http://localhost:3000/_next/static/chunks/node_modules_next_dist_compiled_react-dom_1e674e59._.js:9068:150)
    at performWorkOnRootViaSchedulerTask (http://localhost:3000/_next/static/chunks/node_modules_next_dist_compiled_react-dom_1e674e59._.js:10230:9)
    at MessagePort.performWorkUntilDeadline (http://localhost:3000/_next/static/chunks/node_modules_next_dist_compiled_a0e4c7b4._.js:2647:64) @ http://localhost:3000/_next/static/chunks/node_modules_next_dist_f3530cac._.js:3127
[27425374ms] [ERROR] IntlError: MISSING_MESSAGE: Could not resolve `Nav.myPerformance` in messages for locale `en`.
    at getFallbackFromErrorAndNotify (http://localhost:3000/_next/static/chunks/node_modules_5faecd26._.js:4921:23)
    at translateBaseFn (http://localhost:3000/_next/static/chunks/node_modules_5faecd26._.js:4951:28)
    at translateFn (http://localhost:3000/_next/static/chunks/node_modules_5faecd26._.js:4979:24)
    at http://localhost:3000/_next/static/chunks/src_5b367b92._.js:1155:63
    at Array.map (<anonymous>)
    at http://localhost:3000/_next/static/chunks/src_5b367b92._.js:1152:64
    at Array.map (<anonymous>)
    at Sidebar (http://localhost:3000/_next/static/chunks/src_5b367b92._.js:1136:166)
    at Object.react_stack_bottom_frame (http://localhost:3000/_next/static/chunks/node_modules_next_dist_compiled_react-dom_1e674e59._.js:14826:24)
    at renderWithHooksAgain (http://localhost:3000/_next/static/chunks/node_modules_next_dist_compiled_react-dom_1e674e59._.js:4706:24)
    at renderWithHooks (http://localhost:3000/_next/static/chunks/node_modules_next_dist_compiled_react-dom_1e674e59._.js:4657:28)
    at updateFunctionComponent (http://localhost:3000/_next/static/chunks/node_modules_next_dist_compiled_react-dom_1e674e59._.js:6112:21)
    at beginWork (http://localhost:3000/_next/static/chunks/node_modules_next_dist_compiled_react-dom_1e674e59._.js:6708:24)
    at runWithFiberInDEV (http://localhost:3000/_next/static/chunks/node_modules_next_dist_compiled_react-dom_1e674e59._.js:965:74)
    at performUnitOfWork (http://localhost:3000/_next/static/chunks/node_modules_next_dist_compiled_react-dom_1e674e59._.js:9562:97)
    at workLoopConcurrentByScheduler (http://localhost:3000/_next/static/chunks/node_modules_next_dist_compiled_react-dom_1e674e59._.js:9558:58)
    at renderRootConcurrent (http://localhost:3000/_next/static/chunks/node_modules_next_dist_compiled_react-dom_1e674e59._.js:9541:71)
    at performWorkOnRoot (http://localhost:3000/_next/static/chunks/node_modules_next_dist_compiled_react-dom_1e674e59._.js:9068:150)
    at performWorkOnRootViaSchedulerTask (http://localhost:3000/_next/static/chunks/node_modules_next_dist_compiled_react-dom_1e674e59._.js:10230:9)
    at MessagePort.performWorkUntilDeadline (http://localhost:3000/_next/static/chunks/node_modules_next_dist_compiled_a0e4c7b4._.js:2647:64) @ http://localhost:3000/_next/static/chunks/node_modules_next_dist_f3530cac._.js:3127
[27425380ms] [ERROR] IntlError: MISSING_MESSAGE: Could not resolve `Nav.myPerformance` in messages for locale `en`.
    at getFallbackFromErrorAndNotify (http://localhost:3000/_next/static/chunks/node_modules_5faecd26._.js:4921:23)
    at translateBaseFn (http://localhost:3000/_next/static/chunks/node_modules_5faecd26._.js:4951:28)
    at translateFn (http://localhost:3000/_next/static/chunks/node_modules_5faecd26._.js:4979:24)
    at CommandPaletteProvider.useMemo[allCommands] (http://localhost:3000/_next/static/chunks/src_5b367b92._.js:3053:32)
    at mountMemo (http://localhost:3000/_next/static/chunks/node_modules_next_dist_compiled_react-dom_1e674e59._.js:5424:25)
    at Object.useMemo (http://localhost:3000/_next/static/chunks/node_modules_next_dist_compiled_react-dom_1e674e59._.js:15003:24)
    at exports.useMemo (http://localhost:3000/_next/static/chunks/node_modules_next_dist_compiled_a0e4c7b4._.js:1742:36)
    at CommandPaletteProvider (http://localhost:3000/_next/static/chunks/src_5b367b92._.js:3033:193)
    at Object.react_stack_bottom_frame (http://localhost:3000/_next/static/chunks/node_modules_next_dist_compiled_react-dom_1e674e59._.js:14826:24)
    at renderWithHooks (http://localhost:3000/_next/static/chunks/node_modules_next_dist_compiled_react-dom_1e674e59._.js:4651:24)
    at updateFunctionComponent (http://localhost:3000/_next/static/chunks/node_modules_next_dist_compiled_react-dom_1e674e59._.js:6112:21)
    at beginWork (http://localhost:3000/_next/static/chunks/node_modules_next_dist_compiled_react-dom_1e674e59._.js:6687:639)
    at runWithFiberInDEV (http://localhost:3000/_next/static/chunks/node_modules_next_dist_compiled_react-dom_1e674e59._.js:965:74)
    at performUnitOfWork (http://localhost:3000/_next/static/chunks/node_modules_next_dist_compiled_react-dom_1e674e59._.js:9562:97)
    at workLoopConcurrentByScheduler (http://localhost:3000/_next/static/chunks/node_modules_next_dist_compiled_react-dom_1e674e59._.js:9558:58)
    at renderRootConcurrent (http://localhost:3000/_next/static/chunks/node_modules_next_dist_compiled_react-dom_1e674e59._.js:9541:71)
    at performWorkOnRoot (http://localhost:3000/_next/static/chunks/node_modules_next_dist_compiled_react-dom_1e674e59._.js:9068:150)
    at performWorkOnRootViaSchedulerTask (http://localhost:3000/_next/static/chunks/node_modules_next_dist_compiled_react-dom_1e674e59._.js:10230:9)
    at MessagePort.performWorkUntilDeadline (http://localhost:3000/_next/static/chunks/node_modules_next_dist_compiled_a0e4c7b4._.js:2647:64) @ http://localhost:3000/_next/static/chunks/node_modules_next_dist_f3530cac._.js:3127
[27425381ms] [ERROR] IntlError: MISSING_MESSAGE: Could not resolve `Nav.myPerformance` in messages for locale `en`.
    at getFallbackFromErrorAndNotify (http://localhost:3000/_next/static/chunks/node_modules_5faecd26._.js:4921:23)
    at translateBaseFn (http://localhost:3000/_next/static/chunks/node_modules_5faecd26._.js:4951:28)
    at translateFn (http://localhost:3000/_next/static/chunks/node_modules_5faecd26._.js:4979:24)
    at CommandPaletteProvider.useMemo[allCommands] (http://localhost:3000/_next/static/chunks/src_5b367b92._.js:3053:32)
    at mountMemo (http://localhost:3000/_next/static/chunks/node_modules_next_dist_compiled_react-dom_1e674e59._.js:5428:17)
    at Object.useMemo (http://localhost:3000/_next/static/chunks/node_modules_next_dist_compiled_react-dom_1e674e59._.js:15003:24)
    at exports.useMemo (http://localhost:3000/_next/static/chunks/node_modules_next_dist_compiled_a0e4c7b4._.js:1742:36)
    at CommandPaletteProvider (http://localhost:3000/_next/static/chunks/src_5b367b92._.js:3033:193)
    at Object.react_stack_bottom_frame (http://localhost:3000/_next/static/chunks/node_modules_next_dist_compiled_react-dom_1e674e59._.js:14826:24)
    at renderWithHooks (http://localhost:3000/_next/static/chunks/node_modules_next_dist_compiled_react-dom_1e674e59._.js:4651:24)
    at updateFunctionComponent (http://localhost:3000/_next/static/chunks/node_modules_next_dist_compiled_react-dom_1e674e59._.js:6112:21)
    at beginWork (http://localhost:3000/_next/static/chunks/node_modules_next_dist_compiled_react-dom_1e674e59._.js:6687:639)
    at runWithFiberInDEV (http://localhost:3000/_next/static/chunks/node_modules_next_dist_compiled_react-dom_1e674e59._.js:965:74)
    at performUnitOfWork (http://localhost:3000/_next/static/chunks/node_modules_next_dist_compiled_react-dom_1e674e59._.js:9562:97)
    at workLoopConcurrentByScheduler (http://localhost:3000/_next/static/chunks/node_modules_next_dist_compiled_react-dom_1e674e59._.js:9558:58)
    at renderRootConcurrent (http://localhost:3000/_next/static/chunks/node_modules_next_dist_compiled_react-dom_1e674e59._.js:9541:71)
    at performWorkOnRoot (http://localhost:3000/_next/static/chunks/node_modules_next_dist_compiled_react-dom_1e674e59._.js:9068:150)
    at performWorkOnRootViaSchedulerTask (http://localhost:3000/_next/static/chunks/node_modules_next_dist_compiled_react-dom_1e674e59._.js:10230:9)
    at MessagePort.performWorkUntilDeadline (http://localhost:3000/_next/static/chunks/node_modules_next_dist_compiled_a0e4c7b4._.js:2647:64) @ http://localhost:3000/_next/static/chunks/node_modules_next_dist_f3530cac._.js:3127
[27425381ms] [ERROR] IntlError: MISSING_MESSAGE: Could not resolve `Nav.myPerformance` in messages for locale `en`.
    at getFallbackFromErrorAndNotify (http://localhost:3000/_next/static/chunks/node_modules_5faecd26._.js:4921:23)
    at translateBaseFn (http://localhost:3000/_next/static/chunks/node_modules_5faecd26._.js:4951:28)
    at translateFn (http://localhost:3000/_next/static/chunks/node_modules_5faecd26._.js:4979:24)
    at http://localhost:3000/_next/static/chunks/src_5b367b92._.js:1155:63
    at Array.map (<anonymous>)
    at http://localhost:3000/_next/static/chunks/src_5b367b92._.js:1152:64
    at Array.map (<anonymous>)
    at Sidebar (http://localhost:3000/_next/static/chunks/src_5b367b92._.js:1136:166)
    at Object.react_stack_bottom_frame (http://localhost:3000/_next/static/chunks/node_modules_next_dist_compiled_react-dom_1e674e59._.js:14826:24)
    at renderWithHooks (http://localhost:3000/_next/static/chunks/node_modules_next_dist_compiled_react-dom_1e674e59._.js:4651:24)
    at updateFunctionComponent (http://localhost:3000/_next/static/chunks/node_modules_next_dist_compiled_react-dom_1e674e59._.js:6112:21)
    at beginWork (http://localhost:3000/_next/static/chunks/node_modules_next_dist_compiled_react-dom_1e674e59._.js:6708:24)
    at runWithFiberInDEV (http://localhost:3000/_next/static/chunks/node_modules_next_dist_compiled_react-dom_1e674e59._.js:965:74)
    at performUnitOfWork (http://localhost:3000/_next/static/chunks/node_modules_next_dist_compiled_react-dom_1e674e59._.js:9562:97)
    at workLoopConcurrentByScheduler (http://localhost:3000/_next/static/chunks/node_modules_next_dist_compiled_react-dom_1e674e59._.js:9558:58)
    at renderRootConcurrent (http://localhost:3000/_next/static/chunks/node_modules_next_dist_compiled_react-dom_1e674e59._.js:9541:71)
    at performWorkOnRoot (http://localhost:3000/_next/static/chunks/node_modules_next_dist_compiled_react-dom_1e674e59._.js:9068:150)
    at performWorkOnRootViaSchedulerTask (http://localhost:3000/_next/static/chunks/node_modules_next_dist_compiled_react-dom_1e674e59._.js:10230:9)
    at MessagePort.performWorkUntilDeadline (http://localhost:3000/_next/static/chunks/node_modules_next_dist_compiled_a0e4c7b4._.js:2647:64) @ http://localhost:3000/_next/static/chunks/node_modules_next_dist_f3530cac._.js:3127
[27425382ms] [ERROR] IntlError: MISSING_MESSAGE: Could not resolve `Nav.myPerformance` in messages for locale `en`.
    at getFallbackFromErrorAndNotify (http://localhost:3000/_next/static/chunks/node_modules_5faecd26._.js:4921:23)
    at translateBaseFn (http://localhost:3000/_next/static/chunks/node_modules_5faecd26._.js:4951:28)
    at translateFn (http://localhost:3000/_next/static/chunks/node_modules_5faecd26._.js:4979:24)
    at http://localhost:3000/_next/static/chunks/src_5b367b92._.js:1155:63
    at Array.map (<anonymous>)
    at http://localhost:3000/_next/static/chunks/src_5b367b92._.js:1152:64
    at Array.map (<anonymous>)
    at Sidebar (http://localhost:3000/_next/static/chunks/src_5b367b92._.js:1136:166)
    at Object.react_stack_bottom_frame (http://localhost:3000/_next/static/chunks/node_modules_next_dist_compiled_react-dom_1e674e59._.js:14826:24)
    at renderWithHooksAgain (http://localhost:3000/_next/static/chunks/node_modules_next_dist_compiled_react-dom_1e674e59._.js:4706:24)
    at renderWithHooks (http://localhost:3000/_next/static/chunks/node_modules_next_dist_compiled_react-dom_1e674e59._.js:4657:28)
    at updateFunctionComponent (http://localhost:3000/_next/static/chunks/node_modules_next_dist_compiled_react-dom_1e674e59._.js:6112:21)
    at beginWork (http://localhost:3000/_next/static/chunks/node_modules_next_dist_compiled_react-dom_1e674e59._.js:6708:24)
    at runWithFiberInDEV (http://localhost:3000/_next/static/chunks/node_modules_next_dist_compiled_react-dom_1e674e59._.js:965:74)
    at performUnitOfWork (http://localhost:3000/_next/static/chunks/node_modules_next_dist_compiled_react-dom_1e674e59._.js:9562:97)
    at workLoopConcurrentByScheduler (http://localhost:3000/_next/static/chunks/node_modules_next_dist_compiled_react-dom_1e674e59._.js:9558:58)
    at renderRootConcurrent (http://localhost:3000/_next/static/chunks/node_modules_next_dist_compiled_react-dom_1e674e59._.js:9541:71)
    at performWorkOnRoot (http://localhost:3000/_next/static/chunks/node_modules_next_dist_compiled_react-dom_1e674e59._.js:9068:150)
    at performWorkOnRootViaSchedulerTask (http://localhost:3000/_next/static/chunks/node_modules_next_dist_compiled_react-dom_1e674e59._.js:10230:9)
    at MessagePort.performWorkUntilDeadline (http://localhost:3000/_next/static/chunks/node_modules_next_dist_compiled_a0e4c7b4._.js:2647:64) @ http://localhost:3000/_next/static/chunks/node_modules_next_dist_f3530cac._.js:3127
[27425387ms] [ERROR] IntlError: MISSING_MESSAGE: Could not resolve `Nav.myPerformance` in messages for locale `en`.
    at getFallbackFromErrorAndNotify (http://localhost:3000/_next/static/chunks/node_modules_5faecd26._.js:4921:23)
    at translateBaseFn (http://localhost:3000/_next/static/chunks/node_modules_5faecd26._.js:4951:28)
    at translateFn (http://localhost:3000/_next/static/chunks/node_modules_5faecd26._.js:4979:24)
    at CommandPaletteProvider.useMemo[allCommands] (http://localhost:3000/_next/static/chunks/src_5b367b92._.js:3053:32)
    at mountMemo (http://localhost:3000/_next/static/chunks/node_modules_next_dist_compiled_react-dom_1e674e59._.js:5424:25)
    at Object.useMemo (http://localhost:3000/_next/static/chunks/node_modules_next_dist_compiled_react-dom_1e674e59._.js:15003:24)
    at exports.useMemo (http://localhost:3000/_next/static/chunks/node_modules_next_dist_compiled_a0e4c7b4._.js:1742:36)
    at CommandPaletteProvider (http://localhost:3000/_next/static/chunks/src_5b367b92._.js:3033:193)
    at Object.react_stack_bottom_frame (http://localhost:3000/_next/static/chunks/node_modules_next_dist_compiled_react-dom_1e674e59._.js:14826:24)
    at renderWithHooks (http://localhost:3000/_next/static/chunks/node_modules_next_dist_compiled_react-dom_1e674e59._.js:4651:24)
    at updateFunctionComponent (http://localhost:3000/_next/static/chunks/node_modules_next_dist_compiled_react-dom_1e674e59._.js:6112:21)
    at beginWork (http://localhost:3000/_next/static/chunks/node_modules_next_dist_compiled_react-dom_1e674e59._.js:6687:639)
    at runWithFiberInDEV (http://localhost:3000/_next/static/chunks/node_modules_next_dist_compiled_react-dom_1e674e59._.js:965:74)
    at performUnitOfWork (http://localhost:3000/_next/static/chunks/node_modules_next_dist_compiled_react-dom_1e674e59._.js:9562:97)
    at workLoopConcurrentByScheduler (http://localhost:3000/_next/static/chunks/node_modules_next_dist_compiled_react-dom_1e674e59._.js:9558:58)
    at renderRootConcurrent (http://localhost:3000/_next/static/chunks/node_modules_next_dist_compiled_react-dom_1e674e59._.js:9541:71)
    at performWorkOnRoot (http://localhost:3000/_next/static/chunks/node_modules_next_dist_compiled_react-dom_1e674e59._.js:9068:150)
    at performWorkOnRootViaSchedulerTask (http://localhost:3000/_next/static/chunks/node_modules_next_dist_compiled_react-dom_1e674e59._.js:10230:9)
    at MessagePort.performWorkUntilDeadline (http://localhost:3000/_next/static/chunks/node_modules_next_dist_compiled_a0e4c7b4._.js:2647:64) @ http://localhost:3000/_next/static/chunks/node_modules_next_dist_f3530cac._.js:3127
[27425387ms] [ERROR] IntlError: MISSING_MESSAGE: Could not resolve `Nav.myPerformance` in messages for locale `en`.
    at getFallbackFromErrorAndNotify (http://localhost:3000/_next/static/chunks/node_modules_5faecd26._.js:4921:23)
    at translateBaseFn (http://localhost:3000/_next/static/chunks/node_modules_5faecd26._.js:4951:28)
    at translateFn (http://localhost:3000/_next/static/chunks/node_modules_5faecd26._.js:4979:24)
    at CommandPaletteProvider.useMemo[allCommands] (http://localhost:3000/_next/static/chunks/src_5b367b92._.js:3053:32)
    at mountMemo (http://localhost:3000/_next/static/chunks/node_modules_next_dist_compiled_react-dom_1e674e59._.js:5428:17)
    at Object.useMemo (http://localhost:3000/_next/static/chunks/node_modules_next_dist_compiled_react-dom_1e674e59._.js:15003:24)
    at exports.useMemo (http://localhost:3000/_next/static/chunks/node_modules_next_dist_compiled_a0e4c7b4._.js:1742:36)
    at CommandPaletteProvider (http://localhost:3000/_next/static/chunks/src_5b367b92._.js:3033:193)
    at Object.react_stack_bottom_frame (http://localhost:3000/_next/static/chunks/node_modules_next_dist_compiled_react-dom_1e674e59._.js:14826:24)
    at renderWithHooks (http://localhost:3000/_next/static/chunks/node_modules_next_dist_compiled_react-dom_1e674e59._.js:4651:24)
    at updateFunctionComponent (http://localhost:3000/_next/static/chunks/node_modules_next_dist_compiled_react-dom_1e674e59._.js:6112:21)
    at beginWork (http://localhost:3000/_next/static/chunks/node_modules_next_dist_compiled_react-dom_1e674e59._.js:6687:639)
    at runWithFiberInDEV (http://localhost:3000/_next/static/chunks/node_modules_next_dist_compiled_react-dom_1e674e59._.js:965:74)
    at performUnitOfWork (http://localhost:3000/_next/static/chunks/node_modules_next_dist_compiled_react-dom_1e674e59._.js:9562:97)
    at workLoopConcurrentByScheduler (http://localhost:3000/_next/static/chunks/node_modules_next_dist_compiled_react-dom_1e674e59._.js:9558:58)
    at renderRootConcurrent (http://localhost:3000/_next/static/chunks/node_modules_next_dist_compiled_react-dom_1e674e59._.js:9541:71)
    at performWorkOnRoot (http://localhost:3000/_next/static/chunks/node_modules_next_dist_compiled_react-dom_1e674e59._.js:9068:150)
    at performWorkOnRootViaSchedulerTask (http://localhost:3000/_next/static/chunks/node_modules_next_dist_compiled_react-dom_1e674e59._.js:10230:9)
    at MessagePort.performWorkUntilDeadline (http://localhost:3000/_next/static/chunks/node_modules_next_dist_compiled_a0e4c7b4._.js:2647:64) @ http://localhost:3000/_next/static/chunks/node_modules_next_dist_f3530cac._.js:3127
[27425388ms] [ERROR] IntlError: MISSING_MESSAGE: Could not resolve `Nav.myPerformance` in messages for locale `en`.
    at getFallbackFromErrorAndNotify (http://localhost:3000/_next/static/chunks/node_modules_5faecd26._.js:4921:23)
    at translateBaseFn (http://localhost:3000/_next/static/chunks/node_modules_5faecd26._.js:4951:28)
    at translateFn (http://localhost:3000/_next/static/chunks/node_modules_5faecd26._.js:4979:24)
    at http://localhost:3000/_next/static/chunks/src_5b367b92._.js:1155:63
    at Array.map (<anonymous>)
    at http://localhost:3000/_next/static/chunks/src_5b367b92._.js:1152:64
    at Array.map (<anonymous>)
    at Sidebar (http://localhost:3000/_next/static/chunks/src_5b367b92._.js:1136:166)
    at Object.react_stack_bottom_frame (http://localhost:3000/_next/static/chunks/node_modules_next_dist_compiled_react-dom_1e674e59._.js:14826:24)
    at renderWithHooks (http://localhost:3000/_next/static/chunks/node_modules_next_dist_compiled_react-dom_1e674e59._.js:4651:24)
    at updateFunctionComponent (http://localhost:3000/_next/static/chunks/node_modules_next_dist_compiled_react-dom_1e674e59._.js:6112:21)
    at beginWork (http://localhost:3000/_next/static/chunks/node_modules_next_dist_compiled_react-dom_1e674e59._.js:6708:24)
    at runWithFiberInDEV (http://localhost:3000/_next/static/chunks/node_modules_next_dist_compiled_react-dom_1e674e59._.js:965:74)
    at performUnitOfWork (http://localhost:3000/_next/static/chunks/node_modules_next_dist_compiled_react-dom_1e674e59._.js:9562:97)
    at workLoopConcurrentByScheduler (http://localhost:3000/_next/static/chunks/node_modules_next_dist_compiled_react-dom_1e674e59._.js:9558:58)
    at renderRootConcurrent (http://localhost:3000/_next/static/chunks/node_modules_next_dist_compiled_react-dom_1e674e59._.js:9541:71)
    at performWorkOnRoot (http://localhost:3000/_next/static/chunks/node_modules_next_dist_compiled_react-dom_1e674e59._.js:9068:150)
    at performWorkOnRootViaSchedulerTask (http://localhost:3000/_next/static/chunks/node_modules_next_dist_compiled_react-dom_1e674e59._.js:10230:9)
    at MessagePort.performWorkUntilDeadline (http://localhost:3000/_next/static/chunks/node_modules_next_dist_compiled_a0e4c7b4._.js:2647:64) @ http://localhost:3000/_next/static/chunks/node_modules_next_dist_f3530cac._.js:3127
[27425388ms] [ERROR] IntlError: MISSING_MESSAGE: Could not resolve `Nav.myPerformance` in messages for locale `en`.
    at getFallbackFromErrorAndNotify (http://localhost:3000/_next/static/chunks/node_modules_5faecd26._.js:4921:23)
    at translateBaseFn (http://localhost:3000/_next/static/chunks/node_modules_5faecd26._.js:4951:28)
    at translateFn (http://localhost:3000/_next/static/chunks/node_modules_5faecd26._.js:4979:24)
    at http://localhost:3000/_next/static/chunks/src_5b367b92._.js:1155:63
    at Array.map (<anonymous>)
    at http://localhost:3000/_next/static/chunks/src_5b367b92._.js:1152:64
    at Array.map (<anonymous>)
    at Sidebar (http://localhost:3000/_next/static/chunks/src_5b367b92._.js:1136:166)
    at Object.react_stack_bottom_frame (http://localhost:3000/_next/static/chunks/node_modules_next_dist_compiled_react-dom_1e674e59._.js:14826:24)
    at renderWithHooksAgain (http://localhost:3000/_next/static/chunks/node_modules_next_dist_compiled_react-dom_1e674e59._.js:4706:24)
    at renderWithHooks (http://localhost:3000/_next/static/chunks/node_modules_next_dist_compiled_react-dom_1e674e59._.js:4657:28)
    at updateFunctionComponent (http://localhost:3000/_next/static/chunks/node_modules_next_dist_compiled_react-dom_1e674e59._.js:6112:21)
    at beginWork (http://localhost:3000/_next/static/chunks/node_modules_next_dist_compiled_react-dom_1e674e59._.js:6708:24)
    at runWithFiberInDEV (http://localhost:3000/_next/static/chunks/node_modules_next_dist_compiled_react-dom_1e674e59._.js:965:74)
    at performUnitOfWork (http://localhost:3000/_next/static/chunks/node_modules_next_dist_compiled_react-dom_1e674e59._.js:9562:97)
    at workLoopConcurrentByScheduler (http://localhost:3000/_next/static/chunks/node_modules_next_dist_compiled_react-dom_1e674e59._.js:9558:58)
    at renderRootConcurrent (http://localhost:3000/_next/static/chunks/node_modules_next_dist_compiled_react-dom_1e674e59._.js:9541:71)
    at performWorkOnRoot (http://localhost:3000/_next/static/chunks/node_modules_next_dist_compiled_react-dom_1e674e59._.js:9068:150)
    at performWorkOnRootViaSchedulerTask (http://localhost:3000/_next/static/chunks/node_modules_next_dist_compiled_react-dom_1e674e59._.js:10230:9)
    at MessagePort.performWorkUntilDeadline (http://localhost:3000/_next/static/chunks/node_modules_next_dist_compiled_a0e4c7b4._.js:2647:64) @ http://localhost:3000/_next/static/chunks/node_modules_next_dist_f3530cac._.js:3127
[27425395ms] [ERROR] IntlError: MISSING_MESSAGE: Could not resolve `Nav.myPerformance` in messages for locale `en`.
    at getFallbackFromErrorAndNotify (http://localhost:3000/_next/static/chunks/node_modules_5faecd26._.js:4921:23)
    at translateBaseFn (http://localhost:3000/_next/static/chunks/node_modules_5faecd26._.js:4951:28)
    at translateFn (http://localhost:3000/_next/static/chunks/node_modules_5faecd26._.js:4979:24)
    at CommandPaletteProvider.useMemo[allCommands] (http://localhost:3000/_next/static/chunks/src_5b367b92._.js:3053:32)
    at mountMemo (http://localhost:3000/_next/static/chunks/node_modules_next_dist_compiled_react-dom_1e674e59._.js:5424:25)
    at Object.useMemo (http://localhost:3000/_next/static/chunks/node_modules_next_dist_compiled_react-dom_1e674e59._.js:15003:24)
    at exports.useMemo (http://localhost:3000/_next/static/chunks/node_modules_next_dist_compiled_a0e4c7b4._.js:1742:36)
    at CommandPaletteProvider (http://localhost:3000/_next/static/chunks/src_5b367b92._.js:3033:193)
    at Object.react_stack_bottom_frame (http://localhost:3000/_next/static/chunks/node_modules_next_dist_compiled_react-dom_1e674e59._.js:14826:24)
    at renderWithHooks (http://localhost:3000/_next/static/chunks/node_modules_next_dist_compiled_react-dom_1e674e59._.js:4651:24)
    at updateFunctionComponent (http://localhost:3000/_next/static/chunks/node_modules_next_dist_compiled_react-dom_1e674e59._.js:6112:21)
    at beginWork (http://localhost:3000/_next/static/chunks/node_modules_next_dist_compiled_react-dom_1e674e59._.js:6687:639)
    at runWithFiberInDEV (http://localhost:3000/_next/static/chunks/node_modules_next_dist_compiled_react-dom_1e674e59._.js:965:74)
    at performUnitOfWork (http://localhost:3000/_next/static/chunks/node_modules_next_dist_compiled_react-dom_1e674e59._.js:9562:97)
    at workLoopConcurrentByScheduler (http://localhost:3000/_next/static/chunks/node_modules_next_dist_compiled_react-dom_1e674e59._.js:9558:58)
    at renderRootConcurrent (http://localhost:3000/_next/static/chunks/node_modules_next_dist_compiled_react-dom_1e674e59._.js:9541:71)
    at performWorkOnRoot (http://localhost:3000/_next/static/chunks/node_modules_next_dist_compiled_react-dom_1e674e59._.js:9068:150)
    at performWorkOnRootViaSchedulerTask (http://localhost:3000/_next/static/chunks/node_modules_next_dist_compiled_react-dom_1e674e59._.js:10230:9)
    at MessagePort.performWorkUntilDeadline (http://localhost:3000/_next/static/chunks/node_modules_next_dist_compiled_a0e4c7b4._.js:2647:64) @ http://localhost:3000/_next/static/chunks/node_modules_next_dist_f3530cac._.js:3127
[27425395ms] [ERROR] IntlError: MISSING_MESSAGE: Could not resolve `Nav.myPerformance` in messages for locale `en`.
    at getFallbackFromErrorAndNotify (http://localhost:3000/_next/static/chunks/node_modules_5faecd26._.js:4921:23)
    at translateBaseFn (http://localhost:3000/_next/static/chunks/node_modules_5faecd26._.js:4951:28)
    at translateFn (http://localhost:3000/_next/static/chunks/node_modules_5faecd26._.js:4979:24)
    at CommandPaletteProvider.useMemo[allCommands] (http://localhost:3000/_next/static/chunks/src_5b367b92._.js:3053:32)
    at mountMemo (http://localhost:3000/_next/static/chunks/node_modules_next_dist_compiled_react-dom_1e674e59._.js:5428:17)
    at Object.useMemo (http://localhost:3000/_next/static/chunks/node_modules_next_dist_compiled_react-dom_1e674e59._.js:15003:24)
    at exports.useMemo (http://localhost:3000/_next/static/chunks/node_modules_next_dist_compiled_a0e4c7b4._.js:1742:36)
    at CommandPaletteProvider (http://localhost:3000/_next/static/chunks/src_5b367b92._.js:3033:193)
    at Object.react_stack_bottom_frame (http://localhost:3000/_next/static/chunks/node_modules_next_dist_compiled_react-dom_1e674e59._.js:14826:24)
    at renderWithHooks (http://localhost:3000/_next/static/chunks/node_modules_next_dist_compiled_react-dom_1e674e59._.js:4651:24)
    at updateFunctionComponent (http://localhost:3000/_next/static/chunks/node_modules_next_dist_compiled_react-dom_1e674e59._.js:6112:21)
    at beginWork (http://localhost:3000/_next/static/chunks/node_modules_next_dist_compiled_react-dom_1e674e59._.js:6687:639)
    at runWithFiberInDEV (http://localhost:3000/_next/static/chunks/node_modules_next_dist_compiled_react-dom_1e674e59._.js:965:74)
    at performUnitOfWork (http://localhost:3000/_next/static/chunks/node_modules_next_dist_compiled_react-dom_1e674e59._.js:9562:97)
    at workLoopConcurrentByScheduler (http://localhost:3000/_next/static/chunks/node_modules_next_dist_compiled_react-dom_1e674e59._.js:9558:58)
    at renderRootConcurrent (http://localhost:3000/_next/static/chunks/node_modules_next_dist_compiled_react-dom_1e674e59._.js:9541:71)
    at performWorkOnRoot (http://localhost:3000/_next/static/chunks/node_modules_next_dist_compiled_react-dom_1e674e59._.js:9068:150)
    at performWorkOnRootViaSchedulerTask (http://localhost:3000/_next/static/chunks/node_modules_next_dist_compiled_react-dom_1e674e59._.js:10230:9)
    at MessagePort.performWorkUntilDeadline (http://localhost:3000/_next/static/chunks/node_modules_next_dist_compiled_a0e4c7b4._.js:2647:64) @ http://localhost:3000/_next/static/chunks/node_modules_next_dist_f3530cac._.js:3127
[27425396ms] [ERROR] IntlError: MISSING_MESSAGE: Could not resolve `Nav.myPerformance` in messages for locale `en`.
    at getFallbackFromErrorAndNotify (http://localhost:3000/_next/static/chunks/node_modules_5faecd26._.js:4921:23)
    at translateBaseFn (http://localhost:3000/_next/static/chunks/node_modules_5faecd26._.js:4951:28)
    at translateFn (http://localhost:3000/_next/static/chunks/node_modules_5faecd26._.js:4979:24)
    at http://localhost:3000/_next/static/chunks/src_5b367b92._.js:1155:63
    at Array.map (<anonymous>)
    at http://localhost:3000/_next/static/chunks/src_5b367b92._.js:1152:64
    at Array.map (<anonymous>)
    at Sidebar (http://localhost:3000/_next/static/chunks/src_5b367b92._.js:1136:166)
    at Object.react_stack_bottom_frame (http://localhost:3000/_next/static/chunks/node_modules_next_dist_compiled_react-dom_1e674e59._.js:14826:24)
    at renderWithHooks (http://localhost:3000/_next/static/chunks/node_modules_next_dist_compiled_react-dom_1e674e59._.js:4651:24)
    at updateFunctionComponent (http://localhost:3000/_next/static/chunks/node_modules_next_dist_compiled_react-dom_1e674e59._.js:6112:21)
    at beginWork (http://localhost:3000/_next/static/chunks/node_modules_next_dist_compiled_react-dom_1e674e59._.js:6708:24)
    at runWithFiberInDEV (http://localhost:3000/_next/static/chunks/node_modules_next_dist_compiled_react-dom_1e674e59._.js:965:74)
    at performUnitOfWork (http://localhost:3000/_next/static/chunks/node_modules_next_dist_compiled_react-dom_1e674e59._.js:9562:97)
    at workLoopConcurrentByScheduler (http://localhost:3000/_next/static/chunks/node_modules_next_dist_compiled_react-dom_1e674e59._.js:9558:58)
    at renderRootConcurrent (http://localhost:3000/_next/static/chunks/node_modules_next_dist_compiled_react-dom_1e674e59._.js:9541:71)
    at performWorkOnRoot (http://localhost:3000/_next/static/chunks/node_modules_next_dist_compiled_react-dom_1e674e59._.js:9068:150)
    at performWorkOnRootViaSchedulerTask (http://localhost:3000/_next/static/chunks/node_modules_next_dist_compiled_react-dom_1e674e59._.js:10230:9)
    at MessagePort.performWorkUntilDeadline (http://localhost:3000/_next/static/chunks/node_modules_next_dist_compiled_a0e4c7b4._.js:2647:64) @ http://localhost:3000/_next/static/chunks/node_modules_next_dist_f3530cac._.js:3127
[27425396ms] [ERROR] IntlError: MISSING_MESSAGE: Could not resolve `Nav.myPerformance` in messages for locale `en`.
    at getFallbackFromErrorAndNotify (http://localhost:3000/_next/static/chunks/node_modules_5faecd26._.js:4921:23)
    at translateBaseFn (http://localhost:3000/_next/static/chunks/node_modules_5faecd26._.js:4951:28)
    at translateFn (http://localhost:3000/_next/static/chunks/node_modules_5faecd26._.js:4979:24)
    at http://localhost:3000/_next/static/chunks/src_5b367b92._.js:1155:63
    at Array.map (<anonymous>)
    at http://localhost:3000/_next/static/chunks/src_5b367b92._.js:1152:64
    at Array.map (<anonymous>)
    at Sidebar (http://localhost:3000/_next/static/chunks/src_5b367b92._.js:1136:166)
    at Object.react_stack_bottom_frame (http://localhost:3000/_next/static/chunks/node_modules_next_dist_compiled_react-dom_1e674e59._.js:14826:24)
    at renderWithHooksAgain (http://localhost:3000/_next/static/chunks/node_modules_next_dist_compiled_react-dom_1e674e59._.js:4706:24)
    at renderWithHooks (http://localhost:3000/_next/static/chunks/node_modules_next_dist_compiled_react-dom_1e674e59._.js:4657:28)
    at updateFunctionComponent (http://localhost:3000/_next/static/chunks/node_modules_next_dist_compiled_react-dom_1e674e59._.js:6112:21)
    at beginWork (http://localhost:3000/_next/static/chunks/node_modules_next_dist_compiled_react-dom_1e674e59._.js:6708:24)
    at runWithFiberInDEV (http://localhost:3000/_next/static/chunks/node_modules_next_dist_compiled_react-dom_1e674e59._.js:965:74)
    at performUnitOfWork (http://localhost:3000/_next/static/chunks/node_modules_next_dist_compiled_react-dom_1e674e59._.js:9562:97)
    at workLoopConcurrentByScheduler (http://localhost:3000/_next/static/chunks/node_modules_next_dist_compiled_react-dom_1e674e59._.js:9558:58)
    at renderRootConcurrent (http://localhost:3000/_next/static/chunks/node_modules_next_dist_compiled_react-dom_1e674e59._.js:9541:71)
    at performWorkOnRoot (http://localhost:3000/_next/static/chunks/node_modules_next_dist_compiled_react-dom_1e674e59._.js:9068:150)
    at performWorkOnRootViaSchedulerTask (http://localhost:3000/_next/static/chunks/node_modules_next_dist_compiled_react-dom_1e674e59._.js:10230:9)
    at MessagePort.performWorkUntilDeadline (http://localhost:3000/_next/static/chunks/node_modules_next_dist_compiled_a0e4c7b4._.js:2647:64) @ http://localhost:3000/_next/static/chunks/node_modules_next_dist_f3530cac._.js:3127
[27425403ms] [ERROR] IntlError: MISSING_MESSAGE: Could not resolve `Nav.myPerformance` in messages for locale `en`.
    at getFallbackFromErrorAndNotify (http://localhost:3000/_next/static/chunks/node_modules_5faecd26._.js:4921:23)
    at translateBaseFn (http://localhost:3000/_next/static/chunks/node_modules_5faecd26._.js:4951:28)
    at translateFn (http://localhost:3000/_next/static/chunks/node_modules_5faecd26._.js:4979:24)
    at CommandPaletteProvider.useMemo[allCommands] (http://localhost:3000/_next/static/chunks/src_5b367b92._.js:3053:32)
    at mountMemo (http://localhost:3000/_next/static/chunks/node_modules_next_dist_compiled_react-dom_1e674e59._.js:5424:25)
    at Object.useMemo (http://localhost:3000/_next/static/chunks/node_modules_next_dist_compiled_react-dom_1e674e59._.js:15003:24)
    at exports.useMemo (http://localhost:3000/_next/static/chunks/node_modules_next_dist_compiled_a0e4c7b4._.js:1742:36)
    at CommandPaletteProvider (http://localhost:3000/_next/static/chunks/src_5b367b92._.js:3033:193)
    at Object.react_stack_bottom_frame (http://localhost:3000/_next/static/chunks/node_modules_next_dist_compiled_react-dom_1e674e59._.js:14826:24)
    at renderWithHooks (http://localhost:3000/_next/static/chunks/node_modules_next_dist_compiled_react-dom_1e674e59._.js:4651:24)
    at updateFunctionComponent (http://localhost:3000/_next/static/chunks/node_modules_next_dist_compiled_react-dom_1e674e59._.js:6112:21)
    at beginWork (http://localhost:3000/_next/static/chunks/node_modules_next_dist_compiled_react-dom_1e674e59._.js:6687:639)
    at runWithFiberInDEV (http://localhost:3000/_next/static/chunks/node_modules_next_dist_compiled_react-dom_1e674e59._.js:965:74)
    at performUnitOfWork (http://localhost:3000/_next/static/chunks/node_modules_next_dist_compiled_react-dom_1e674e59._.js:9562:97)
    at workLoopConcurrentByScheduler (http://localhost:3000/_next/static/chunks/node_modules_next_dist_compiled_react-dom_1e674e59._.js:9558:58)
    at renderRootConcurrent (http://localhost:3000/_next/static/chunks/node_modules_next_dist_compiled_react-dom_1e674e59._.js:9541:71)
    at performWorkOnRoot (http://localhost:3000/_next/static/chunks/node_modules_next_dist_compiled_react-dom_1e674e59._.js:9068:150)
    at performWorkOnRootViaSchedulerTask (http://localhost:3000/_next/static/chunks/node_modules_next_dist_compiled_react-dom_1e674e59._.js:10230:9)
    at MessagePort.performWorkUntilDeadline (http://localhost:3000/_next/static/chunks/node_modules_next_dist_compiled_a0e4c7b4._.js:2647:64) @ http://localhost:3000/_next/static/chunks/node_modules_next_dist_f3530cac._.js:3127
[27425403ms] [ERROR] IntlError: MISSING_MESSAGE: Could not resolve `Nav.myPerformance` in messages for locale `en`.
    at getFallbackFromErrorAndNotify (http://localhost:3000/_next/static/chunks/node_modules_5faecd26._.js:4921:23)
    at translateBaseFn (http://localhost:3000/_next/static/chunks/node_modules_5faecd26._.js:4951:28)
    at translateFn (http://localhost:3000/_next/static/chunks/node_modules_5faecd26._.js:4979:24)
    at CommandPaletteProvider.useMemo[allCommands] (http://localhost:3000/_next/static/chunks/src_5b367b92._.js:3053:32)
    at mountMemo (http://localhost:3000/_next/static/chunks/node_modules_next_dist_compiled_react-dom_1e674e59._.js:5428:17)
    at Object.useMemo (http://localhost:3000/_next/static/chunks/node_modules_next_dist_compiled_react-dom_1e674e59._.js:15003:24)
    at exports.useMemo (http://localhost:3000/_next/static/chunks/node_modules_next_dist_compiled_a0e4c7b4._.js:1742:36)
    at CommandPaletteProvider (http://localhost:3000/_next/static/chunks/src_5b367b92._.js:3033:193)
    at Object.react_stack_bottom_frame (http://localhost:3000/_next/static/chunks/node_modules_next_dist_compiled_react-dom_1e674e59._.js:14826:24)
    at renderWithHooks (http://localhost:3000/_next/static/chunks/node_modules_next_dist_compiled_react-dom_1e674e59._.js:4651:24)
    at updateFunctionComponent (http://localhost:3000/_next/static/chunks/node_modules_next_dist_compiled_react-dom_1e674e59._.js:6112:21)
    at beginWork (http://localhost:3000/_next/static/chunks/node_modules_next_dist_compiled_react-dom_1e674e59._.js:6687:639)
    at runWithFiberInDEV (http://localhost:3000/_next/static/chunks/node_modules_next_dist_compiled_react-dom_1e674e59._.js:965:74)
    at performUnitOfWork (http://localhost:3000/_next/static/chunks/node_modules_next_dist_compiled_react-dom_1e674e59._.js:9562:97)
    at workLoopConcurrentByScheduler (http://localhost:3000/_next/static/chunks/node_modules_next_dist_compiled_react-dom_1e674e59._.js:9558:58)
    at renderRootConcurrent (http://localhost:3000/_next/static/chunks/node_modules_next_dist_compiled_react-dom_1e674e59._.js:9541:71)
    at performWorkOnRoot (http://localhost:3000/_next/static/chunks/node_modules_next_dist_compiled_react-dom_1e674e59._.js:9068:150)
    at performWorkOnRootViaSchedulerTask (http://localhost:3000/_next/static/chunks/node_modules_next_dist_compiled_react-dom_1e674e59._.js:10230:9)
    at MessagePort.performWorkUntilDeadline (http://localhost:3000/_next/static/chunks/node_modules_next_dist_compiled_a0e4c7b4._.js:2647:64) @ http://localhost:3000/_next/static/chunks/node_modules_next_dist_f3530cac._.js:3127
[27425404ms] [ERROR] IntlError: MISSING_MESSAGE: Could not resolve `Nav.myPerformance` in messages for locale `en`.
    at getFallbackFromErrorAndNotify (http://localhost:3000/_next/static/chunks/node_modules_5faecd26._.js:4921:23)
    at translateBaseFn (http://localhost:3000/_next/static/chunks/node_modules_5faecd26._.js:4951:28)
    at translateFn (http://localhost:3000/_next/static/chunks/node_modules_5faecd26._.js:4979:24)
    at http://localhost:3000/_next/static/chunks/src_5b367b92._.js:1155:63
    at Array.map (<anonymous>)
    at http://localhost:3000/_next/static/chunks/src_5b367b92._.js:1152:64
    at Array.map (<anonymous>)
    at Sidebar (http://localhost:3000/_next/static/chunks/src_5b367b92._.js:1136:166)
    at Object.react_stack_bottom_frame (http://localhost:3000/_next/static/chunks/node_modules_next_dist_compiled_react-dom_1e674e59._.js:14826:24)
    at renderWithHooks (http://localhost:3000/_next/static/chunks/node_modules_next_dist_compiled_react-dom_1e674e59._.js:4651:24)
    at updateFunctionComponent (http://localhost:3000/_next/static/chunks/node_modules_next_dist_compiled_react-dom_1e674e59._.js:6112:21)
    at beginWork (http://localhost:3000/_next/static/chunks/node_modules_next_dist_compiled_react-dom_1e674e59._.js:6708:24)
    at runWithFiberInDEV (http://localhost:3000/_next/static/chunks/node_modules_next_dist_compiled_react-dom_1e674e59._.js:965:74)
    at performUnitOfWork (http://localhost:3000/_next/static/chunks/node_modules_next_dist_compiled_react-dom_1e674e59._.js:9562:97)
    at workLoopConcurrentByScheduler (http://localhost:3000/_next/static/chunks/node_modules_next_dist_compiled_react-dom_1e674e59._.js:9558:58)
    at renderRootConcurrent (http://localhost:3000/_next/static/chunks/node_modules_next_dist_compiled_react-dom_1e674e59._.js:9541:71)
    at performWorkOnRoot (http://localhost:3000/_next/static/chunks/node_modules_next_dist_compiled_react-dom_1e674e59._.js:9068:150)
    at performWorkOnRootViaSchedulerTask (http://localhost:3000/_next/static/chunks/node_modules_next_dist_compiled_react-dom_1e674e59._.js:10230:9)
    at MessagePort.performWorkUntilDeadline (http://localhost:3000/_next/static/chunks/node_modules_next_dist_compiled_a0e4c7b4._.js:2647:64) @ http://localhost:3000/_next/static/chunks/node_modules_next_dist_f3530cac._.js:3127
[27425404ms] [ERROR] IntlError: MISSING_MESSAGE: Could not resolve `Nav.myPerformance` in messages for locale `en`.
    at getFallbackFromErrorAndNotify (http://localhost:3000/_next/static/chunks/node_modules_5faecd26._.js:4921:23)
    at translateBaseFn (http://localhost:3000/_next/static/chunks/node_modules_5faecd26._.js:4951:28)
    at translateFn (http://localhost:3000/_next/static/chunks/node_modules_5faecd26._.js:4979:24)
    at http://localhost:3000/_next/static/chunks/src_5b367b92._.js:1155:63
    at Array.map (<anonymous>)
    at http://localhost:3000/_next/static/chunks/src_5b367b92._.js:1152:64
    at Array.map (<anonymous>)
    at Sidebar (http://localhost:3000/_next/static/chunks/src_5b367b92._.js:1136:166)
    at Object.react_stack_bottom_frame (http://localhost:3000/_next/static/chunks/node_modules_next_dist_compiled_react-dom_1e674e59._.js:14826:24)
    at renderWithHooksAgain (http://localhost:3000/_next/static/chunks/node_modules_next_dist_compiled_react-dom_1e674e59._.js:4706:24)
    at renderWithHooks (http://localhost:3000/_next/static/chunks/node_modules_next_dist_compiled_react-dom_1e674e59._.js:4657:28)
    at updateFunctionComponent (http://localhost:3000/_next/static/chunks/node_modules_next_dist_compiled_react-dom_1e674e59._.js:6112:21)
    at beginWork (http://localhost:3000/_next/static/chunks/node_modules_next_dist_compiled_react-dom_1e674e59._.js:6708:24)
    at runWithFiberInDEV (http://localhost:3000/_next/static/chunks/node_modules_next_dist_compiled_react-dom_1e674e59._.js:965:74)
    at performUnitOfWork (http://localhost:3000/_next/static/chunks/node_modules_next_dist_compiled_react-dom_1e674e59._.js:9562:97)
    at workLoopConcurrentByScheduler (http://localhost:3000/_next/static/chunks/node_modules_next_dist_compiled_react-dom_1e674e59._.js:9558:58)
    at renderRootConcurrent (http://localhost:3000/_next/static/chunks/node_modules_next_dist_compiled_react-dom_1e674e59._.js:9541:71)
    at performWorkOnRoot (http://localhost:3000/_next/static/chunks/node_modules_next_dist_compiled_react-dom_1e674e59._.js:9068:150)
    at performWorkOnRootViaSchedulerTask (http://localhost:3000/_next/static/chunks/node_modules_next_dist_compiled_react-dom_1e674e59._.js:10230:9)
    at MessagePort.performWorkUntilDeadline (http://localhost:3000/_next/static/chunks/node_modules_next_dist_compiled_a0e4c7b4._.js:2647:64) @ http://localhost:3000/_next/static/chunks/node_modules_next_dist_f3530cac._.js:3127
[27425409ms] [ERROR] IntlError: MISSING_MESSAGE: Could not resolve `Nav.myPerformance` in messages for locale `en`.
    at getFallbackFromErrorAndNotify (http://localhost:3000/_next/static/chunks/node_modules_5faecd26._.js:4921:23)
    at translateBaseFn (http://localhost:3000/_next/static/chunks/node_modules_5faecd26._.js:4951:28)
    at translateFn (http://localhost:3000/_next/static/chunks/node_modules_5faecd26._.js:4979:24)
    at CommandPaletteProvider.useMemo[allCommands] (http://localhost:3000/_next/static/chunks/src_5b367b92._.js:3053:32)
    at mountMemo (http://localhost:3000/_next/static/chunks/node_modules_next_dist_compiled_react-dom_1e674e59._.js:5424:25)
    at Object.useMemo (http://localhost:3000/_next/static/chunks/node_modules_next_dist_compiled_react-dom_1e674e59._.js:15003:24)
    at exports.useMemo (http://localhost:3000/_next/static/chunks/node_modules_next_dist_compiled_a0e4c7b4._.js:1742:36)
    at CommandPaletteProvider (http://localhost:3000/_next/static/chunks/src_5b367b92._.js:3033:193)
    at Object.react_stack_bottom_frame (http://localhost:3000/_next/static/chunks/node_modules_next_dist_compiled_react-dom_1e674e59._.js:14826:24)
    at renderWithHooks (http://localhost:3000/_next/static/chunks/node_modules_next_dist_compiled_react-dom_1e674e59._.js:4651:24)
    at updateFunctionComponent (http://localhost:3000/_next/static/chunks/node_modules_next_dist_compiled_react-dom_1e674e59._.js:6112:21)
    at beginWork (http://localhost:3000/_next/static/chunks/node_modules_next_dist_compiled_react-dom_1e674e59._.js:6687:639)
    at runWithFiberInDEV (http://localhost:3000/_next/static/chunks/node_modules_next_dist_compiled_react-dom_1e674e59._.js:965:74)
    at performUnitOfWork (http://localhost:3000/_next/static/chunks/node_modules_next_dist_compiled_react-dom_1e674e59._.js:9562:97)
    at workLoopConcurrentByScheduler (http://localhost:3000/_next/static/chunks/node_modules_next_dist_compiled_react-dom_1e674e59._.js:9558:58)
    at renderRootConcurrent (http://localhost:3000/_next/static/chunks/node_modules_next_dist_compiled_react-dom_1e674e59._.js:9541:71)
    at performWorkOnRoot (http://localhost:3000/_next/static/chunks/node_modules_next_dist_compiled_react-dom_1e674e59._.js:9068:150)
    at performWorkOnRootViaSchedulerTask (http://localhost:3000/_next/static/chunks/node_modules_next_dist_compiled_react-dom_1e674e59._.js:10230:9)
    at MessagePort.performWorkUntilDeadline (http://localhost:3000/_next/static/chunks/node_modules_next_dist_compiled_a0e4c7b4._.js:2647:64) @ http://localhost:3000/_next/static/chunks/node_modules_next_dist_f3530cac._.js:3127
[27425409ms] [ERROR] IntlError: MISSING_MESSAGE: Could not resolve `Nav.myPerformance` in messages for locale `en`.
    at getFallbackFromErrorAndNotify (http://localhost:3000/_next/static/chunks/node_modules_5faecd26._.js:4921:23)
    at translateBaseFn (http://localhost:3000/_next/static/chunks/node_modules_5faecd26._.js:4951:28)
    at translateFn (http://localhost:3000/_next/static/chunks/node_modules_5faecd26._.js:4979:24)
    at CommandPaletteProvider.useMemo[allCommands] (http://localhost:3000/_next/static/chunks/src_5b367b92._.js:3053:32)
    at mountMemo (http://localhost:3000/_next/static/chunks/node_modules_next_dist_compiled_react-dom_1e674e59._.js:5428:17)
    at Object.useMemo (http://localhost:3000/_next/static/chunks/node_modules_next_dist_compiled_react-dom_1e674e59._.js:15003:24)
    at exports.useMemo (http://localhost:3000/_next/static/chunks/node_modules_next_dist_compiled_a0e4c7b4._.js:1742:36)
    at CommandPaletteProvider (http://localhost:3000/_next/static/chunks/src_5b367b92._.js:3033:193)
    at Object.react_stack_bottom_frame (http://localhost:3000/_next/static/chunks/node_modules_next_dist_compiled_react-dom_1e674e59._.js:14826:24)
    at renderWithHooks (http://localhost:3000/_next/static/chunks/node_modules_next_dist_compiled_react-dom_1e674e59._.js:4651:24)
    at updateFunctionComponent (http://localhost:3000/_next/static/chunks/node_modules_next_dist_compiled_react-dom_1e674e59._.js:6112:21)
    at beginWork (http://localhost:3000/_next/static/chunks/node_modules_next_dist_compiled_react-dom_1e674e59._.js:6687:639)
    at runWithFiberInDEV (http://localhost:3000/_next/static/chunks/node_modules_next_dist_compiled_react-dom_1e674e59._.js:965:74)
    at performUnitOfWork (http://localhost:3000/_next/static/chunks/node_modules_next_dist_compiled_react-dom_1e674e59._.js:9562:97)
    at workLoopConcurrentByScheduler (http://localhost:3000/_next/static/chunks/node_modules_next_dist_compiled_react-dom_1e674e59._.js:9558:58)
    at renderRootConcurrent (http://localhost:3000/_next/static/chunks/node_modules_next_dist_compiled_react-dom_1e674e59._.js:9541:71)
    at performWorkOnRoot (http://localhost:3000/_next/static/chunks/node_modules_next_dist_compiled_react-dom_1e674e59._.js:9068:150)
    at performWorkOnRootViaSchedulerTask (http://localhost:3000/_next/static/chunks/node_modules_next_dist_compiled_react-dom_1e674e59._.js:10230:9)
    at MessagePort.performWorkUntilDeadline (http://localhost:3000/_next/static/chunks/node_modules_next_dist_compiled_a0e4c7b4._.js:2647:64) @ http://localhost:3000/_next/static/chunks/node_modules_next_dist_f3530cac._.js:3127
[27425411ms] [ERROR] IntlError: MISSING_MESSAGE: Could not resolve `Nav.myPerformance` in messages for locale `en`.
    at getFallbackFromErrorAndNotify (http://localhost:3000/_next/static/chunks/node_modules_5faecd26._.js:4921:23)
    at translateBaseFn (http://localhost:3000/_next/static/chunks/node_modules_5faecd26._.js:4951:28)
    at translateFn (http://localhost:3000/_next/static/chunks/node_modules_5faecd26._.js:4979:24)
    at http://localhost:3000/_next/static/chunks/src_5b367b92._.js:1155:63
    at Array.map (<anonymous>)
    at http://localhost:3000/_next/static/chunks/src_5b367b92._.js:1152:64
    at Array.map (<anonymous>)
    at Sidebar (http://localhost:3000/_next/static/chunks/src_5b367b92._.js:1136:166)
    at Object.react_stack_bottom_frame (http://localhost:3000/_next/static/chunks/node_modules_next_dist_compiled_react-dom_1e674e59._.js:14826:24)
    at renderWithHooks (http://localhost:3000/_next/static/chunks/node_modules_next_dist_compiled_react-dom_1e674e59._.js:4651:24)
    at updateFunctionComponent (http://localhost:3000/_next/static/chunks/node_modules_next_dist_compiled_react-dom_1e674e59._.js:6112:21)
    at beginWork (http://localhost:3000/_next/static/chunks/node_modules_next_dist_compiled_react-dom_1e674e59._.js:6708:24)
    at runWithFiberInDEV (http://localhost:3000/_next/static/chunks/node_modules_next_dist_compiled_react-dom_1e674e59._.js:965:74)
    at performUnitOfWork (http://localhost:3000/_next/static/chunks/node_modules_next_dist_compiled_react-dom_1e674e59._.js:9562:97)
    at workLoopConcurrentByScheduler (http://localhost:3000/_next/static/chunks/node_modules_next_dist_compiled_react-dom_1e674e59._.js:9558:58)
    at renderRootConcurrent (http://localhost:3000/_next/static/chunks/node_modules_next_dist_compiled_react-dom_1e674e59._.js:9541:71)
    at performWorkOnRoot (http://localhost:3000/_next/static/chunks/node_modules_next_dist_compiled_react-dom_1e674e59._.js:9068:150)
    at performWorkOnRootViaSchedulerTask (http://localhost:3000/_next/static/chunks/node_modules_next_dist_compiled_react-dom_1e674e59._.js:10230:9)
    at MessagePort.performWorkUntilDeadline (http://localhost:3000/_next/static/chunks/node_modules_next_dist_compiled_a0e4c7b4._.js:2647:64) @ http://localhost:3000/_next/static/chunks/node_modules_next_dist_f3530cac._.js:3127
[27425411ms] [ERROR] IntlError: MISSING_MESSAGE: Could not resolve `Nav.myPerformance` in messages for locale `en`.
    at getFallbackFromErrorAndNotify (http://localhost:3000/_next/static/chunks/node_modules_5faecd26._.js:4921:23)
    at translateBaseFn (http://localhost:3000/_next/static/chunks/node_modules_5faecd26._.js:4951:28)
    at translateFn (http://localhost:3000/_next/static/chunks/node_modules_5faecd26._.js:4979:24)
    at http://localhost:3000/_next/static/chunks/src_5b367b92._.js:1155:63
    at Array.map (<anonymous>)
    at http://localhost:3000/_next/static/chunks/src_5b367b92._.js:1152:64
    at Array.map (<anonymous>)
    at Sidebar (http://localhost:3000/_next/static/chunks/src_5b367b92._.js:1136:166)
    at Object.react_stack_bottom_frame (http://localhost:3000/_next/static/chunks/node_modules_next_dist_compiled_react-dom_1e674e59._.js:14826:24)
    at renderWithHooksAgain (http://localhost:3000/_next/static/chunks/node_modules_next_dist_compiled_react-dom_1e674e59._.js:4706:24)
    at renderWithHooks (http://localhost:3000/_next/static/chunks/node_modules_next_dist_compiled_react-dom_1e674e59._.js:4657:28)
    at updateFunctionComponent (http://localhost:3000/_next/static/chunks/node_modules_next_dist_compiled_react-dom_1e674e59._.js:6112:21)
    at beginWork (http://localhost:3000/_next/static/chunks/node_modules_next_dist_compiled_react-dom_1e674e59._.js:6708:24)
    at runWithFiberInDEV (http://localhost:3000/_next/static/chunks/node_modules_next_dist_compiled_react-dom_1e674e59._.js:965:74)
    at performUnitOfWork (http://localhost:3000/_next/static/chunks/node_modules_next_dist_compiled_react-dom_1e674e59._.js:9562:97)
    at workLoopConcurrentByScheduler (http://localhost:3000/_next/static/chunks/node_modules_next_dist_compiled_react-dom_1e674e59._.js:9558:58)
    at renderRootConcurrent (http://localhost:3000/_next/static/chunks/node_modules_next_dist_compiled_react-dom_1e674e59._.js:9541:71)
    at performWorkOnRoot (http://localhost:3000/_next/static/chunks/node_modules_next_dist_compiled_react-dom_1e674e59._.js:9068:150)
    at performWorkOnRootViaSchedulerTask (http://localhost:3000/_next/static/chunks/node_modules_next_dist_compiled_react-dom_1e674e59._.js:10230:9)
    at MessagePort.performWorkUntilDeadline (http://localhost:3000/_next/static/chunks/node_modules_next_dist_compiled_a0e4c7b4._.js:2647:64) @ http://localhost:3000/_next/static/chunks/node_modules_next_dist_f3530cac._.js:3127
[27425418ms] [ERROR] IntlError: MISSING_MESSAGE: Could not resolve `Nav.myPerformance` in messages for locale `en`.
    at getFallbackFromErrorAndNotify (http://localhost:3000/_next/static/chunks/node_modules_5faecd26._.js:4921:23)
    at translateBaseFn (http://localhost:3000/_next/static/chunks/node_modules_5faecd26._.js:4951:28)
    at translateFn (http://localhost:3000/_next/static/chunks/node_modules_5faecd26._.js:4979:24)
    at CommandPaletteProvider.useMemo[allCommands] (http://localhost:3000/_next/static/chunks/src_5b367b92._.js:3053:32)
    at mountMemo (http://localhost:3000/_next/static/chunks/node_modules_next_dist_compiled_react-dom_1e674e59._.js:5424:25)
    at Object.useMemo (http://localhost:3000/_next/static/chunks/node_modules_next_dist_compiled_react-dom_1e674e59._.js:15003:24)
    at exports.useMemo (http://localhost:3000/_next/static/chunks/node_modules_next_dist_compiled_a0e4c7b4._.js:1742:36)
    at CommandPaletteProvider (http://localhost:3000/_next/static/chunks/src_5b367b92._.js:3033:193)
    at Object.react_stack_bottom_frame (http://localhost:3000/_next/static/chunks/node_modules_next_dist_compiled_react-dom_1e674e59._.js:14826:24)
    at renderWithHooks (http://localhost:3000/_next/static/chunks/node_modules_next_dist_compiled_react-dom_1e674e59._.js:4651:24)
    at updateFunctionComponent (http://localhost:3000/_next/static/chunks/node_modules_next_dist_compiled_react-dom_1e674e59._.js:6112:21)
    at beginWork (http://localhost:3000/_next/static/chunks/node_modules_next_dist_compiled_react-dom_1e674e59._.js:6687:639)
    at runWithFiberInDEV (http://localhost:3000/_next/static/chunks/node_modules_next_dist_compiled_react-dom_1e674e59._.js:965:74)
    at performUnitOfWork (http://localhost:3000/_next/static/chunks/node_modules_next_dist_compiled_react-dom_1e674e59._.js:9562:97)
    at workLoopConcurrentByScheduler (http://localhost:3000/_next/static/chunks/node_modules_next_dist_compiled_react-dom_1e674e59._.js:9558:58)
    at renderRootConcurrent (http://localhost:3000/_next/static/chunks/node_modules_next_dist_compiled_react-dom_1e674e59._.js:9541:71)
    at performWorkOnRoot (http://localhost:3000/_next/static/chunks/node_modules_next_dist_compiled_react-dom_1e674e59._.js:9068:150)
    at performWorkOnRootViaSchedulerTask (http://localhost:3000/_next/static/chunks/node_modules_next_dist_compiled_react-dom_1e674e59._.js:10230:9)
    at MessagePort.performWorkUntilDeadline (http://localhost:3000/_next/static/chunks/node_modules_next_dist_compiled_a0e4c7b4._.js:2647:64) @ http://localhost:3000/_next/static/chunks/node_modules_next_dist_f3530cac._.js:3127
[27425419ms] [ERROR] IntlError: MISSING_MESSAGE: Could not resolve `Nav.myPerformance` in messages for locale `en`.
    at getFallbackFromErrorAndNotify (http://localhost:3000/_next/static/chunks/node_modules_5faecd26._.js:4921:23)
    at translateBaseFn (http://localhost:3000/_next/static/chunks/node_modules_5faecd26._.js:4951:28)
    at translateFn (http://localhost:3000/_next/static/chunks/node_modules_5faecd26._.js:4979:24)
    at CommandPaletteProvider.useMemo[allCommands] (http://localhost:3000/_next/static/chunks/src_5b367b92._.js:3053:32)
    at mountMemo (http://localhost:3000/_next/static/chunks/node_modules_next_dist_compiled_react-dom_1e674e59._.js:5428:17)
    at Object.useMemo (http://localhost:3000/_next/static/chunks/node_modules_next_dist_compiled_react-dom_1e674e59._.js:15003:24)
    at exports.useMemo (http://localhost:3000/_next/static/chunks/node_modules_next_dist_compiled_a0e4c7b4._.js:1742:36)
    at CommandPaletteProvider (http://localhost:3000/_next/static/chunks/src_5b367b92._.js:3033:193)
    at Object.react_stack_bottom_frame (http://localhost:3000/_next/static/chunks/node_modules_next_dist_compiled_react-dom_1e674e59._.js:14826:24)
    at renderWithHooks (http://localhost:3000/_next/static/chunks/node_modules_next_dist_compiled_react-dom_1e674e59._.js:4651:24)
    at updateFunctionComponent (http://localhost:3000/_next/static/chunks/node_modules_next_dist_compiled_react-dom_1e674e59._.js:6112:21)
    at beginWork (http://localhost:3000/_next/static/chunks/node_modules_next_dist_compiled_react-dom_1e674e59._.js:6687:639)
    at runWithFiberInDEV (http://localhost:3000/_next/static/chunks/node_modules_next_dist_compiled_react-dom_1e674e59._.js:965:74)
    at performUnitOfWork (http://localhost:3000/_next/static/chunks/node_modules_next_dist_compiled_react-dom_1e674e59._.js:9562:97)
    at workLoopConcurrentByScheduler (http://localhost:3000/_next/static/chunks/node_modules_next_dist_compiled_react-dom_1e674e59._.js:9558:58)
    at renderRootConcurrent (http://localhost:3000/_next/static/chunks/node_modules_next_dist_compiled_react-dom_1e674e59._.js:9541:71)
    at performWorkOnRoot (http://localhost:3000/_next/static/chunks/node_modules_next_dist_compiled_react-dom_1e674e59._.js:9068:150)
    at performWorkOnRootViaSchedulerTask (http://localhost:3000/_next/static/chunks/node_modules_next_dist_compiled_react-dom_1e674e59._.js:10230:9)
    at MessagePort.performWorkUntilDeadline (http://localhost:3000/_next/static/chunks/node_modules_next_dist_compiled_a0e4c7b4._.js:2647:64) @ http://localhost:3000/_next/static/chunks/node_modules_next_dist_f3530cac._.js:3127
[27425419ms] [ERROR] IntlError: MISSING_MESSAGE: Could not resolve `Nav.myPerformance` in messages for locale `en`.
    at getFallbackFromErrorAndNotify (http://localhost:3000/_next/static/chunks/node_modules_5faecd26._.js:4921:23)
    at translateBaseFn (http://localhost:3000/_next/static/chunks/node_modules_5faecd26._.js:4951:28)
    at translateFn (http://localhost:3000/_next/static/chunks/node_modules_5faecd26._.js:4979:24)
    at http://localhost:3000/_next/static/chunks/src_5b367b92._.js:1155:63
    at Array.map (<anonymous>)
    at http://localhost:3000/_next/static/chunks/src_5b367b92._.js:1152:64
    at Array.map (<anonymous>)
    at Sidebar (http://localhost:3000/_next/static/chunks/src_5b367b92._.js:1136:166)
    at Object.react_stack_bottom_frame (http://localhost:3000/_next/static/chunks/node_modules_next_dist_compiled_react-dom_1e674e59._.js:14826:24)
    at renderWithHooks (http://localhost:3000/_next/static/chunks/node_modules_next_dist_compiled_react-dom_1e674e59._.js:4651:24)
    at updateFunctionComponent (http://localhost:3000/_next/static/chunks/node_modules_next_dist_compiled_react-dom_1e674e59._.js:6112:21)
    at beginWork (http://localhost:3000/_next/static/chunks/node_modules_next_dist_compiled_react-dom_1e674e59._.js:6708:24)
    at runWithFiberInDEV (http://localhost:3000/_next/static/chunks/node_modules_next_dist_compiled_react-dom_1e674e59._.js:965:74)
    at performUnitOfWork (http://localhost:3000/_next/static/chunks/node_modules_next_dist_compiled_react-dom_1e674e59._.js:9562:97)
    at workLoopConcurrentByScheduler (http://localhost:3000/_next/static/chunks/node_modules_next_dist_compiled_react-dom_1e674e59._.js:9558:58)
    at renderRootConcurrent (http://localhost:3000/_next/static/chunks/node_modules_next_dist_compiled_react-dom_1e674e59._.js:9541:71)
    at performWorkOnRoot (http://localhost:3000/_next/static/chunks/node_modules_next_dist_compiled_react-dom_1e674e59._.js:9068:150)
    at performWorkOnRootViaSchedulerTask (http://localhost:3000/_next/static/chunks/node_modules_next_dist_compiled_react-dom_1e674e59._.js:10230:9)
    at MessagePort.performWorkUntilDeadline (http://localhost:3000/_next/static/chunks/node_modules_next_dist_compiled_a0e4c7b4._.js:2647:64) @ http://localhost:3000/_next/static/chunks/node_modules_next_dist_f3530cac._.js:3127
[27425420ms] [ERROR] IntlError: MISSING_MESSAGE: Could not resolve `Nav.myPerformance` in messages for locale `en`.
    at getFallbackFromErrorAndNotify (http://localhost:3000/_next/static/chunks/node_modules_5faecd26._.js:4921:23)
    at translateBaseFn (http://localhost:3000/_next/static/chunks/node_modules_5faecd26._.js:4951:28)
    at translateFn (http://localhost:3000/_next/static/chunks/node_modules_5faecd26._.js:4979:24)
    at http://localhost:3000/_next/static/chunks/src_5b367b92._.js:1155:63
    at Array.map (<anonymous>)
    at http://localhost:3000/_next/static/chunks/src_5b367b92._.js:1152:64
    at Array.map (<anonymous>)
    at Sidebar (http://localhost:3000/_next/static/chunks/src_5b367b92._.js:1136:166)
    at Object.react_stack_bottom_frame (http://localhost:3000/_next/static/chunks/node_modules_next_dist_compiled_react-dom_1e674e59._.js:14826:24)
    at renderWithHooksAgain (http://localhost:3000/_next/static/chunks/node_modules_next_dist_compiled_react-dom_1e674e59._.js:4706:24)
    at renderWithHooks (http://localhost:3000/_next/static/chunks/node_modules_next_dist_compiled_react-dom_1e674e59._.js:4657:28)
    at updateFunctionComponent (http://localhost:3000/_next/static/chunks/node_modules_next_dist_compiled_react-dom_1e674e59._.js:6112:21)
    at beginWork (http://localhost:3000/_next/static/chunks/node_modules_next_dist_compiled_react-dom_1e674e59._.js:6708:24)
    at runWithFiberInDEV (http://localhost:3000/_next/static/chunks/node_modules_next_dist_compiled_react-dom_1e674e59._.js:965:74)
    at performUnitOfWork (http://localhost:3000/_next/static/chunks/node_modules_next_dist_compiled_react-dom_1e674e59._.js:9562:97)
    at workLoopConcurrentByScheduler (http://localhost:3000/_next/static/chunks/node_modules_next_dist_compiled_react-dom_1e674e59._.js:9558:58)
    at renderRootConcurrent (http://localhost:3000/_next/static/chunks/node_modules_next_dist_compiled_react-dom_1e674e59._.js:9541:71)
    at performWorkOnRoot (http://localhost:3000/_next/static/chunks/node_modules_next_dist_compiled_react-dom_1e674e59._.js:9068:150)
    at performWorkOnRootViaSchedulerTask (http://localhost:3000/_next/static/chunks/node_modules_next_dist_compiled_react-dom_1e674e59._.js:10230:9)
    at MessagePort.performWorkUntilDeadline (http://localhost:3000/_next/static/chunks/node_modules_next_dist_compiled_a0e4c7b4._.js:2647:64) @ http://localhost:3000/_next/static/chunks/node_modules_next_dist_f3530cac._.js:3127
[27425425ms] [ERROR] IntlError: MISSING_MESSAGE: Could not resolve `Nav.myPerformance` in messages for locale `en`.
    at getFallbackFromErrorAndNotify (http://localhost:3000/_next/static/chunks/node_modules_5faecd26._.js:4921:23)
    at translateBaseFn (http://localhost:3000/_next/static/chunks/node_modules_5faecd26._.js:4951:28)
    at translateFn (http://localhost:3000/_next/static/chunks/node_modules_5faecd26._.js:4979:24)
    at CommandPaletteProvider.useMemo[allCommands] (http://localhost:3000/_next/static/chunks/src_5b367b92._.js:3053:32)
    at mountMemo (http://localhost:3000/_next/static/chunks/node_modules_next_dist_compiled_react-dom_1e674e59._.js:5424:25)
    at Object.useMemo (http://localhost:3000/_next/static/chunks/node_modules_next_dist_compiled_react-dom_1e674e59._.js:15003:24)
    at exports.useMemo (http://localhost:3000/_next/static/chunks/node_modules_next_dist_compiled_a0e4c7b4._.js:1742:36)
    at CommandPaletteProvider (http://localhost:3000/_next/static/chunks/src_5b367b92._.js:3033:193)
    at Object.react_stack_bottom_frame (http://localhost:3000/_next/static/chunks/node_modules_next_dist_compiled_react-dom_1e674e59._.js:14826:24)
    at renderWithHooks (http://localhost:3000/_next/static/chunks/node_modules_next_dist_compiled_react-dom_1e674e59._.js:4651:24)
    at updateFunctionComponent (http://localhost:3000/_next/static/chunks/node_modules_next_dist_compiled_react-dom_1e674e59._.js:6112:21)
    at beginWork (http://localhost:3000/_next/static/chunks/node_modules_next_dist_compiled_react-dom_1e674e59._.js:6687:639)
    at runWithFiberInDEV (http://localhost:3000/_next/static/chunks/node_modules_next_dist_compiled_react-dom_1e674e59._.js:965:74)
    at performUnitOfWork (http://localhost:3000/_next/static/chunks/node_modules_next_dist_compiled_react-dom_1e674e59._.js:9562:97)
    at workLoopConcurrentByScheduler (http://localhost:3000/_next/static/chunks/node_modules_next_dist_compiled_react-dom_1e674e59._.js:9558:58)
    at renderRootConcurrent (http://localhost:3000/_next/static/chunks/node_modules_next_dist_compiled_react-dom_1e674e59._.js:9541:71)
    at performWorkOnRoot (http://localhost:3000/_next/static/chunks/node_modules_next_dist_compiled_react-dom_1e674e59._.js:9068:150)
    at performWorkOnRootViaSchedulerTask (http://localhost:3000/_next/static/chunks/node_modules_next_dist_compiled_react-dom_1e674e59._.js:10230:9)
    at MessagePort.performWorkUntilDeadline (http://localhost:3000/_next/static/chunks/node_modules_next_dist_compiled_a0e4c7b4._.js:2647:64) @ http://localhost:3000/_next/static/chunks/node_modules_next_dist_f3530cac._.js:3127
[27425425ms] [ERROR] IntlError: MISSING_MESSAGE: Could not resolve `Nav.myPerformance` in messages for locale `en`.
    at getFallbackFromErrorAndNotify (http://localhost:3000/_next/static/chunks/node_modules_5faecd26._.js:4921:23)
    at translateBaseFn (http://localhost:3000/_next/static/chunks/node_modules_5faecd26._.js:4951:28)
    at translateFn (http://localhost:3000/_next/static/chunks/node_modules_5faecd26._.js:4979:24)
    at CommandPaletteProvider.useMemo[allCommands] (http://localhost:3000/_next/static/chunks/src_5b367b92._.js:3053:32)
    at mountMemo (http://localhost:3000/_next/static/chunks/node_modules_next_dist_compiled_react-dom_1e674e59._.js:5428:17)
    at Object.useMemo (http://localhost:3000/_next/static/chunks/node_modules_next_dist_compiled_react-dom_1e674e59._.js:15003:24)
    at exports.useMemo (http://localhost:3000/_next/static/chunks/node_modules_next_dist_compiled_a0e4c7b4._.js:1742:36)
    at CommandPaletteProvider (http://localhost:3000/_next/static/chunks/src_5b367b92._.js:3033:193)
    at Object.react_stack_bottom_frame (http://localhost:3000/_next/static/chunks/node_modules_next_dist_compiled_react-dom_1e674e59._.js:14826:24)
    at renderWithHooks (http://localhost:3000/_next/static/chunks/node_modules_next_dist_compiled_react-dom_1e674e59._.js:4651:24)
    at updateFunctionComponent (http://localhost:3000/_next/static/chunks/node_modules_next_dist_compiled_react-dom_1e674e59._.js:6112:21)
    at beginWork (http://localhost:3000/_next/static/chunks/node_modules_next_dist_compiled_react-dom_1e674e59._.js:6687:639)
    at runWithFiberInDEV (http://localhost:3000/_next/static/chunks/node_modules_next_dist_compiled_react-dom_1e674e59._.js:965:74)
    at performUnitOfWork (http://localhost:3000/_next/static/chunks/node_modules_next_dist_compiled_react-dom_1e674e59._.js:9562:97)
    at workLoopConcurrentByScheduler (http://localhost:3000/_next/static/chunks/node_modules_next_dist_compiled_react-dom_1e674e59._.js:9558:58)
    at renderRootConcurrent (http://localhost:3000/_next/static/chunks/node_modules_next_dist_compiled_react-dom_1e674e59._.js:9541:71)
    at performWorkOnRoot (http://localhost:3000/_next/static/chunks/node_modules_next_dist_compiled_react-dom_1e674e59._.js:9068:150)
    at performWorkOnRootViaSchedulerTask (http://localhost:3000/_next/static/chunks/node_modules_next_dist_compiled_react-dom_1e674e59._.js:10230:9)
    at MessagePort.performWorkUntilDeadline (http://localhost:3000/_next/static/chunks/node_modules_next_dist_compiled_a0e4c7b4._.js:2647:64) @ http://localhost:3000/_next/static/chunks/node_modules_next_dist_f3530cac._.js:3127
[27425426ms] [ERROR] IntlError: MISSING_MESSAGE: Could not resolve `Nav.myPerformance` in messages for locale `en`.
    at getFallbackFromErrorAndNotify (http://localhost:3000/_next/static/chunks/node_modules_5faecd26._.js:4921:23)
    at translateBaseFn (http://localhost:3000/_next/static/chunks/node_modules_5faecd26._.js:4951:28)
    at translateFn (http://localhost:3000/_next/static/chunks/node_modules_5faecd26._.js:4979:24)
    at http://localhost:3000/_next/static/chunks/src_5b367b92._.js:1155:63
    at Array.map (<anonymous>)
    at http://localhost:3000/_next/static/chunks/src_5b367b92._.js:1152:64
    at Array.map (<anonymous>)
    at Sidebar (http://localhost:3000/_next/static/chunks/src_5b367b92._.js:1136:166)
    at Object.react_stack_bottom_frame (http://localhost:3000/_next/static/chunks/node_modules_next_dist_compiled_react-dom_1e674e59._.js:14826:24)
    at renderWithHooks (http://localhost:3000/_next/static/chunks/node_modules_next_dist_compiled_react-dom_1e674e59._.js:4651:24)
    at updateFunctionComponent (http://localhost:3000/_next/static/chunks/node_modules_next_dist_compiled_react-dom_1e674e59._.js:6112:21)
    at beginWork (http://localhost:3000/_next/static/chunks/node_modules_next_dist_compiled_react-dom_1e674e59._.js:6708:24)
    at runWithFiberInDEV (http://localhost:3000/_next/static/chunks/node_modules_next_dist_compiled_react-dom_1e674e59._.js:965:74)
    at performUnitOfWork (http://localhost:3000/_next/static/chunks/node_modules_next_dist_compiled_react-dom_1e674e59._.js:9562:97)
    at workLoopConcurrentByScheduler (http://localhost:3000/_next/static/chunks/node_modules_next_dist_compiled_react-dom_1e674e59._.js:9558:58)
    at renderRootConcurrent (http://localhost:3000/_next/static/chunks/node_modules_next_dist_compiled_react-dom_1e674e59._.js:9541:71)
    at performWorkOnRoot (http://localhost:3000/_next/static/chunks/node_modules_next_dist_compiled_react-dom_1e674e59._.js:9068:150)
    at performWorkOnRootViaSchedulerTask (http://localhost:3000/_next/static/chunks/node_modules_next_dist_compiled_react-dom_1e674e59._.js:10230:9)
    at MessagePort.performWorkUntilDeadline (http://localhost:3000/_next/static/chunks/node_modules_next_dist_compiled_a0e4c7b4._.js:2647:64) @ http://localhost:3000/_next/static/chunks/node_modules_next_dist_f3530cac._.js:3127
[27425426ms] [ERROR] IntlError: MISSING_MESSAGE: Could not resolve `Nav.myPerformance` in messages for locale `en`.
    at getFallbackFromErrorAndNotify (http://localhost:3000/_next/static/chunks/node_modules_5faecd26._.js:4921:23)
    at translateBaseFn (http://localhost:3000/_next/static/chunks/node_modules_5faecd26._.js:4951:28)
    at translateFn (http://localhost:3000/_next/static/chunks/node_modules_5faecd26._.js:4979:24)
    at http://localhost:3000/_next/static/chunks/src_5b367b92._.js:1155:63
    at Array.map (<anonymous>)
    at http://localhost:3000/_next/static/chunks/src_5b367b92._.js:1152:64
    at Array.map (<anonymous>)
    at Sidebar (http://localhost:3000/_next/static/chunks/src_5b367b92._.js:1136:166)
    at Object.react_stack_bottom_frame (http://localhost:3000/_next/static/chunks/node_modules_next_dist_compiled_react-dom_1e674e59._.js:14826:24)
    at renderWithHooksAgain (http://localhost:3000/_next/static/chunks/node_modules_next_dist_compiled_react-dom_1e674e59._.js:4706:24)
    at renderWithHooks (http://localhost:3000/_next/static/chunks/node_modules_next_dist_compiled_react-dom_1e674e59._.js:4657:28)
    at updateFunctionComponent (http://localhost:3000/_next/static/chunks/node_modules_next_dist_compiled_react-dom_1e674e59._.js:6112:21)
    at beginWork (http://localhost:3000/_next/static/chunks/node_modules_next_dist_compiled_react-dom_1e674e59._.js:6708:24)
    at runWithFiberInDEV (http://localhost:3000/_next/static/chunks/node_modules_next_dist_compiled_react-dom_1e674e59._.js:965:74)
    at performUnitOfWork (http://localhost:3000/_next/static/chunks/node_modules_next_dist_compiled_react-dom_1e674e59._.js:9562:97)
    at workLoopConcurrentByScheduler (http://localhost:3000/_next/static/chunks/node_modules_next_dist_compiled_react-dom_1e674e59._.js:9558:58)
    at renderRootConcurrent (http://localhost:3000/_next/static/chunks/node_modules_next_dist_compiled_react-dom_1e674e59._.js:9541:71)
    at performWorkOnRoot (http://localhost:3000/_next/static/chunks/node_modules_next_dist_compiled_react-dom_1e674e59._.js:9068:150)
    at performWorkOnRootViaSchedulerTask (http://localhost:3000/_next/static/chunks/node_modules_next_dist_compiled_react-dom_1e674e59._.js:10230:9)
    at MessagePort.performWorkUntilDeadline (http://localhost:3000/_next/static/chunks/node_modules_next_dist_compiled_a0e4c7b4._.js:2647:64) @ http://localhost:3000/_next/static/chunks/node_modules_next_dist_f3530cac._.js:3127
[27425437ms] [ERROR] IntlError: MISSING_MESSAGE: Could not resolve `Nav.myPerformance` in messages for locale `en`.
    at getFallbackFromErrorAndNotify (http://localhost:3000/_next/static/chunks/node_modules_5faecd26._.js:4921:23)
    at translateBaseFn (http://localhost:3000/_next/static/chunks/node_modules_5faecd26._.js:4951:28)
    at translateFn (http://localhost:3000/_next/static/chunks/node_modules_5faecd26._.js:4979:24)
    at CommandPaletteProvider.useMemo[allCommands] (http://localhost:3000/_next/static/chunks/src_5b367b92._.js:3053:32)
    at mountMemo (http://localhost:3000/_next/static/chunks/node_modules_next_dist_compiled_react-dom_1e674e59._.js:5424:25)
    at Object.useMemo (http://localhost:3000/_next/static/chunks/node_modules_next_dist_compiled_react-dom_1e674e59._.js:15003:24)
    at exports.useMemo (http://localhost:3000/_next/static/chunks/node_modules_next_dist_compiled_a0e4c7b4._.js:1742:36)
    at CommandPaletteProvider (http://localhost:3000/_next/static/chunks/src_5b367b92._.js:3033:193)
    at Object.react_stack_bottom_frame (http://localhost:3000/_next/static/chunks/node_modules_next_dist_compiled_react-dom_1e674e59._.js:14826:24)
    at renderWithHooks (http://localhost:3000/_next/static/chunks/node_modules_next_dist_compiled_react-dom_1e674e59._.js:4651:24)
    at updateFunctionComponent (http://localhost:3000/_next/static/chunks/node_modules_next_dist_compiled_react-dom_1e674e59._.js:6112:21)
    at beginWork (http://localhost:3000/_next/static/chunks/node_modules_next_dist_compiled_react-dom_1e674e59._.js:6687:639)
    at runWithFiberInDEV (http://localhost:3000/_next/static/chunks/node_modules_next_dist_compiled_react-dom_1e674e59._.js:965:74)
    at performUnitOfWork (http://localhost:3000/_next/static/chunks/node_modules_next_dist_compiled_react-dom_1e674e59._.js:9562:97)
    at workLoopConcurrentByScheduler (http://localhost:3000/_next/static/chunks/node_modules_next_dist_compiled_react-dom_1e674e59._.js:9558:58)
    at renderRootConcurrent (http://localhost:3000/_next/static/chunks/node_modules_next_dist_compiled_react-dom_1e674e59._.js:9541:71)
    at performWorkOnRoot (http://localhost:3000/_next/static/chunks/node_modules_next_dist_compiled_react-dom_1e674e59._.js:9068:150)
    at performWorkOnRootViaSchedulerTask (http://localhost:3000/_next/static/chunks/node_modules_next_dist_compiled_react-dom_1e674e59._.js:10230:9)
    at MessagePort.performWorkUntilDeadline (http://localhost:3000/_next/static/chunks/node_modules_next_dist_compiled_a0e4c7b4._.js:2647:64) @ http://localhost:3000/_next/static/chunks/node_modules_next_dist_f3530cac._.js:3127
[27425437ms] [ERROR] IntlError: MISSING_MESSAGE: Could not resolve `Nav.myPerformance` in messages for locale `en`.
    at getFallbackFromErrorAndNotify (http://localhost:3000/_next/static/chunks/node_modules_5faecd26._.js:4921:23)
    at translateBaseFn (http://localhost:3000/_next/static/chunks/node_modules_5faecd26._.js:4951:28)
    at translateFn (http://localhost:3000/_next/static/chunks/node_modules_5faecd26._.js:4979:24)
    at CommandPaletteProvider.useMemo[allCommands] (http://localhost:3000/_next/static/chunks/src_5b367b92._.js:3053:32)
    at mountMemo (http://localhost:3000/_next/static/chunks/node_modules_next_dist_compiled_react-dom_1e674e59._.js:5428:17)
    at Object.useMemo (http://localhost:3000/_next/static/chunks/node_modules_next_dist_compiled_react-dom_1e674e59._.js:15003:24)
    at exports.useMemo (http://localhost:3000/_next/static/chunks/node_modules_next_dist_compiled_a0e4c7b4._.js:1742:36)
    at CommandPaletteProvider (http://localhost:3000/_next/static/chunks/src_5b367b92._.js:3033:193)
    at Object.react_stack_bottom_frame (http://localhost:3000/_next/static/chunks/node_modules_next_dist_compiled_react-dom_1e674e59._.js:14826:24)
    at renderWithHooks (http://localhost:3000/_next/static/chunks/node_modules_next_dist_compiled_react-dom_1e674e59._.js:4651:24)
    at updateFunctionComponent (http://localhost:3000/_next/static/chunks/node_modules_next_dist_compiled_react-dom_1e674e59._.js:6112:21)
    at beginWork (http://localhost:3000/_next/static/chunks/node_modules_next_dist_compiled_react-dom_1e674e59._.js:6687:639)
    at runWithFiberInDEV (http://localhost:3000/_next/static/chunks/node_modules_next_dist_compiled_react-dom_1e674e59._.js:965:74)
    at performUnitOfWork (http://localhost:3000/_next/static/chunks/node_modules_next_dist_compiled_react-dom_1e674e59._.js:9562:97)
    at workLoopConcurrentByScheduler (http://localhost:3000/_next/static/chunks/node_modules_next_dist_compiled_react-dom_1e674e59._.js:9558:58)
    at renderRootConcurrent (http://localhost:3000/_next/static/chunks/node_modules_next_dist_compiled_react-dom_1e674e59._.js:9541:71)
    at performWorkOnRoot (http://localhost:3000/_next/static/chunks/node_modules_next_dist_compiled_react-dom_1e674e59._.js:9068:150)
    at performWorkOnRootViaSchedulerTask (http://localhost:3000/_next/static/chunks/node_modules_next_dist_compiled_react-dom_1e674e59._.js:10230:9)
    at MessagePort.performWorkUntilDeadline (http://localhost:3000/_next/static/chunks/node_modules_next_dist_compiled_a0e4c7b4._.js:2647:64) @ http://localhost:3000/_next/static/chunks/node_modules_next_dist_f3530cac._.js:3127
[27425438ms] [ERROR] IntlError: MISSING_MESSAGE: Could not resolve `Nav.myPerformance` in messages for locale `en`.
    at getFallbackFromErrorAndNotify (http://localhost:3000/_next/static/chunks/node_modules_5faecd26._.js:4921:23)
    at translateBaseFn (http://localhost:3000/_next/static/chunks/node_modules_5faecd26._.js:4951:28)
    at translateFn (http://localhost:3000/_next/static/chunks/node_modules_5faecd26._.js:4979:24)
    at http://localhost:3000/_next/static/chunks/src_5b367b92._.js:1155:63
    at Array.map (<anonymous>)
    at http://localhost:3000/_next/static/chunks/src_5b367b92._.js:1152:64
    at Array.map (<anonymous>)
    at Sidebar (http://localhost:3000/_next/static/chunks/src_5b367b92._.js:1136:166)
    at Object.react_stack_bottom_frame (http://localhost:3000/_next/static/chunks/node_modules_next_dist_compiled_react-dom_1e674e59._.js:14826:24)
    at renderWithHooks (http://localhost:3000/_next/static/chunks/node_modules_next_dist_compiled_react-dom_1e674e59._.js:4651:24)
    at updateFunctionComponent (http://localhost:3000/_next/static/chunks/node_modules_next_dist_compiled_react-dom_1e674e59._.js:6112:21)
    at beginWork (http://localhost:3000/_next/static/chunks/node_modules_next_dist_compiled_react-dom_1e674e59._.js:6708:24)
    at runWithFiberInDEV (http://localhost:3000/_next/static/chunks/node_modules_next_dist_compiled_react-dom_1e674e59._.js:965:74)
    at performUnitOfWork (http://localhost:3000/_next/static/chunks/node_modules_next_dist_compiled_react-dom_1e674e59._.js:9562:97)
    at workLoopConcurrentByScheduler (http://localhost:3000/_next/static/chunks/node_modules_next_dist_compiled_react-dom_1e674e59._.js:9558:58)
    at renderRootConcurrent (http://localhost:3000/_next/static/chunks/node_modules_next_dist_compiled_react-dom_1e674e59._.js:9541:71)
    at performWorkOnRoot (http://localhost:3000/_next/static/chunks/node_modules_next_dist_compiled_react-dom_1e674e59._.js:9068:150)
    at performWorkOnRootViaSchedulerTask (http://localhost:3000/_next/static/chunks/node_modules_next_dist_compiled_react-dom_1e674e59._.js:10230:9)
    at MessagePort.performWorkUntilDeadline (http://localhost:3000/_next/static/chunks/node_modules_next_dist_compiled_a0e4c7b4._.js:2647:64) @ http://localhost:3000/_next/static/chunks/node_modules_next_dist_f3530cac._.js:3127
[27425439ms] [ERROR] IntlError: MISSING_MESSAGE: Could not resolve `Nav.myPerformance` in messages for locale `en`.
    at getFallbackFromErrorAndNotify (http://localhost:3000/_next/static/chunks/node_modules_5faecd26._.js:4921:23)
    at translateBaseFn (http://localhost:3000/_next/static/chunks/node_modules_5faecd26._.js:4951:28)
    at translateFn (http://localhost:3000/_next/static/chunks/node_modules_5faecd26._.js:4979:24)
    at http://localhost:3000/_next/static/chunks/src_5b367b92._.js:1155:63
    at Array.map (<anonymous>)
    at http://localhost:3000/_next/static/chunks/src_5b367b92._.js:1152:64
    at Array.map (<anonymous>)
    at Sidebar (http://localhost:3000/_next/static/chunks/src_5b367b92._.js:1136:166)
    at Object.react_stack_bottom_frame (http://localhost:3000/_next/static/chunks/node_modules_next_dist_compiled_react-dom_1e674e59._.js:14826:24)
    at renderWithHooksAgain (http://localhost:3000/_next/static/chunks/node_modules_next_dist_compiled_react-dom_1e674e59._.js:4706:24)
    at renderWithHooks (http://localhost:3000/_next/static/chunks/node_modules_next_dist_compiled_react-dom_1e674e59._.js:4657:28)
    at updateFunctionComponent (http://localhost:3000/_next/static/chunks/node_modules_next_dist_compiled_react-dom_1e674e59._.js:6112:21)
    at beginWork (http://localhost:3000/_next/static/chunks/node_modules_next_dist_compiled_react-dom_1e674e59._.js:6708:24)
    at runWithFiberInDEV (http://localhost:3000/_next/static/chunks/node_modules_next_dist_compiled_react-dom_1e674e59._.js:965:74)
    at performUnitOfWork (http://localhost:3000/_next/static/chunks/node_modules_next_dist_compiled_react-dom_1e674e59._.js:9562:97)
    at workLoopConcurrentByScheduler (http://localhost:3000/_next/static/chunks/node_modules_next_dist_compiled_react-dom_1e674e59._.js:9558:58)
    at renderRootConcurrent (http://localhost:3000/_next/static/chunks/node_modules_next_dist_compiled_react-dom_1e674e59._.js:9541:71)
    at performWorkOnRoot (http://localhost:3000/_next/static/chunks/node_modules_next_dist_compiled_react-dom_1e674e59._.js:9068:150)
    at performWorkOnRootViaSchedulerTask (http://localhost:3000/_next/static/chunks/node_modules_next_dist_compiled_react-dom_1e674e59._.js:10230:9)
    at MessagePort.performWorkUntilDeadline (http://localhost:3000/_next/static/chunks/node_modules_next_dist_compiled_a0e4c7b4._.js:2647:64) @ http://localhost:3000/_next/static/chunks/node_modules_next_dist_f3530cac._.js:3127
[27425447ms] [ERROR] IntlError: MISSING_MESSAGE: Could not resolve `Nav.myPerformance` in messages for locale `en`.
    at getFallbackFromErrorAndNotify (http://localhost:3000/_next/static/chunks/node_modules_5faecd26._.js:4921:23)
    at translateBaseFn (http://localhost:3000/_next/static/chunks/node_modules_5faecd26._.js:4951:28)
    at translateFn (http://localhost:3000/_next/static/chunks/node_modules_5faecd26._.js:4979:24)
    at CommandPaletteProvider.useMemo[allCommands] (http://localhost:3000/_next/static/chunks/src_5b367b92._.js:3053:32)
    at mountMemo (http://localhost:3000/_next/static/chunks/node_modules_next_dist_compiled_react-dom_1e674e59._.js:5424:25)
    at Object.useMemo (http://localhost:3000/_next/static/chunks/node_modules_next_dist_compiled_react-dom_1e674e59._.js:15003:24)
    at exports.useMemo (http://localhost:3000/_next/static/chunks/node_modules_next_dist_compiled_a0e4c7b4._.js:1742:36)
    at CommandPaletteProvider (http://localhost:3000/_next/static/chunks/src_5b367b92._.js:3033:193)
    at Object.react_stack_bottom_frame (http://localhost:3000/_next/static/chunks/node_modules_next_dist_compiled_react-dom_1e674e59._.js:14826:24)
    at renderWithHooks (http://localhost:3000/_next/static/chunks/node_modules_next_dist_compiled_react-dom_1e674e59._.js:4651:24)
    at updateFunctionComponent (http://localhost:3000/_next/static/chunks/node_modules_next_dist_compiled_react-dom_1e674e59._.js:6112:21)
    at beginWork (http://localhost:3000/_next/static/chunks/node_modules_next_dist_compiled_react-dom_1e674e59._.js:6687:639)
    at runWithFiberInDEV (http://localhost:3000/_next/static/chunks/node_modules_next_dist_compiled_react-dom_1e674e59._.js:965:74)
    at performUnitOfWork (http://localhost:3000/_next/static/chunks/node_modules_next_dist_compiled_react-dom_1e674e59._.js:9562:97)
    at workLoopConcurrentByScheduler (http://localhost:3000/_next/static/chunks/node_modules_next_dist_compiled_react-dom_1e674e59._.js:9558:58)
    at renderRootConcurrent (http://localhost:3000/_next/static/chunks/node_modules_next_dist_compiled_react-dom_1e674e59._.js:9541:71)
    at performWorkOnRoot (http://localhost:3000/_next/static/chunks/node_modules_next_dist_compiled_react-dom_1e674e59._.js:9068:150)
    at performWorkOnRootViaSchedulerTask (http://localhost:3000/_next/static/chunks/node_modules_next_dist_compiled_react-dom_1e674e59._.js:10230:9)
    at MessagePort.performWorkUntilDeadline (http://localhost:3000/_next/static/chunks/node_modules_next_dist_compiled_a0e4c7b4._.js:2647:64) @ http://localhost:3000/_next/static/chunks/node_modules_next_dist_f3530cac._.js:3127
[27425447ms] [ERROR] IntlError: MISSING_MESSAGE: Could not resolve `Nav.myPerformance` in messages for locale `en`.
    at getFallbackFromErrorAndNotify (http://localhost:3000/_next/static/chunks/node_modules_5faecd26._.js:4921:23)
    at translateBaseFn (http://localhost:3000/_next/static/chunks/node_modules_5faecd26._.js:4951:28)
    at translateFn (http://localhost:3000/_next/static/chunks/node_modules_5faecd26._.js:4979:24)
    at CommandPaletteProvider.useMemo[allCommands] (http://localhost:3000/_next/static/chunks/src_5b367b92._.js:3053:32)
    at mountMemo (http://localhost:3000/_next/static/chunks/node_modules_next_dist_compiled_react-dom_1e674e59._.js:5428:17)
    at Object.useMemo (http://localhost:3000/_next/static/chunks/node_modules_next_dist_compiled_react-dom_1e674e59._.js:15003:24)
    at exports.useMemo (http://localhost:3000/_next/static/chunks/node_modules_next_dist_compiled_a0e4c7b4._.js:1742:36)
    at CommandPaletteProvider (http://localhost:3000/_next/static/chunks/src_5b367b92._.js:3033:193)
    at Object.react_stack_bottom_frame (http://localhost:3000/_next/static/chunks/node_modules_next_dist_compiled_react-dom_1e674e59._.js:14826:24)
    at renderWithHooks (http://localhost:3000/_next/static/chunks/node_modules_next_dist_compiled_react-dom_1e674e59._.js:4651:24)
    at updateFunctionComponent (http://localhost:3000/_next/static/chunks/node_modules_next_dist_compiled_react-dom_1e674e59._.js:6112:21)
    at beginWork (http://localhost:3000/_next/static/chunks/node_modules_next_dist_compiled_react-dom_1e674e59._.js:6687:639)
    at runWithFiberInDEV (http://localhost:3000/_next/static/chunks/node_modules_next_dist_compiled_react-dom_1e674e59._.js:965:74)
    at performUnitOfWork (http://localhost:3000/_next/static/chunks/node_modules_next_dist_compiled_react-dom_1e674e59._.js:9562:97)
    at workLoopConcurrentByScheduler (http://localhost:3000/_next/static/chunks/node_modules_next_dist_compiled_react-dom_1e674e59._.js:9558:58)
    at renderRootConcurrent (http://localhost:3000/_next/static/chunks/node_modules_next_dist_compiled_react-dom_1e674e59._.js:9541:71)
    at performWorkOnRoot (http://localhost:3000/_next/static/chunks/node_modules_next_dist_compiled_react-dom_1e674e59._.js:9068:150)
    at performWorkOnRootViaSchedulerTask (http://localhost:3000/_next/static/chunks/node_modules_next_dist_compiled_react-dom_1e674e59._.js:10230:9)
    at MessagePort.performWorkUntilDeadline (http://localhost:3000/_next/static/chunks/node_modules_next_dist_compiled_a0e4c7b4._.js:2647:64) @ http://localhost:3000/_next/static/chunks/node_modules_next_dist_f3530cac._.js:3127
[27425448ms] [ERROR] IntlError: MISSING_MESSAGE: Could not resolve `Nav.myPerformance` in messages for locale `en`.
    at getFallbackFromErrorAndNotify (http://localhost:3000/_next/static/chunks/node_modules_5faecd26._.js:4921:23)
    at translateBaseFn (http://localhost:3000/_next/static/chunks/node_modules_5faecd26._.js:4951:28)
    at translateFn (http://localhost:3000/_next/static/chunks/node_modules_5faecd26._.js:4979:24)
    at http://localhost:3000/_next/static/chunks/src_5b367b92._.js:1155:63
    at Array.map (<anonymous>)
    at http://localhost:3000/_next/static/chunks/src_5b367b92._.js:1152:64
    at Array.map (<anonymous>)
    at Sidebar (http://localhost:3000/_next/static/chunks/src_5b367b92._.js:1136:166)
    at Object.react_stack_bottom_frame (http://localhost:3000/_next/static/chunks/node_modules_next_dist_compiled_react-dom_1e674e59._.js:14826:24)
    at renderWithHooks (http://localhost:3000/_next/static/chunks/node_modules_next_dist_compiled_react-dom_1e674e59._.js:4651:24)
    at updateFunctionComponent (http://localhost:3000/_next/static/chunks/node_modules_next_dist_compiled_react-dom_1e674e59._.js:6112:21)
    at beginWork (http://localhost:3000/_next/static/chunks/node_modules_next_dist_compiled_react-dom_1e674e59._.js:6708:24)
    at runWithFiberInDEV (http://localhost:3000/_next/static/chunks/node_modules_next_dist_compiled_react-dom_1e674e59._.js:965:74)
    at performUnitOfWork (http://localhost:3000/_next/static/chunks/node_modules_next_dist_compiled_react-dom_1e674e59._.js:9562:97)
    at workLoopConcurrentByScheduler (http://localhost:3000/_next/static/chunks/node_modules_next_dist_compiled_react-dom_1e674e59._.js:9558:58)
    at renderRootConcurrent (http://localhost:3000/_next/static/chunks/node_modules_next_dist_compiled_react-dom_1e674e59._.js:9541:71)
    at performWorkOnRoot (http://localhost:3000/_next/static/chunks/node_modules_next_dist_compiled_react-dom_1e674e59._.js:9068:150)
    at performWorkOnRootViaSchedulerTask (http://localhost:3000/_next/static/chunks/node_modules_next_dist_compiled_react-dom_1e674e59._.js:10230:9)
    at MessagePort.performWorkUntilDeadline (http://localhost:3000/_next/static/chunks/node_modules_next_dist_compiled_a0e4c7b4._.js:2647:64) @ http://localhost:3000/_next/static/chunks/node_modules_next_dist_f3530cac._.js:3127
[27425448ms] [ERROR] IntlError: MISSING_MESSAGE: Could not resolve `Nav.myPerformance` in messages for locale `en`.
    at getFallbackFromErrorAndNotify (http://localhost:3000/_next/static/chunks/node_modules_5faecd26._.js:4921:23)
    at translateBaseFn (http://localhost:3000/_next/static/chunks/node_modules_5faecd26._.js:4951:28)
    at translateFn (http://localhost:3000/_next/static/chunks/node_modules_5faecd26._.js:4979:24)
    at http://localhost:3000/_next/static/chunks/src_5b367b92._.js:1155:63
    at Array.map (<anonymous>)
    at http://localhost:3000/_next/static/chunks/src_5b367b92._.js:1152:64
    at Array.map (<anonymous>)
    at Sidebar (http://localhost:3000/_next/static/chunks/src_5b367b92._.js:1136:166)
    at Object.react_stack_bottom_frame (http://localhost:3000/_next/static/chunks/node_modules_next_dist_compiled_react-dom_1e674e59._.js:14826:24)
    at renderWithHooksAgain (http://localhost:3000/_next/static/chunks/node_modules_next_dist_compiled_react-dom_1e674e59._.js:4706:24)
    at renderWithHooks (http://localhost:3000/_next/static/chunks/node_modules_next_dist_compiled_react-dom_1e674e59._.js:4657:28)
    at updateFunctionComponent (http://localhost:3000/_next/static/chunks/node_modules_next_dist_compiled_react-dom_1e674e59._.js:6112:21)
    at beginWork (http://localhost:3000/_next/static/chunks/node_modules_next_dist_compiled_react-dom_1e674e59._.js:6708:24)
    at runWithFiberInDEV (http://localhost:3000/_next/static/chunks/node_modules_next_dist_compiled_react-dom_1e674e59._.js:965:74)
    at performUnitOfWork (http://localhost:3000/_next/static/chunks/node_modules_next_dist_compiled_react-dom_1e674e59._.js:9562:97)
    at workLoopConcurrentByScheduler (http://localhost:3000/_next/static/chunks/node_modules_next_dist_compiled_react-dom_1e674e59._.js:9558:58)
    at renderRootConcurrent (http://localhost:3000/_next/static/chunks/node_modules_next_dist_compiled_react-dom_1e674e59._.js:9541:71)
    at performWorkOnRoot (http://localhost:3000/_next/static/chunks/node_modules_next_dist_compiled_react-dom_1e674e59._.js:9068:150)
    at performWorkOnRootViaSchedulerTask (http://localhost:3000/_next/static/chunks/node_modules_next_dist_compiled_react-dom_1e674e59._.js:10230:9)
    at MessagePort.performWorkUntilDeadline (http://localhost:3000/_next/static/chunks/node_modules_next_dist_compiled_a0e4c7b4._.js:2647:64) @ http://localhost:3000/_next/static/chunks/node_modules_next_dist_f3530cac._.js:3127
[27425462ms] [ERROR] IntlError: MISSING_MESSAGE: Could not resolve `Nav.myPerformance` in messages for locale `en`.
    at getFallbackFromErrorAndNotify (http://localhost:3000/_next/static/chunks/node_modules_5faecd26._.js:4921:23)
    at translateBaseFn (http://localhost:3000/_next/static/chunks/node_modules_5faecd26._.js:4951:28)
    at translateFn (http://localhost:3000/_next/static/chunks/node_modules_5faecd26._.js:4979:24)
    at CommandPaletteProvider.useMemo[allCommands] (http://localhost:3000/_next/static/chunks/src_5b367b92._.js:3053:32)
    at mountMemo (http://localhost:3000/_next/static/chunks/node_modules_next_dist_compiled_react-dom_1e674e59._.js:5424:25)
    at Object.useMemo (http://localhost:3000/_next/static/chunks/node_modules_next_dist_compiled_react-dom_1e674e59._.js:15003:24)
    at exports.useMemo (http://localhost:3000/_next/static/chunks/node_modules_next_dist_compiled_a0e4c7b4._.js:1742:36)
    at CommandPaletteProvider (http://localhost:3000/_next/static/chunks/src_5b367b92._.js:3033:193)
    at Object.react_stack_bottom_frame (http://localhost:3000/_next/static/chunks/node_modules_next_dist_compiled_react-dom_1e674e59._.js:14826:24)
    at renderWithHooks (http://localhost:3000/_next/static/chunks/node_modules_next_dist_compiled_react-dom_1e674e59._.js:4651:24)
    at updateFunctionComponent (http://localhost:3000/_next/static/chunks/node_modules_next_dist_compiled_react-dom_1e674e59._.js:6112:21)
    at beginWork (http://localhost:3000/_next/static/chunks/node_modules_next_dist_compiled_react-dom_1e674e59._.js:6687:639)
    at runWithFiberInDEV (http://localhost:3000/_next/static/chunks/node_modules_next_dist_compiled_react-dom_1e674e59._.js:965:74)
    at performUnitOfWork (http://localhost:3000/_next/static/chunks/node_modules_next_dist_compiled_react-dom_1e674e59._.js:9562:97)
    at workLoopConcurrentByScheduler (http://localhost:3000/_next/static/chunks/node_modules_next_dist_compiled_react-dom_1e674e59._.js:9558:58)
    at renderRootConcurrent (http://localhost:3000/_next/static/chunks/node_modules_next_dist_compiled_react-dom_1e674e59._.js:9541:71)
    at performWorkOnRoot (http://localhost:3000/_next/static/chunks/node_modules_next_dist_compiled_react-dom_1e674e59._.js:9068:150)
    at performWorkOnRootViaSchedulerTask (http://localhost:3000/_next/static/chunks/node_modules_next_dist_compiled_react-dom_1e674e59._.js:10230:9)
    at MessagePort.performWorkUntilDeadline (http://localhost:3000/_next/static/chunks/node_modules_next_dist_compiled_a0e4c7b4._.js:2647:64) @ http://localhost:3000/_next/static/chunks/node_modules_next_dist_f3530cac._.js:3127
[27425463ms] [ERROR] IntlError: MISSING_MESSAGE: Could not resolve `Nav.myPerformance` in messages for locale `en`.
    at getFallbackFromErrorAndNotify (http://localhost:3000/_next/static/chunks/node_modules_5faecd26._.js:4921:23)
    at translateBaseFn (http://localhost:3000/_next/static/chunks/node_modules_5faecd26._.js:4951:28)
    at translateFn (http://localhost:3000/_next/static/chunks/node_modules_5faecd26._.js:4979:24)
    at CommandPaletteProvider.useMemo[allCommands] (http://localhost:3000/_next/static/chunks/src_5b367b92._.js:3053:32)
    at mountMemo (http://localhost:3000/_next/static/chunks/node_modules_next_dist_compiled_react-dom_1e674e59._.js:5428:17)
    at Object.useMemo (http://localhost:3000/_next/static/chunks/node_modules_next_dist_compiled_react-dom_1e674e59._.js:15003:24)
    at exports.useMemo (http://localhost:3000/_next/static/chunks/node_modules_next_dist_compiled_a0e4c7b4._.js:1742:36)
    at CommandPaletteProvider (http://localhost:3000/_next/static/chunks/src_5b367b92._.js:3033:193)
    at Object.react_stack_bottom_frame (http://localhost:3000/_next/static/chunks/node_modules_next_dist_compiled_react-dom_1e674e59._.js:14826:24)
    at renderWithHooks (http://localhost:3000/_next/static/chunks/node_modules_next_dist_compiled_react-dom_1e674e59._.js:4651:24)
    at updateFunctionComponent (http://localhost:3000/_next/static/chunks/node_modules_next_dist_compiled_react-dom_1e674e59._.js:6112:21)
    at beginWork (http://localhost:3000/_next/static/chunks/node_modules_next_dist_compiled_react-dom_1e674e59._.js:6687:639)
    at runWithFiberInDEV (http://localhost:3000/_next/static/chunks/node_modules_next_dist_compiled_react-dom_1e674e59._.js:965:74)
    at performUnitOfWork (http://localhost:3000/_next/static/chunks/node_modules_next_dist_compiled_react-dom_1e674e59._.js:9562:97)
    at workLoopConcurrentByScheduler (http://localhost:3000/_next/static/chunks/node_modules_next_dist_compiled_react-dom_1e674e59._.js:9558:58)
    at renderRootConcurrent (http://localhost:3000/_next/static/chunks/node_modules_next_dist_compiled_react-dom_1e674e59._.js:9541:71)
    at performWorkOnRoot (http://localhost:3000/_next/static/chunks/node_modules_next_dist_compiled_react-dom_1e674e59._.js:9068:150)
    at performWorkOnRootViaSchedulerTask (http://localhost:3000/_next/static/chunks/node_modules_next_dist_compiled_react-dom_1e674e59._.js:10230:9)
    at MessagePort.performWorkUntilDeadline (http://localhost:3000/_next/static/chunks/node_modules_next_dist_compiled_a0e4c7b4._.js:2647:64) @ http://localhost:3000/_next/static/chunks/node_modules_next_dist_f3530cac._.js:3127
[27425464ms] [ERROR] IntlError: MISSING_MESSAGE: Could not resolve `Nav.myPerformance` in messages for locale `en`.
    at getFallbackFromErrorAndNotify (http://localhost:3000/_next/static/chunks/node_modules_5faecd26._.js:4921:23)
    at translateBaseFn (http://localhost:3000/_next/static/chunks/node_modules_5faecd26._.js:4951:28)
    at translateFn (http://localhost:3000/_next/static/chunks/node_modules_5faecd26._.js:4979:24)
    at http://localhost:3000/_next/static/chunks/src_5b367b92._.js:1155:63
    at Array.map (<anonymous>)
    at http://localhost:3000/_next/static/chunks/src_5b367b92._.js:1152:64
    at Array.map (<anonymous>)
    at Sidebar (http://localhost:3000/_next/static/chunks/src_5b367b92._.js:1136:166)
    at Object.react_stack_bottom_frame (http://localhost:3000/_next/static/chunks/node_modules_next_dist_compiled_react-dom_1e674e59._.js:14826:24)
    at renderWithHooks (http://localhost:3000/_next/static/chunks/node_modules_next_dist_compiled_react-dom_1e674e59._.js:4651:24)
    at updateFunctionComponent (http://localhost:3000/_next/static/chunks/node_modules_next_dist_compiled_react-dom_1e674e59._.js:6112:21)
    at beginWork (http://localhost:3000/_next/static/chunks/node_modules_next_dist_compiled_react-dom_1e674e59._.js:6708:24)
    at runWithFiberInDEV (http://localhost:3000/_next/static/chunks/node_modules_next_dist_compiled_react-dom_1e674e59._.js:965:74)
    at performUnitOfWork (http://localhost:3000/_next/static/chunks/node_modules_next_dist_compiled_react-dom_1e674e59._.js:9562:97)
    at workLoopConcurrentByScheduler (http://localhost:3000/_next/static/chunks/node_modules_next_dist_compiled_react-dom_1e674e59._.js:9558:58)
    at renderRootConcurrent (http://localhost:3000/_next/static/chunks/node_modules_next_dist_compiled_react-dom_1e674e59._.js:9541:71)
    at performWorkOnRoot (http://localhost:3000/_next/static/chunks/node_modules_next_dist_compiled_react-dom_1e674e59._.js:9068:150)
    at performWorkOnRootViaSchedulerTask (http://localhost:3000/_next/static/chunks/node_modules_next_dist_compiled_react-dom_1e674e59._.js:10230:9)
    at MessagePort.performWorkUntilDeadline (http://localhost:3000/_next/static/chunks/node_modules_next_dist_compiled_a0e4c7b4._.js:2647:64) @ http://localhost:3000/_next/static/chunks/node_modules_next_dist_f3530cac._.js:3127
[27425464ms] [ERROR] IntlError: MISSING_MESSAGE: Could not resolve `Nav.myPerformance` in messages for locale `en`.
    at getFallbackFromErrorAndNotify (http://localhost:3000/_next/static/chunks/node_modules_5faecd26._.js:4921:23)
    at translateBaseFn (http://localhost:3000/_next/static/chunks/node_modules_5faecd26._.js:4951:28)
    at translateFn (http://localhost:3000/_next/static/chunks/node_modules_5faecd26._.js:4979:24)
    at http://localhost:3000/_next/static/chunks/src_5b367b92._.js:1155:63
    at Array.map (<anonymous>)
    at http://localhost:3000/_next/static/chunks/src_5b367b92._.js:1152:64
    at Array.map (<anonymous>)
    at Sidebar (http://localhost:3000/_next/static/chunks/src_5b367b92._.js:1136:166)
    at Object.react_stack_bottom_frame (http://localhost:3000/_next/static/chunks/node_modules_next_dist_compiled_react-dom_1e674e59._.js:14826:24)
    at renderWithHooksAgain (http://localhost:3000/_next/static/chunks/node_modules_next_dist_compiled_react-dom_1e674e59._.js:4706:24)
    at renderWithHooks (http://localhost:3000/_next/static/chunks/node_modules_next_dist_compiled_react-dom_1e674e59._.js:4657:28)
    at updateFunctionComponent (http://localhost:3000/_next/static/chunks/node_modules_next_dist_compiled_react-dom_1e674e59._.js:6112:21)
    at beginWork (http://localhost:3000/_next/static/chunks/node_modules_next_dist_compiled_react-dom_1e674e59._.js:6708:24)
    at runWithFiberInDEV (http://localhost:3000/_next/static/chunks/node_modules_next_dist_compiled_react-dom_1e674e59._.js:965:74)
    at performUnitOfWork (http://localhost:3000/_next/static/chunks/node_modules_next_dist_compiled_react-dom_1e674e59._.js:9562:97)
    at workLoopConcurrentByScheduler (http://localhost:3000/_next/static/chunks/node_modules_next_dist_compiled_react-dom_1e674e59._.js:9558:58)
    at renderRootConcurrent (http://localhost:3000/_next/static/chunks/node_modules_next_dist_compiled_react-dom_1e674e59._.js:9541:71)
    at performWorkOnRoot (http://localhost:3000/_next/static/chunks/node_modules_next_dist_compiled_react-dom_1e674e59._.js:9068:150)
    at performWorkOnRootViaSchedulerTask (http://localhost:3000/_next/static/chunks/node_modules_next_dist_compiled_react-dom_1e674e59._.js:10230:9)
    at MessagePort.performWorkUntilDeadline (http://localhost:3000/_next/static/chunks/node_modules_next_dist_compiled_a0e4c7b4._.js:2647:64) @ http://localhost:3000/_next/static/chunks/node_modules_next_dist_f3530cac._.js:3127
[27425493ms] [ERROR] IntlError: MISSING_MESSAGE: Could not resolve `Nav.myPerformance` in messages for locale `en`.
    at getFallbackFromErrorAndNotify (http://localhost:3000/_next/static/chunks/node_modules_5faecd26._.js:4921:23)
    at translateBaseFn (http://localhost:3000/_next/static/chunks/node_modules_5faecd26._.js:4951:28)
    at translateFn (http://localhost:3000/_next/static/chunks/node_modules_5faecd26._.js:4979:24)
    at CommandPaletteProvider.useMemo[allCommands] (http://localhost:3000/_next/static/chunks/src_5b367b92._.js:3053:32)
    at mountMemo (http://localhost:3000/_next/static/chunks/node_modules_next_dist_compiled_react-dom_1e674e59._.js:5424:25)
    at Object.useMemo (http://localhost:3000/_next/static/chunks/node_modules_next_dist_compiled_react-dom_1e674e59._.js:15003:24)
    at exports.useMemo (http://localhost:3000/_next/static/chunks/node_modules_next_dist_compiled_a0e4c7b4._.js:1742:36)
    at CommandPaletteProvider (http://localhost:3000/_next/static/chunks/src_5b367b92._.js:3033:193)
    at Object.react_stack_bottom_frame (http://localhost:3000/_next/static/chunks/node_modules_next_dist_compiled_react-dom_1e674e59._.js:14826:24)
    at renderWithHooks (http://localhost:3000/_next/static/chunks/node_modules_next_dist_compiled_react-dom_1e674e59._.js:4651:24)
    at updateFunctionComponent (http://localhost:3000/_next/static/chunks/node_modules_next_dist_compiled_react-dom_1e674e59._.js:6112:21)
    at beginWork (http://localhost:3000/_next/static/chunks/node_modules_next_dist_compiled_react-dom_1e674e59._.js:6687:639)
    at runWithFiberInDEV (http://localhost:3000/_next/static/chunks/node_modules_next_dist_compiled_react-dom_1e674e59._.js:965:74)
    at performUnitOfWork (http://localhost:3000/_next/static/chunks/node_modules_next_dist_compiled_react-dom_1e674e59._.js:9562:97)
    at workLoopConcurrentByScheduler (http://localhost:3000/_next/static/chunks/node_modules_next_dist_compiled_react-dom_1e674e59._.js:9558:58)
    at renderRootConcurrent (http://localhost:3000/_next/static/chunks/node_modules_next_dist_compiled_react-dom_1e674e59._.js:9541:71)
    at performWorkOnRoot (http://localhost:3000/_next/static/chunks/node_modules_next_dist_compiled_react-dom_1e674e59._.js:9068:150)
    at performWorkOnRootViaSchedulerTask (http://localhost:3000/_next/static/chunks/node_modules_next_dist_compiled_react-dom_1e674e59._.js:10230:9)
    at MessagePort.performWorkUntilDeadline (http://localhost:3000/_next/static/chunks/node_modules_next_dist_compiled_a0e4c7b4._.js:2647:64) @ http://localhost:3000/_next/static/chunks/node_modules_next_dist_f3530cac._.js:3127
[27425493ms] [ERROR] IntlError: MISSING_MESSAGE: Could not resolve `Nav.myPerformance` in messages for locale `en`.
    at getFallbackFromErrorAndNotify (http://localhost:3000/_next/static/chunks/node_modules_5faecd26._.js:4921:23)
    at translateBaseFn (http://localhost:3000/_next/static/chunks/node_modules_5faecd26._.js:4951:28)
    at translateFn (http://localhost:3000/_next/static/chunks/node_modules_5faecd26._.js:4979:24)
    at CommandPaletteProvider.useMemo[allCommands] (http://localhost:3000/_next/static/chunks/src_5b367b92._.js:3053:32)
    at mountMemo (http://localhost:3000/_next/static/chunks/node_modules_next_dist_compiled_react-dom_1e674e59._.js:5428:17)
    at Object.useMemo (http://localhost:3000/_next/static/chunks/node_modules_next_dist_compiled_react-dom_1e674e59._.js:15003:24)
    at exports.useMemo (http://localhost:3000/_next/static/chunks/node_modules_next_dist_compiled_a0e4c7b4._.js:1742:36)
    at CommandPaletteProvider (http://localhost:3000/_next/static/chunks/src_5b367b92._.js:3033:193)
    at Object.react_stack_bottom_frame (http://localhost:3000/_next/static/chunks/node_modules_next_dist_compiled_react-dom_1e674e59._.js:14826:24)
    at renderWithHooks (http://localhost:3000/_next/static/chunks/node_modules_next_dist_compiled_react-dom_1e674e59._.js:4651:24)
    at updateFunctionComponent (http://localhost:3000/_next/static/chunks/node_modules_next_dist_compiled_react-dom_1e674e59._.js:6112:21)
    at beginWork (http://localhost:3000/_next/static/chunks/node_modules_next_dist_compiled_react-dom_1e674e59._.js:6687:639)
    at runWithFiberInDEV (http://localhost:3000/_next/static/chunks/node_modules_next_dist_compiled_react-dom_1e674e59._.js:965:74)
    at performUnitOfWork (http://localhost:3000/_next/static/chunks/node_modules_next_dist_compiled_react-dom_1e674e59._.js:9562:97)
    at workLoopConcurrentByScheduler (http://localhost:3000/_next/static/chunks/node_modules_next_dist_compiled_react-dom_1e674e59._.js:9558:58)
    at renderRootConcurrent (http://localhost:3000/_next/static/chunks/node_modules_next_dist_compiled_react-dom_1e674e59._.js:9541:71)
    at performWorkOnRoot (http://localhost:3000/_next/static/chunks/node_modules_next_dist_compiled_react-dom_1e674e59._.js:9068:150)
    at performWorkOnRootViaSchedulerTask (http://localhost:3000/_next/static/chunks/node_modules_next_dist_compiled_react-dom_1e674e59._.js:10230:9)
    at MessagePort.performWorkUntilDeadline (http://localhost:3000/_next/static/chunks/node_modules_next_dist_compiled_a0e4c7b4._.js:2647:64) @ http://localhost:3000/_next/static/chunks/node_modules_next_dist_f3530cac._.js:3127
[27425495ms] [ERROR] IntlError: MISSING_MESSAGE: Could not resolve `Nav.myPerformance` in messages for locale `en`.
    at getFallbackFromErrorAndNotify (http://localhost:3000/_next/static/chunks/node_modules_5faecd26._.js:4921:23)
    at translateBaseFn (http://localhost:3000/_next/static/chunks/node_modules_5faecd26._.js:4951:28)
    at translateFn (http://localhost:3000/_next/static/chunks/node_modules_5faecd26._.js:4979:24)
    at http://localhost:3000/_next/static/chunks/src_5b367b92._.js:1155:63
    at Array.map (<anonymous>)
    at http://localhost:3000/_next/static/chunks/src_5b367b92._.js:1152:64
    at Array.map (<anonymous>)
    at Sidebar (http://localhost:3000/_next/static/chunks/src_5b367b92._.js:1136:166)
    at Object.react_stack_bottom_frame (http://localhost:3000/_next/static/chunks/node_modules_next_dist_compiled_react-dom_1e674e59._.js:14826:24)
    at renderWithHooks (http://localhost:3000/_next/static/chunks/node_modules_next_dist_compiled_react-dom_1e674e59._.js:4651:24)
    at updateFunctionComponent (http://localhost:3000/_next/static/chunks/node_modules_next_dist_compiled_react-dom_1e674e59._.js:6112:21)
    at beginWork (http://localhost:3000/_next/static/chunks/node_modules_next_dist_compiled_react-dom_1e674e59._.js:6708:24)
    at runWithFiberInDEV (http://localhost:3000/_next/static/chunks/node_modules_next_dist_compiled_react-dom_1e674e59._.js:965:74)
    at performUnitOfWork (http://localhost:3000/_next/static/chunks/node_modules_next_dist_compiled_react-dom_1e674e59._.js:9562:97)
    at workLoopConcurrentByScheduler (http://localhost:3000/_next/static/chunks/node_modules_next_dist_compiled_react-dom_1e674e59._.js:9558:58)
    at renderRootConcurrent (http://localhost:3000/_next/static/chunks/node_modules_next_dist_compiled_react-dom_1e674e59._.js:9541:71)
    at performWorkOnRoot (http://localhost:3000/_next/static/chunks/node_modules_next_dist_compiled_react-dom_1e674e59._.js:9068:150)
    at performWorkOnRootViaSchedulerTask (http://localhost:3000/_next/static/chunks/node_modules_next_dist_compiled_react-dom_1e674e59._.js:10230:9)
    at MessagePort.performWorkUntilDeadline (http://localhost:3000/_next/static/chunks/node_modules_next_dist_compiled_a0e4c7b4._.js:2647:64) @ http://localhost:3000/_next/static/chunks/node_modules_next_dist_f3530cac._.js:3127
[27425496ms] [ERROR] IntlError: MISSING_MESSAGE: Could not resolve `Nav.myPerformance` in messages for locale `en`.
    at getFallbackFromErrorAndNotify (http://localhost:3000/_next/static/chunks/node_modules_5faecd26._.js:4921:23)
    at translateBaseFn (http://localhost:3000/_next/static/chunks/node_modules_5faecd26._.js:4951:28)
    at translateFn (http://localhost:3000/_next/static/chunks/node_modules_5faecd26._.js:4979:24)
    at http://localhost:3000/_next/static/chunks/src_5b367b92._.js:1155:63
    at Array.map (<anonymous>)
    at http://localhost:3000/_next/static/chunks/src_5b367b92._.js:1152:64
    at Array.map (<anonymous>)
    at Sidebar (http://localhost:3000/_next/static/chunks/src_5b367b92._.js:1136:166)
    at Object.react_stack_bottom_frame (http://localhost:3000/_next/static/chunks/node_modules_next_dist_compiled_react-dom_1e674e59._.js:14826:24)
    at renderWithHooksAgain (http://localhost:3000/_next/static/chunks/node_modules_next_dist_compiled_react-dom_1e674e59._.js:4706:24)
    at renderWithHooks (http://localhost:3000/_next/static/chunks/node_modules_next_dist_compiled_react-dom_1e674e59._.js:4657:28)
    at updateFunctionComponent (http://localhost:3000/_next/static/chunks/node_modules_next_dist_compiled_react-dom_1e674e59._.js:6112:21)
    at beginWork (http://localhost:3000/_next/static/chunks/node_modules_next_dist_compiled_react-dom_1e674e59._.js:6708:24)
    at runWithFiberInDEV (http://localhost:3000/_next/static/chunks/node_modules_next_dist_compiled_react-dom_1e674e59._.js:965:74)
    at performUnitOfWork (http://localhost:3000/_next/static/chunks/node_modules_next_dist_compiled_react-dom_1e674e59._.js:9562:97)
    at workLoopConcurrentByScheduler (http://localhost:3000/_next/static/chunks/node_modules_next_dist_compiled_react-dom_1e674e59._.js:9558:58)
    at renderRootConcurrent (http://localhost:3000/_next/static/chunks/node_modules_next_dist_compiled_react-dom_1e674e59._.js:9541:71)
    at performWorkOnRoot (http://localhost:3000/_next/static/chunks/node_modules_next_dist_compiled_react-dom_1e674e59._.js:9068:150)
    at performWorkOnRootViaSchedulerTask (http://localhost:3000/_next/static/chunks/node_modules_next_dist_compiled_react-dom_1e674e59._.js:10230:9)
    at MessagePort.performWorkUntilDeadline (http://localhost:3000/_next/static/chunks/node_modules_next_dist_compiled_a0e4c7b4._.js:2647:64) @ http://localhost:3000/_next/static/chunks/node_modules_next_dist_f3530cac._.js:3127
[27425516ms] [ERROR] IntlError: MISSING_MESSAGE: Could not resolve `Nav.myPerformance` in messages for locale `en`.
    at getFallbackFromErrorAndNotify (http://localhost:3000/_next/static/chunks/node_modules_5faecd26._.js:4921:23)
    at translateBaseFn (http://localhost:3000/_next/static/chunks/node_modules_5faecd26._.js:4951:28)
    at translateFn (http://localhost:3000/_next/static/chunks/node_modules_5faecd26._.js:4979:24)
    at CommandPaletteProvider.useMemo[allCommands] (http://localhost:3000/_next/static/chunks/src_5b367b92._.js:3053:32)
    at mountMemo (http://localhost:3000/_next/static/chunks/node_modules_next_dist_compiled_react-dom_1e674e59._.js:5424:25)
    at Object.useMemo (http://localhost:3000/_next/static/chunks/node_modules_next_dist_compiled_react-dom_1e674e59._.js:15003:24)
    at exports.useMemo (http://localhost:3000/_next/static/chunks/node_modules_next_dist_compiled_a0e4c7b4._.js:1742:36)
    at CommandPaletteProvider (http://localhost:3000/_next/static/chunks/src_5b367b92._.js:3033:193)
    at Object.react_stack_bottom_frame (http://localhost:3000/_next/static/chunks/node_modules_next_dist_compiled_react-dom_1e674e59._.js:14826:24)
    at renderWithHooks (http://localhost:3000/_next/static/chunks/node_modules_next_dist_compiled_react-dom_1e674e59._.js:4651:24)
    at updateFunctionComponent (http://localhost:3000/_next/static/chunks/node_modules_next_dist_compiled_react-dom_1e674e59._.js:6112:21)
    at beginWork (http://localhost:3000/_next/static/chunks/node_modules_next_dist_compiled_react-dom_1e674e59._.js:6687:639)
    at runWithFiberInDEV (http://localhost:3000/_next/static/chunks/node_modules_next_dist_compiled_react-dom_1e674e59._.js:965:74)
    at performUnitOfWork (http://localhost:3000/_next/static/chunks/node_modules_next_dist_compiled_react-dom_1e674e59._.js:9562:97)
    at workLoopConcurrentByScheduler (http://localhost:3000/_next/static/chunks/node_modules_next_dist_compiled_react-dom_1e674e59._.js:9558:58)
    at renderRootConcurrent (http://localhost:3000/_next/static/chunks/node_modules_next_dist_compiled_react-dom_1e674e59._.js:9541:71)
    at performWorkOnRoot (http://localhost:3000/_next/static/chunks/node_modules_next_dist_compiled_react-dom_1e674e59._.js:9068:150)
    at performWorkOnRootViaSchedulerTask (http://localhost:3000/_next/static/chunks/node_modules_next_dist_compiled_react-dom_1e674e59._.js:10230:9)
    at MessagePort.performWorkUntilDeadline (http://localhost:3000/_next/static/chunks/node_modules_next_dist_compiled_a0e4c7b4._.js:2647:64) @ http://localhost:3000/_next/static/chunks/node_modules_next_dist_f3530cac._.js:3127
[27425516ms] [ERROR] IntlError: MISSING_MESSAGE: Could not resolve `Nav.myPerformance` in messages for locale `en`.
    at getFallbackFromErrorAndNotify (http://localhost:3000/_next/static/chunks/node_modules_5faecd26._.js:4921:23)
    at translateBaseFn (http://localhost:3000/_next/static/chunks/node_modules_5faecd26._.js:4951:28)
    at translateFn (http://localhost:3000/_next/static/chunks/node_modules_5faecd26._.js:4979:24)
    at CommandPaletteProvider.useMemo[allCommands] (http://localhost:3000/_next/static/chunks/src_5b367b92._.js:3053:32)
    at mountMemo (http://localhost:3000/_next/static/chunks/node_modules_next_dist_compiled_react-dom_1e674e59._.js:5428:17)
    at Object.useMemo (http://localhost:3000/_next/static/chunks/node_modules_next_dist_compiled_react-dom_1e674e59._.js:15003:24)
    at exports.useMemo (http://localhost:3000/_next/static/chunks/node_modules_next_dist_compiled_a0e4c7b4._.js:1742:36)
    at CommandPaletteProvider (http://localhost:3000/_next/static/chunks/src_5b367b92._.js:3033:193)
    at Object.react_stack_bottom_frame (http://localhost:3000/_next/static/chunks/node_modules_next_dist_compiled_react-dom_1e674e59._.js:14826:24)
    at renderWithHooks (http://localhost:3000/_next/static/chunks/node_modules_next_dist_compiled_react-dom_1e674e59._.js:4651:24)
    at updateFunctionComponent (http://localhost:3000/_next/static/chunks/node_modules_next_dist_compiled_react-dom_1e674e59._.js:6112:21)
    at beginWork (http://localhost:3000/_next/static/chunks/node_modules_next_dist_compiled_react-dom_1e674e59._.js:6687:639)
    at runWithFiberInDEV (http://localhost:3000/_next/static/chunks/node_modules_next_dist_compiled_react-dom_1e674e59._.js:965:74)
    at performUnitOfWork (http://localhost:3000/_next/static/chunks/node_modules_next_dist_compiled_react-dom_1e674e59._.js:9562:97)
    at workLoopConcurrentByScheduler (http://localhost:3000/_next/static/chunks/node_modules_next_dist_compiled_react-dom_1e674e59._.js:9558:58)
    at renderRootConcurrent (http://localhost:3000/_next/static/chunks/node_modules_next_dist_compiled_react-dom_1e674e59._.js:9541:71)
    at performWorkOnRoot (http://localhost:3000/_next/static/chunks/node_modules_next_dist_compiled_react-dom_1e674e59._.js:9068:150)
    at performWorkOnRootViaSchedulerTask (http://localhost:3000/_next/static/chunks/node_modules_next_dist_compiled_react-dom_1e674e59._.js:10230:9)
    at MessagePort.performWorkUntilDeadline (http://localhost:3000/_next/static/chunks/node_modules_next_dist_compiled_a0e4c7b4._.js:2647:64) @ http://localhost:3000/_next/static/chunks/node_modules_next_dist_f3530cac._.js:3127
[27425518ms] [ERROR] IntlError: MISSING_MESSAGE: Could not resolve `Nav.myPerformance` in messages for locale `en`.
    at getFallbackFromErrorAndNotify (http://localhost:3000/_next/static/chunks/node_modules_5faecd26._.js:4921:23)
    at translateBaseFn (http://localhost:3000/_next/static/chunks/node_modules_5faecd26._.js:4951:28)
    at translateFn (http://localhost:3000/_next/static/chunks/node_modules_5faecd26._.js:4979:24)
    at http://localhost:3000/_next/static/chunks/src_5b367b92._.js:1155:63
    at Array.map (<anonymous>)
    at http://localhost:3000/_next/static/chunks/src_5b367b92._.js:1152:64
    at Array.map (<anonymous>)
    at Sidebar (http://localhost:3000/_next/static/chunks/src_5b367b92._.js:1136:166)
    at Object.react_stack_bottom_frame (http://localhost:3000/_next/static/chunks/node_modules_next_dist_compiled_react-dom_1e674e59._.js:14826:24)
    at renderWithHooks (http://localhost:3000/_next/static/chunks/node_modules_next_dist_compiled_react-dom_1e674e59._.js:4651:24)
    at updateFunctionComponent (http://localhost:3000/_next/static/chunks/node_modules_next_dist_compiled_react-dom_1e674e59._.js:6112:21)
    at beginWork (http://localhost:3000/_next/static/chunks/node_modules_next_dist_compiled_react-dom_1e674e59._.js:6708:24)
    at runWithFiberInDEV (http://localhost:3000/_next/static/chunks/node_modules_next_dist_compiled_react-dom_1e674e59._.js:965:74)
    at performUnitOfWork (http://localhost:3000/_next/static/chunks/node_modules_next_dist_compiled_react-dom_1e674e59._.js:9562:97)
    at workLoopConcurrentByScheduler (http://localhost:3000/_next/static/chunks/node_modules_next_dist_compiled_react-dom_1e674e59._.js:9558:58)
    at renderRootConcurrent (http://localhost:3000/_next/static/chunks/node_modules_next_dist_compiled_react-dom_1e674e59._.js:9541:71)
    at performWorkOnRoot (http://localhost:3000/_next/static/chunks/node_modules_next_dist_compiled_react-dom_1e674e59._.js:9068:150)
    at performWorkOnRootViaSchedulerTask (http://localhost:3000/_next/static/chunks/node_modules_next_dist_compiled_react-dom_1e674e59._.js:10230:9)
    at MessagePort.performWorkUntilDeadline (http://localhost:3000/_next/static/chunks/node_modules_next_dist_compiled_a0e4c7b4._.js:2647:64) @ http://localhost:3000/_next/static/chunks/node_modules_next_dist_f3530cac._.js:3127
[27425519ms] [ERROR] IntlError: MISSING_MESSAGE: Could not resolve `Nav.myPerformance` in messages for locale `en`.
    at getFallbackFromErrorAndNotify (http://localhost:3000/_next/static/chunks/node_modules_5faecd26._.js:4921:23)
    at translateBaseFn (http://localhost:3000/_next/static/chunks/node_modules_5faecd26._.js:4951:28)
    at translateFn (http://localhost:3000/_next/static/chunks/node_modules_5faecd26._.js:4979:24)
    at http://localhost:3000/_next/static/chunks/src_5b367b92._.js:1155:63
    at Array.map (<anonymous>)
    at http://localhost:3000/_next/static/chunks/src_5b367b92._.js:1152:64
    at Array.map (<anonymous>)
    at Sidebar (http://localhost:3000/_next/static/chunks/src_5b367b92._.js:1136:166)
    at Object.react_stack_bottom_frame (http://localhost:3000/_next/static/chunks/node_modules_next_dist_compiled_react-dom_1e674e59._.js:14826:24)
    at renderWithHooksAgain (http://localhost:3000/_next/static/chunks/node_modules_next_dist_compiled_react-dom_1e674e59._.js:4706:24)
    at renderWithHooks (http://localhost:3000/_next/static/chunks/node_modules_next_dist_compiled_react-dom_1e674e59._.js:4657:28)
    at updateFunctionComponent (http://localhost:3000/_next/static/chunks/node_modules_next_dist_compiled_react-dom_1e674e59._.js:6112:21)
    at beginWork (http://localhost:3000/_next/static/chunks/node_modules_next_dist_compiled_react-dom_1e674e59._.js:6708:24)
    at runWithFiberInDEV (http://localhost:3000/_next/static/chunks/node_modules_next_dist_compiled_react-dom_1e674e59._.js:965:74)
    at performUnitOfWork (http://localhost:3000/_next/static/chunks/node_modules_next_dist_compiled_react-dom_1e674e59._.js:9562:97)
    at workLoopConcurrentByScheduler (http://localhost:3000/_next/static/chunks/node_modules_next_dist_compiled_react-dom_1e674e59._.js:9558:58)
    at renderRootConcurrent (http://localhost:3000/_next/static/chunks/node_modules_next_dist_compiled_react-dom_1e674e59._.js:9541:71)
    at performWorkOnRoot (http://localhost:3000/_next/static/chunks/node_modules_next_dist_compiled_react-dom_1e674e59._.js:9068:150)
    at performWorkOnRootViaSchedulerTask (http://localhost:3000/_next/static/chunks/node_modules_next_dist_compiled_react-dom_1e674e59._.js:10230:9)
    at MessagePort.performWorkUntilDeadline (http://localhost:3000/_next/static/chunks/node_modules_next_dist_compiled_a0e4c7b4._.js:2647:64) @ http://localhost:3000/_next/static/chunks/node_modules_next_dist_f3530cac._.js:3127
[27425526ms] [ERROR] IntlError: MISSING_MESSAGE: Could not resolve `Nav.myPerformance` in messages for locale `en`.
    at getFallbackFromErrorAndNotify (http://localhost:3000/_next/static/chunks/node_modules_5faecd26._.js:4921:23)
    at translateBaseFn (http://localhost:3000/_next/static/chunks/node_modules_5faecd26._.js:4951:28)
    at translateFn (http://localhost:3000/_next/static/chunks/node_modules_5faecd26._.js:4979:24)
    at CommandPaletteProvider.useMemo[allCommands] (http://localhost:3000/_next/static/chunks/src_5b367b92._.js:3053:32)
    at mountMemo (http://localhost:3000/_next/static/chunks/node_modules_next_dist_compiled_react-dom_1e674e59._.js:5424:25)
    at Object.useMemo (http://localhost:3000/_next/static/chunks/node_modules_next_dist_compiled_react-dom_1e674e59._.js:15003:24)
    at exports.useMemo (http://localhost:3000/_next/static/chunks/node_modules_next_dist_compiled_a0e4c7b4._.js:1742:36)
    at CommandPaletteProvider (http://localhost:3000/_next/static/chunks/src_5b367b92._.js:3033:193)
    at Object.react_stack_bottom_frame (http://localhost:3000/_next/static/chunks/node_modules_next_dist_compiled_react-dom_1e674e59._.js:14826:24)
    at renderWithHooks (http://localhost:3000/_next/static/chunks/node_modules_next_dist_compiled_react-dom_1e674e59._.js:4651:24)
    at updateFunctionComponent (http://localhost:3000/_next/static/chunks/node_modules_next_dist_compiled_react-dom_1e674e59._.js:6112:21)
    at beginWork (http://localhost:3000/_next/static/chunks/node_modules_next_dist_compiled_react-dom_1e674e59._.js:6687:639)
    at runWithFiberInDEV (http://localhost:3000/_next/static/chunks/node_modules_next_dist_compiled_react-dom_1e674e59._.js:965:74)
    at performUnitOfWork (http://localhost:3000/_next/static/chunks/node_modules_next_dist_compiled_react-dom_1e674e59._.js:9562:97)
    at workLoopConcurrentByScheduler (http://localhost:3000/_next/static/chunks/node_modules_next_dist_compiled_react-dom_1e674e59._.js:9558:58)
    at renderRootConcurrent (http://localhost:3000/_next/static/chunks/node_modules_next_dist_compiled_react-dom_1e674e59._.js:9541:71)
    at performWorkOnRoot (http://localhost:3000/_next/static/chunks/node_modules_next_dist_compiled_react-dom_1e674e59._.js:9068:150)
    at performWorkOnRootViaSchedulerTask (http://localhost:3000/_next/static/chunks/node_modules_next_dist_compiled_react-dom_1e674e59._.js:10230:9)
    at MessagePort.performWorkUntilDeadline (http://localhost:3000/_next/static/chunks/node_modules_next_dist_compiled_a0e4c7b4._.js:2647:64) @ http://localhost:3000/_next/static/chunks/node_modules_next_dist_f3530cac._.js:3127
[27425526ms] [ERROR] IntlError: MISSING_MESSAGE: Could not resolve `Nav.myPerformance` in messages for locale `en`.
    at getFallbackFromErrorAndNotify (http://localhost:3000/_next/static/chunks/node_modules_5faecd26._.js:4921:23)
    at translateBaseFn (http://localhost:3000/_next/static/chunks/node_modules_5faecd26._.js:4951:28)
    at translateFn (http://localhost:3000/_next/static/chunks/node_modules_5faecd26._.js:4979:24)
    at CommandPaletteProvider.useMemo[allCommands] (http://localhost:3000/_next/static/chunks/src_5b367b92._.js:3053:32)
    at mountMemo (http://localhost:3000/_next/static/chunks/node_modules_next_dist_compiled_react-dom_1e674e59._.js:5428:17)
    at Object.useMemo (http://localhost:3000/_next/static/chunks/node_modules_next_dist_compiled_react-dom_1e674e59._.js:15003:24)
    at exports.useMemo (http://localhost:3000/_next/static/chunks/node_modules_next_dist_compiled_a0e4c7b4._.js:1742:36)
    at CommandPaletteProvider (http://localhost:3000/_next/static/chunks/src_5b367b92._.js:3033:193)
    at Object.react_stack_bottom_frame (http://localhost:3000/_next/static/chunks/node_modules_next_dist_compiled_react-dom_1e674e59._.js:14826:24)
    at renderWithHooks (http://localhost:3000/_next/static/chunks/node_modules_next_dist_compiled_react-dom_1e674e59._.js:4651:24)
    at updateFunctionComponent (http://localhost:3000/_next/static/chunks/node_modules_next_dist_compiled_react-dom_1e674e59._.js:6112:21)
    at beginWork (http://localhost:3000/_next/static/chunks/node_modules_next_dist_compiled_react-dom_1e674e59._.js:6687:639)
    at runWithFiberInDEV (http://localhost:3000/_next/static/chunks/node_modules_next_dist_compiled_react-dom_1e674e59._.js:965:74)
    at performUnitOfWork (http://localhost:3000/_next/static/chunks/node_modules_next_dist_compiled_react-dom_1e674e59._.js:9562:97)
    at workLoopConcurrentByScheduler (http://localhost:3000/_next/static/chunks/node_modules_next_dist_compiled_react-dom_1e674e59._.js:9558:58)
    at renderRootConcurrent (http://localhost:3000/_next/static/chunks/node_modules_next_dist_compiled_react-dom_1e674e59._.js:9541:71)
    at performWorkOnRoot (http://localhost:3000/_next/static/chunks/node_modules_next_dist_compiled_react-dom_1e674e59._.js:9068:150)
    at performWorkOnRootViaSchedulerTask (http://localhost:3000/_next/static/chunks/node_modules_next_dist_compiled_react-dom_1e674e59._.js:10230:9)
    at MessagePort.performWorkUntilDeadline (http://localhost:3000/_next/static/chunks/node_modules_next_dist_compiled_a0e4c7b4._.js:2647:64) @ http://localhost:3000/_next/static/chunks/node_modules_next_dist_f3530cac._.js:3127
[27425528ms] [ERROR] IntlError: MISSING_MESSAGE: Could not resolve `Nav.myPerformance` in messages for locale `en`.
    at getFallbackFromErrorAndNotify (http://localhost:3000/_next/static/chunks/node_modules_5faecd26._.js:4921:23)
    at translateBaseFn (http://localhost:3000/_next/static/chunks/node_modules_5faecd26._.js:4951:28)
    at translateFn (http://localhost:3000/_next/static/chunks/node_modules_5faecd26._.js:4979:24)
    at http://localhost:3000/_next/static/chunks/src_5b367b92._.js:1155:63
    at Array.map (<anonymous>)
    at http://localhost:3000/_next/static/chunks/src_5b367b92._.js:1152:64
    at Array.map (<anonymous>)
    at Sidebar (http://localhost:3000/_next/static/chunks/src_5b367b92._.js:1136:166)
    at Object.react_stack_bottom_frame (http://localhost:3000/_next/static/chunks/node_modules_next_dist_compiled_react-dom_1e674e59._.js:14826:24)
    at renderWithHooks (http://localhost:3000/_next/static/chunks/node_modules_next_dist_compiled_react-dom_1e674e59._.js:4651:24)
    at updateFunctionComponent (http://localhost:3000/_next/static/chunks/node_modules_next_dist_compiled_react-dom_1e674e59._.js:6112:21)
    at beginWork (http://localhost:3000/_next/static/chunks/node_modules_next_dist_compiled_react-dom_1e674e59._.js:6708:24)
    at runWithFiberInDEV (http://localhost:3000/_next/static/chunks/node_modules_next_dist_compiled_react-dom_1e674e59._.js:965:74)
    at performUnitOfWork (http://localhost:3000/_next/static/chunks/node_modules_next_dist_compiled_react-dom_1e674e59._.js:9562:97)
    at workLoopConcurrentByScheduler (http://localhost:3000/_next/static/chunks/node_modules_next_dist_compiled_react-dom_1e674e59._.js:9558:58)
    at renderRootConcurrent (http://localhost:3000/_next/static/chunks/node_modules_next_dist_compiled_react-dom_1e674e59._.js:9541:71)
    at performWorkOnRoot (http://localhost:3000/_next/static/chunks/node_modules_next_dist_compiled_react-dom_1e674e59._.js:9068:150)
    at performWorkOnRootViaSchedulerTask (http://localhost:3000/_next/static/chunks/node_modules_next_dist_compiled_react-dom_1e674e59._.js:10230:9)
    at MessagePort.performWorkUntilDeadline (http://localhost:3000/_next/static/chunks/node_modules_next_dist_compiled_a0e4c7b4._.js:2647:64) @ http://localhost:3000/_next/static/chunks/node_modules_next_dist_f3530cac._.js:3127
[27425529ms] [ERROR] IntlError: MISSING_MESSAGE: Could not resolve `Nav.myPerformance` in messages for locale `en`.
    at getFallbackFromErrorAndNotify (http://localhost:3000/_next/static/chunks/node_modules_5faecd26._.js:4921:23)
    at translateBaseFn (http://localhost:3000/_next/static/chunks/node_modules_5faecd26._.js:4951:28)
    at translateFn (http://localhost:3000/_next/static/chunks/node_modules_5faecd26._.js:4979:24)
    at http://localhost:3000/_next/static/chunks/src_5b367b92._.js:1155:63
    at Array.map (<anonymous>)
    at http://localhost:3000/_next/static/chunks/src_5b367b92._.js:1152:64
    at Array.map (<anonymous>)
    at Sidebar (http://localhost:3000/_next/static/chunks/src_5b367b92._.js:1136:166)
    at Object.react_stack_bottom_frame (http://localhost:3000/_next/static/chunks/node_modules_next_dist_compiled_react-dom_1e674e59._.js:14826:24)
    at renderWithHooksAgain (http://localhost:3000/_next/static/chunks/node_modules_next_dist_compiled_react-dom_1e674e59._.js:4706:24)
    at renderWithHooks (http://localhost:3000/_next/static/chunks/node_modules_next_dist_compiled_react-dom_1e674e59._.js:4657:28)
    at updateFunctionComponent (http://localhost:3000/_next/static/chunks/node_modules_next_dist_compiled_react-dom_1e674e59._.js:6112:21)
    at beginWork (http://localhost:3000/_next/static/chunks/node_modules_next_dist_compiled_react-dom_1e674e59._.js:6708:24)
    at runWithFiberInDEV (http://localhost:3000/_next/static/chunks/node_modules_next_dist_compiled_react-dom_1e674e59._.js:965:74)
    at performUnitOfWork (http://localhost:3000/_next/static/chunks/node_modules_next_dist_compiled_react-dom_1e674e59._.js:9562:97)
    at workLoopConcurrentByScheduler (http://localhost:3000/_next/static/chunks/node_modules_next_dist_compiled_react-dom_1e674e59._.js:9558:58)
    at renderRootConcurrent (http://localhost:3000/_next/static/chunks/node_modules_next_dist_compiled_react-dom_1e674e59._.js:9541:71)
    at performWorkOnRoot (http://localhost:3000/_next/static/chunks/node_modules_next_dist_compiled_react-dom_1e674e59._.js:9068:150)
    at performWorkOnRootViaSchedulerTask (http://localhost:3000/_next/static/chunks/node_modules_next_dist_compiled_react-dom_1e674e59._.js:10230:9)
    at MessagePort.performWorkUntilDeadline (http://localhost:3000/_next/static/chunks/node_modules_next_dist_compiled_a0e4c7b4._.js:2647:64) @ http://localhost:3000/_next/static/chunks/node_modules_next_dist_f3530cac._.js:3127
[27425537ms] [ERROR] IntlError: MISSING_MESSAGE: Could not resolve `Nav.myPerformance` in messages for locale `en`.
    at getFallbackFromErrorAndNotify (http://localhost:3000/_next/static/chunks/node_modules_5faecd26._.js:4921:23)
    at translateBaseFn (http://localhost:3000/_next/static/chunks/node_modules_5faecd26._.js:4951:28)
    at translateFn (http://localhost:3000/_next/static/chunks/node_modules_5faecd26._.js:4979:24)
    at CommandPaletteProvider.useMemo[allCommands] (http://localhost:3000/_next/static/chunks/src_5b367b92._.js:3053:32)
    at mountMemo (http://localhost:3000/_next/static/chunks/node_modules_next_dist_compiled_react-dom_1e674e59._.js:5424:25)
    at Object.useMemo (http://localhost:3000/_next/static/chunks/node_modules_next_dist_compiled_react-dom_1e674e59._.js:15003:24)
    at exports.useMemo (http://localhost:3000/_next/static/chunks/node_modules_next_dist_compiled_a0e4c7b4._.js:1742:36)
    at CommandPaletteProvider (http://localhost:3000/_next/static/chunks/src_5b367b92._.js:3033:193)
    at Object.react_stack_bottom_frame (http://localhost:3000/_next/static/chunks/node_modules_next_dist_compiled_react-dom_1e674e59._.js:14826:24)
    at renderWithHooks (http://localhost:3000/_next/static/chunks/node_modules_next_dist_compiled_react-dom_1e674e59._.js:4651:24)
    at updateFunctionComponent (http://localhost:3000/_next/static/chunks/node_modules_next_dist_compiled_react-dom_1e674e59._.js:6112:21)
    at beginWork (http://localhost:3000/_next/static/chunks/node_modules_next_dist_compiled_react-dom_1e674e59._.js:6687:639)
    at runWithFiberInDEV (http://localhost:3000/_next/static/chunks/node_modules_next_dist_compiled_react-dom_1e674e59._.js:965:74)
    at performUnitOfWork (http://localhost:3000/_next/static/chunks/node_modules_next_dist_compiled_react-dom_1e674e59._.js:9562:97)
    at workLoopConcurrentByScheduler (http://localhost:3000/_next/static/chunks/node_modules_next_dist_compiled_react-dom_1e674e59._.js:9558:58)
    at renderRootConcurrent (http://localhost:3000/_next/static/chunks/node_modules_next_dist_compiled_react-dom_1e674e59._.js:9541:71)
    at performWorkOnRoot (http://localhost:3000/_next/static/chunks/node_modules_next_dist_compiled_react-dom_1e674e59._.js:9068:150)
    at performWorkOnRootViaSchedulerTask (http://localhost:3000/_next/static/chunks/node_modules_next_dist_compiled_react-dom_1e674e59._.js:10230:9)
    at MessagePort.performWorkUntilDeadline (http://localhost:3000/_next/static/chunks/node_modules_next_dist_compiled_a0e4c7b4._.js:2647:64) @ http://localhost:3000/_next/static/chunks/node_modules_next_dist_f3530cac._.js:3127
[27425537ms] [ERROR] IntlError: MISSING_MESSAGE: Could not resolve `Nav.myPerformance` in messages for locale `en`.
    at getFallbackFromErrorAndNotify (http://localhost:3000/_next/static/chunks/node_modules_5faecd26._.js:4921:23)
    at translateBaseFn (http://localhost:3000/_next/static/chunks/node_modules_5faecd26._.js:4951:28)
    at translateFn (http://localhost:3000/_next/static/chunks/node_modules_5faecd26._.js:4979:24)
    at CommandPaletteProvider.useMemo[allCommands] (http://localhost:3000/_next/static/chunks/src_5b367b92._.js:3053:32)
    at mountMemo (http://localhost:3000/_next/static/chunks/node_modules_next_dist_compiled_react-dom_1e674e59._.js:5428:17)
    at Object.useMemo (http://localhost:3000/_next/static/chunks/node_modules_next_dist_compiled_react-dom_1e674e59._.js:15003:24)
    at exports.useMemo (http://localhost:3000/_next/static/chunks/node_modules_next_dist_compiled_a0e4c7b4._.js:1742:36)
    at CommandPaletteProvider (http://localhost:3000/_next/static/chunks/src_5b367b92._.js:3033:193)
    at Object.react_stack_bottom_frame (http://localhost:3000/_next/static/chunks/node_modules_next_dist_compiled_react-dom_1e674e59._.js:14826:24)
    at renderWithHooks (http://localhost:3000/_next/static/chunks/node_modules_next_dist_compiled_react-dom_1e674e59._.js:4651:24)
    at updateFunctionComponent (http://localhost:3000/_next/static/chunks/node_modules_next_dist_compiled_react-dom_1e674e59._.js:6112:21)
    at beginWork (http://localhost:3000/_next/static/chunks/node_modules_next_dist_compiled_react-dom_1e674e59._.js:6687:639)
    at runWithFiberInDEV (http://localhost:3000/_next/static/chunks/node_modules_next_dist_compiled_react-dom_1e674e59._.js:965:74)
    at performUnitOfWork (http://localhost:3000/_next/static/chunks/node_modules_next_dist_compiled_react-dom_1e674e59._.js:9562:97)
    at workLoopConcurrentByScheduler (http://localhost:3000/_next/static/chunks/node_modules_next_dist_compiled_react-dom_1e674e59._.js:9558:58)
    at renderRootConcurrent (http://localhost:3000/_next/static/chunks/node_modules_next_dist_compiled_react-dom_1e674e59._.js:9541:71)
    at performWorkOnRoot (http://localhost:3000/_next/static/chunks/node_modules_next_dist_compiled_react-dom_1e674e59._.js:9068:150)
    at performWorkOnRootViaSchedulerTask (http://localhost:3000/_next/static/chunks/node_modules_next_dist_compiled_react-dom_1e674e59._.js:10230:9)
    at MessagePort.performWorkUntilDeadline (http://localhost:3000/_next/static/chunks/node_modules_next_dist_compiled_a0e4c7b4._.js:2647:64) @ http://localhost:3000/_next/static/chunks/node_modules_next_dist_f3530cac._.js:3127
[27425538ms] [ERROR] IntlError: MISSING_MESSAGE: Could not resolve `Nav.myPerformance` in messages for locale `en`.
    at getFallbackFromErrorAndNotify (http://localhost:3000/_next/static/chunks/node_modules_5faecd26._.js:4921:23)
    at translateBaseFn (http://localhost:3000/_next/static/chunks/node_modules_5faecd26._.js:4951:28)
    at translateFn (http://localhost:3000/_next/static/chunks/node_modules_5faecd26._.js:4979:24)
    at http://localhost:3000/_next/static/chunks/src_5b367b92._.js:1155:63
    at Array.map (<anonymous>)
    at http://localhost:3000/_next/static/chunks/src_5b367b92._.js:1152:64
    at Array.map (<anonymous>)
    at Sidebar (http://localhost:3000/_next/static/chunks/src_5b367b92._.js:1136:166)
    at Object.react_stack_bottom_frame (http://localhost:3000/_next/static/chunks/node_modules_next_dist_compiled_react-dom_1e674e59._.js:14826:24)
    at renderWithHooks (http://localhost:3000/_next/static/chunks/node_modules_next_dist_compiled_react-dom_1e674e59._.js:4651:24)
    at updateFunctionComponent (http://localhost:3000/_next/static/chunks/node_modules_next_dist_compiled_react-dom_1e674e59._.js:6112:21)
    at beginWork (http://localhost:3000/_next/static/chunks/node_modules_next_dist_compiled_react-dom_1e674e59._.js:6708:24)
    at runWithFiberInDEV (http://localhost:3000/_next/static/chunks/node_modules_next_dist_compiled_react-dom_1e674e59._.js:965:74)
    at performUnitOfWork (http://localhost:3000/_next/static/chunks/node_modules_next_dist_compiled_react-dom_1e674e59._.js:9562:97)
    at workLoopConcurrentByScheduler (http://localhost:3000/_next/static/chunks/node_modules_next_dist_compiled_react-dom_1e674e59._.js:9558:58)
    at renderRootConcurrent (http://localhost:3000/_next/static/chunks/node_modules_next_dist_compiled_react-dom_1e674e59._.js:9541:71)
    at performWorkOnRoot (http://localhost:3000/_next/static/chunks/node_modules_next_dist_compiled_react-dom_1e674e59._.js:9068:150)
    at performWorkOnRootViaSchedulerTask (http://localhost:3000/_next/static/chunks/node_modules_next_dist_compiled_react-dom_1e674e59._.js:10230:9)
    at MessagePort.performWorkUntilDeadline (http://localhost:3000/_next/static/chunks/node_modules_next_dist_compiled_a0e4c7b4._.js:2647:64) @ http://localhost:3000/_next/static/chunks/node_modules_next_dist_f3530cac._.js:3127
[27425538ms] [ERROR] IntlError: MISSING_MESSAGE: Could not resolve `Nav.myPerformance` in messages for locale `en`.
    at getFallbackFromErrorAndNotify (http://localhost:3000/_next/static/chunks/node_modules_5faecd26._.js:4921:23)
    at translateBaseFn (http://localhost:3000/_next/static/chunks/node_modules_5faecd26._.js:4951:28)
    at translateFn (http://localhost:3000/_next/static/chunks/node_modules_5faecd26._.js:4979:24)
    at http://localhost:3000/_next/static/chunks/src_5b367b92._.js:1155:63
    at Array.map (<anonymous>)
    at http://localhost:3000/_next/static/chunks/src_5b367b92._.js:1152:64
    at Array.map (<anonymous>)
    at Sidebar (http://localhost:3000/_next/static/chunks/src_5b367b92._.js:1136:166)
    at Object.react_stack_bottom_frame (http://localhost:3000/_next/static/chunks/node_modules_next_dist_compiled_react-dom_1e674e59._.js:14826:24)
    at renderWithHooksAgain (http://localhost:3000/_next/static/chunks/node_modules_next_dist_compiled_react-dom_1e674e59._.js:4706:24)
    at renderWithHooks (http://localhost:3000/_next/static/chunks/node_modules_next_dist_compiled_react-dom_1e674e59._.js:4657:28)
    at updateFunctionComponent (http://localhost:3000/_next/static/chunks/node_modules_next_dist_compiled_react-dom_1e674e59._.js:6112:21)
    at beginWork (http://localhost:3000/_next/static/chunks/node_modules_next_dist_compiled_react-dom_1e674e59._.js:6708:24)
    at runWithFiberInDEV (http://localhost:3000/_next/static/chunks/node_modules_next_dist_compiled_react-dom_1e674e59._.js:965:74)
    at performUnitOfWork (http://localhost:3000/_next/static/chunks/node_modules_next_dist_compiled_react-dom_1e674e59._.js:9562:97)
    at workLoopConcurrentByScheduler (http://localhost:3000/_next/static/chunks/node_modules_next_dist_compiled_react-dom_1e674e59._.js:9558:58)
    at renderRootConcurrent (http://localhost:3000/_next/static/chunks/node_modules_next_dist_compiled_react-dom_1e674e59._.js:9541:71)
    at performWorkOnRoot (http://localhost:3000/_next/static/chunks/node_modules_next_dist_compiled_react-dom_1e674e59._.js:9068:150)
    at performWorkOnRootViaSchedulerTask (http://localhost:3000/_next/static/chunks/node_modules_next_dist_compiled_react-dom_1e674e59._.js:10230:9)
    at MessagePort.performWorkUntilDeadline (http://localhost:3000/_next/static/chunks/node_modules_next_dist_compiled_a0e4c7b4._.js:2647:64) @ http://localhost:3000/_next/static/chunks/node_modules_next_dist_f3530cac._.js:3127
[27425547ms] [ERROR] IntlError: MISSING_MESSAGE: Could not resolve `Nav.myPerformance` in messages for locale `en`.
    at getFallbackFromErrorAndNotify (http://localhost:3000/_next/static/chunks/node_modules_5faecd26._.js:4921:23)
    at translateBaseFn (http://localhost:3000/_next/static/chunks/node_modules_5faecd26._.js:4951:28)
    at translateFn (http://localhost:3000/_next/static/chunks/node_modules_5faecd26._.js:4979:24)
    at CommandPaletteProvider.useMemo[allCommands] (http://localhost:3000/_next/static/chunks/src_5b367b92._.js:3053:32)
    at mountMemo (http://localhost:3000/_next/static/chunks/node_modules_next_dist_compiled_react-dom_1e674e59._.js:5424:25)
    at Object.useMemo (http://localhost:3000/_next/static/chunks/node_modules_next_dist_compiled_react-dom_1e674e59._.js:15003:24)
    at exports.useMemo (http://localhost:3000/_next/static/chunks/node_modules_next_dist_compiled_a0e4c7b4._.js:1742:36)
    at CommandPaletteProvider (http://localhost:3000/_next/static/chunks/src_5b367b92._.js:3033:193)
    at Object.react_stack_bottom_frame (http://localhost:3000/_next/static/chunks/node_modules_next_dist_compiled_react-dom_1e674e59._.js:14826:24)
    at renderWithHooks (http://localhost:3000/_next/static/chunks/node_modules_next_dist_compiled_react-dom_1e674e59._.js:4651:24)
    at updateFunctionComponent (http://localhost:3000/_next/static/chunks/node_modules_next_dist_compiled_react-dom_1e674e59._.js:6112:21)
    at beginWork (http://localhost:3000/_next/static/chunks/node_modules_next_dist_compiled_react-dom_1e674e59._.js:6687:639)
    at runWithFiberInDEV (http://localhost:3000/_next/static/chunks/node_modules_next_dist_compiled_react-dom_1e674e59._.js:965:74)
    at performUnitOfWork (http://localhost:3000/_next/static/chunks/node_modules_next_dist_compiled_react-dom_1e674e59._.js:9562:97)
    at workLoopConcurrentByScheduler (http://localhost:3000/_next/static/chunks/node_modules_next_dist_compiled_react-dom_1e674e59._.js:9558:58)
    at renderRootConcurrent (http://localhost:3000/_next/static/chunks/node_modules_next_dist_compiled_react-dom_1e674e59._.js:9541:71)
    at performWorkOnRoot (http://localhost:3000/_next/static/chunks/node_modules_next_dist_compiled_react-dom_1e674e59._.js:9068:150)
    at performWorkOnRootViaSchedulerTask (http://localhost:3000/_next/static/chunks/node_modules_next_dist_compiled_react-dom_1e674e59._.js:10230:9)
    at MessagePort.performWorkUntilDeadline (http://localhost:3000/_next/static/chunks/node_modules_next_dist_compiled_a0e4c7b4._.js:2647:64) @ http://localhost:3000/_next/static/chunks/node_modules_next_dist_f3530cac._.js:3127
[27425548ms] [ERROR] IntlError: MISSING_MESSAGE: Could not resolve `Nav.myPerformance` in messages for locale `en`.
    at getFallbackFromErrorAndNotify (http://localhost:3000/_next/static/chunks/node_modules_5faecd26._.js:4921:23)
    at translateBaseFn (http://localhost:3000/_next/static/chunks/node_modules_5faecd26._.js:4951:28)
    at translateFn (http://localhost:3000/_next/static/chunks/node_modules_5faecd26._.js:4979:24)
    at CommandPaletteProvider.useMemo[allCommands] (http://localhost:3000/_next/static/chunks/src_5b367b92._.js:3053:32)
    at mountMemo (http://localhost:3000/_next/static/chunks/node_modules_next_dist_compiled_react-dom_1e674e59._.js:5428:17)
    at Object.useMemo (http://localhost:3000/_next/static/chunks/node_modules_next_dist_compiled_react-dom_1e674e59._.js:15003:24)
    at exports.useMemo (http://localhost:3000/_next/static/chunks/node_modules_next_dist_compiled_a0e4c7b4._.js:1742:36)
    at CommandPaletteProvider (http://localhost:3000/_next/static/chunks/src_5b367b92._.js:3033:193)
    at Object.react_stack_bottom_frame (http://localhost:3000/_next/static/chunks/node_modules_next_dist_compiled_react-dom_1e674e59._.js:14826:24)
    at renderWithHooks (http://localhost:3000/_next/static/chunks/node_modules_next_dist_compiled_react-dom_1e674e59._.js:4651:24)
    at updateFunctionComponent (http://localhost:3000/_next/static/chunks/node_modules_next_dist_compiled_react-dom_1e674e59._.js:6112:21)
    at beginWork (http://localhost:3000/_next/static/chunks/node_modules_next_dist_compiled_react-dom_1e674e59._.js:6687:639)
    at runWithFiberInDEV (http://localhost:3000/_next/static/chunks/node_modules_next_dist_compiled_react-dom_1e674e59._.js:965:74)
    at performUnitOfWork (http://localhost:3000/_next/static/chunks/node_modules_next_dist_compiled_react-dom_1e674e59._.js:9562:97)
    at workLoopConcurrentByScheduler (http://localhost:3000/_next/static/chunks/node_modules_next_dist_compiled_react-dom_1e674e59._.js:9558:58)
    at renderRootConcurrent (http://localhost:3000/_next/static/chunks/node_modules_next_dist_compiled_react-dom_1e674e59._.js:9541:71)
    at performWorkOnRoot (http://localhost:3000/_next/static/chunks/node_modules_next_dist_compiled_react-dom_1e674e59._.js:9068:150)
    at performWorkOnRootViaSchedulerTask (http://localhost:3000/_next/static/chunks/node_modules_next_dist_compiled_react-dom_1e674e59._.js:10230:9)
    at MessagePort.performWorkUntilDeadline (http://localhost:3000/_next/static/chunks/node_modules_next_dist_compiled_a0e4c7b4._.js:2647:64) @ http://localhost:3000/_next/static/chunks/node_modules_next_dist_f3530cac._.js:3127
[27425550ms] [ERROR] IntlError: MISSING_MESSAGE: Could not resolve `Nav.myPerformance` in messages for locale `en`.
    at getFallbackFromErrorAndNotify (http://localhost:3000/_next/static/chunks/node_modules_5faecd26._.js:4921:23)
    at translateBaseFn (http://localhost:3000/_next/static/chunks/node_modules_5faecd26._.js:4951:28)
    at translateFn (http://localhost:3000/_next/static/chunks/node_modules_5faecd26._.js:4979:24)
    at http://localhost:3000/_next/static/chunks/src_5b367b92._.js:1155:63
    at Array.map (<anonymous>)
    at http://localhost:3000/_next/static/chunks/src_5b367b92._.js:1152:64
    at Array.map (<anonymous>)
    at Sidebar (http://localhost:3000/_next/static/chunks/src_5b367b92._.js:1136:166)
    at Object.react_stack_bottom_frame (http://localhost:3000/_next/static/chunks/node_modules_next_dist_compiled_react-dom_1e674e59._.js:14826:24)
    at renderWithHooks (http://localhost:3000/_next/static/chunks/node_modules_next_dist_compiled_react-dom_1e674e59._.js:4651:24)
    at updateFunctionComponent (http://localhost:3000/_next/static/chunks/node_modules_next_dist_compiled_react-dom_1e674e59._.js:6112:21)
    at beginWork (http://localhost:3000/_next/static/chunks/node_modules_next_dist_compiled_react-dom_1e674e59._.js:6708:24)
    at runWithFiberInDEV (http://localhost:3000/_next/static/chunks/node_modules_next_dist_compiled_react-dom_1e674e59._.js:965:74)
    at performUnitOfWork (http://localhost:3000/_next/static/chunks/node_modules_next_dist_compiled_react-dom_1e674e59._.js:9562:97)
    at workLoopConcurrentByScheduler (http://localhost:3000/_next/static/chunks/node_modules_next_dist_compiled_react-dom_1e674e59._.js:9558:58)
    at renderRootConcurrent (http://localhost:3000/_next/static/chunks/node_modules_next_dist_compiled_react-dom_1e674e59._.js:9541:71)
    at performWorkOnRoot (http://localhost:3000/_next/static/chunks/node_modules_next_dist_compiled_react-dom_1e674e59._.js:9068:150)
    at performWorkOnRootViaSchedulerTask (http://localhost:3000/_next/static/chunks/node_modules_next_dist_compiled_react-dom_1e674e59._.js:10230:9)
    at MessagePort.performWorkUntilDeadline (http://localhost:3000/_next/static/chunks/node_modules_next_dist_compiled_a0e4c7b4._.js:2647:64) @ http://localhost:3000/_next/static/chunks/node_modules_next_dist_f3530cac._.js:3127
[27425550ms] [ERROR] IntlError: MISSING_MESSAGE: Could not resolve `Nav.myPerformance` in messages for locale `en`.
    at getFallbackFromErrorAndNotify (http://localhost:3000/_next/static/chunks/node_modules_5faecd26._.js:4921:23)
    at translateBaseFn (http://localhost:3000/_next/static/chunks/node_modules_5faecd26._.js:4951:28)
    at translateFn (http://localhost:3000/_next/static/chunks/node_modules_5faecd26._.js:4979:24)
    at http://localhost:3000/_next/static/chunks/src_5b367b92._.js:1155:63
    at Array.map (<anonymous>)
    at http://localhost:3000/_next/static/chunks/src_5b367b92._.js:1152:64
    at Array.map (<anonymous>)
    at Sidebar (http://localhost:3000/_next/static/chunks/src_5b367b92._.js:1136:166)
    at Object.react_stack_bottom_frame (http://localhost:3000/_next/static/chunks/node_modules_next_dist_compiled_react-dom_1e674e59._.js:14826:24)
    at renderWithHooksAgain (http://localhost:3000/_next/static/chunks/node_modules_next_dist_compiled_react-dom_1e674e59._.js:4706:24)
    at renderWithHooks (http://localhost:3000/_next/static/chunks/node_modules_next_dist_compiled_react-dom_1e674e59._.js:4657:28)
    at updateFunctionComponent (http://localhost:3000/_next/static/chunks/node_modules_next_dist_compiled_react-dom_1e674e59._.js:6112:21)
    at beginWork (http://localhost:3000/_next/static/chunks/node_modules_next_dist_compiled_react-dom_1e674e59._.js:6708:24)
    at runWithFiberInDEV (http://localhost:3000/_next/static/chunks/node_modules_next_dist_compiled_react-dom_1e674e59._.js:965:74)
    at performUnitOfWork (http://localhost:3000/_next/static/chunks/node_modules_next_dist_compiled_react-dom_1e674e59._.js:9562:97)
    at workLoopConcurrentByScheduler (http://localhost:3000/_next/static/chunks/node_modules_next_dist_compiled_react-dom_1e674e59._.js:9558:58)
    at renderRootConcurrent (http://localhost:3000/_next/static/chunks/node_modules_next_dist_compiled_react-dom_1e674e59._.js:9541:71)
    at performWorkOnRoot (http://localhost:3000/_next/static/chunks/node_modules_next_dist_compiled_react-dom_1e674e59._.js:9068:150)
    at performWorkOnRootViaSchedulerTask (http://localhost:3000/_next/static/chunks/node_modules_next_dist_compiled_react-dom_1e674e59._.js:10230:9)
    at MessagePort.performWorkUntilDeadline (http://localhost:3000/_next/static/chunks/node_modules_next_dist_compiled_a0e4c7b4._.js:2647:64) @ http://localhost:3000/_next/static/chunks/node_modules_next_dist_f3530cac._.js:3127
[27425557ms] [ERROR] IntlError: MISSING_MESSAGE: Could not resolve `Nav.myPerformance` in messages for locale `en`.
    at getFallbackFromErrorAndNotify (http://localhost:3000/_next/static/chunks/node_modules_5faecd26._.js:4921:23)
    at translateBaseFn (http://localhost:3000/_next/static/chunks/node_modules_5faecd26._.js:4951:28)
    at translateFn (http://localhost:3000/_next/static/chunks/node_modules_5faecd26._.js:4979:24)
    at CommandPaletteProvider.useMemo[allCommands] (http://localhost:3000/_next/static/chunks/src_5b367b92._.js:3053:32)
    at mountMemo (http://localhost:3000/_next/static/chunks/node_modules_next_dist_compiled_react-dom_1e674e59._.js:5424:25)
    at Object.useMemo (http://localhost:3000/_next/static/chunks/node_modules_next_dist_compiled_react-dom_1e674e59._.js:15003:24)
    at exports.useMemo (http://localhost:3000/_next/static/chunks/node_modules_next_dist_compiled_a0e4c7b4._.js:1742:36)
    at CommandPaletteProvider (http://localhost:3000/_next/static/chunks/src_5b367b92._.js:3033:193)
    at Object.react_stack_bottom_frame (http://localhost:3000/_next/static/chunks/node_modules_next_dist_compiled_react-dom_1e674e59._.js:14826:24)
    at renderWithHooks (http://localhost:3000/_next/static/chunks/node_modules_next_dist_compiled_react-dom_1e674e59._.js:4651:24)
    at updateFunctionComponent (http://localhost:3000/_next/static/chunks/node_modules_next_dist_compiled_react-dom_1e674e59._.js:6112:21)
    at beginWork (http://localhost:3000/_next/static/chunks/node_modules_next_dist_compiled_react-dom_1e674e59._.js:6687:639)
    at runWithFiberInDEV (http://localhost:3000/_next/static/chunks/node_modules_next_dist_compiled_react-dom_1e674e59._.js:965:74)
    at performUnitOfWork (http://localhost:3000/_next/static/chunks/node_modules_next_dist_compiled_react-dom_1e674e59._.js:9562:97)
    at workLoopConcurrentByScheduler (http://localhost:3000/_next/static/chunks/node_modules_next_dist_compiled_react-dom_1e674e59._.js:9558:58)
    at renderRootConcurrent (http://localhost:3000/_next/static/chunks/node_modules_next_dist_compiled_react-dom_1e674e59._.js:9541:71)
    at performWorkOnRoot (http://localhost:3000/_next/static/chunks/node_modules_next_dist_compiled_react-dom_1e674e59._.js:9068:150)
    at performWorkOnRootViaSchedulerTask (http://localhost:3000/_next/static/chunks/node_modules_next_dist_compiled_react-dom_1e674e59._.js:10230:9)
    at MessagePort.performWorkUntilDeadline (http://localhost:3000/_next/static/chunks/node_modules_next_dist_compiled_a0e4c7b4._.js:2647:64) @ http://localhost:3000/_next/static/chunks/node_modules_next_dist_f3530cac._.js:3127
[27425558ms] [ERROR] IntlError: MISSING_MESSAGE: Could not resolve `Nav.myPerformance` in messages for locale `en`.
    at getFallbackFromErrorAndNotify (http://localhost:3000/_next/static/chunks/node_modules_5faecd26._.js:4921:23)
    at translateBaseFn (http://localhost:3000/_next/static/chunks/node_modules_5faecd26._.js:4951:28)
    at translateFn (http://localhost:3000/_next/static/chunks/node_modules_5faecd26._.js:4979:24)
    at CommandPaletteProvider.useMemo[allCommands] (http://localhost:3000/_next/static/chunks/src_5b367b92._.js:3053:32)
    at mountMemo (http://localhost:3000/_next/static/chunks/node_modules_next_dist_compiled_react-dom_1e674e59._.js:5428:17)
    at Object.useMemo (http://localhost:3000/_next/static/chunks/node_modules_next_dist_compiled_react-dom_1e674e59._.js:15003:24)
    at exports.useMemo (http://localhost:3000/_next/static/chunks/node_modules_next_dist_compiled_a0e4c7b4._.js:1742:36)
    at CommandPaletteProvider (http://localhost:3000/_next/static/chunks/src_5b367b92._.js:3033:193)
    at Object.react_stack_bottom_frame (http://localhost:3000/_next/static/chunks/node_modules_next_dist_compiled_react-dom_1e674e59._.js:14826:24)
    at renderWithHooks (http://localhost:3000/_next/static/chunks/node_modules_next_dist_compiled_react-dom_1e674e59._.js:4651:24)
    at updateFunctionComponent (http://localhost:3000/_next/static/chunks/node_modules_next_dist_compiled_react-dom_1e674e59._.js:6112:21)
    at beginWork (http://localhost:3000/_next/static/chunks/node_modules_next_dist_compiled_react-dom_1e674e59._.js:6687:639)
    at runWithFiberInDEV (http://localhost:3000/_next/static/chunks/node_modules_next_dist_compiled_react-dom_1e674e59._.js:965:74)
    at performUnitOfWork (http://localhost:3000/_next/static/chunks/node_modules_next_dist_compiled_react-dom_1e674e59._.js:9562:97)
    at workLoopConcurrentByScheduler (http://localhost:3000/_next/static/chunks/node_modules_next_dist_compiled_react-dom_1e674e59._.js:9558:58)
    at renderRootConcurrent (http://localhost:3000/_next/static/chunks/node_modules_next_dist_compiled_react-dom_1e674e59._.js:9541:71)
    at performWorkOnRoot (http://localhost:3000/_next/static/chunks/node_modules_next_dist_compiled_react-dom_1e674e59._.js:9068:150)
    at performWorkOnRootViaSchedulerTask (http://localhost:3000/_next/static/chunks/node_modules_next_dist_compiled_react-dom_1e674e59._.js:10230:9)
    at MessagePort.performWorkUntilDeadline (http://localhost:3000/_next/static/chunks/node_modules_next_dist_compiled_a0e4c7b4._.js:2647:64) @ http://localhost:3000/_next/static/chunks/node_modules_next_dist_f3530cac._.js:3127
[27425559ms] [ERROR] IntlError: MISSING_MESSAGE: Could not resolve `Nav.myPerformance` in messages for locale `en`.
    at getFallbackFromErrorAndNotify (http://localhost:3000/_next/static/chunks/node_modules_5faecd26._.js:4921:23)
    at translateBaseFn (http://localhost:3000/_next/static/chunks/node_modules_5faecd26._.js:4951:28)
    at translateFn (http://localhost:3000/_next/static/chunks/node_modules_5faecd26._.js:4979:24)
    at http://localhost:3000/_next/static/chunks/src_5b367b92._.js:1155:63
    at Array.map (<anonymous>)
    at http://localhost:3000/_next/static/chunks/src_5b367b92._.js:1152:64
    at Array.map (<anonymous>)
    at Sidebar (http://localhost:3000/_next/static/chunks/src_5b367b92._.js:1136:166)
    at Object.react_stack_bottom_frame (http://localhost:3000/_next/static/chunks/node_modules_next_dist_compiled_react-dom_1e674e59._.js:14826:24)
    at renderWithHooks (http://localhost:3000/_next/static/chunks/node_modules_next_dist_compiled_react-dom_1e674e59._.js:4651:24)
    at updateFunctionComponent (http://localhost:3000/_next/static/chunks/node_modules_next_dist_compiled_react-dom_1e674e59._.js:6112:21)
    at beginWork (http://localhost:3000/_next/static/chunks/node_modules_next_dist_compiled_react-dom_1e674e59._.js:6708:24)
    at runWithFiberInDEV (http://localhost:3000/_next/static/chunks/node_modules_next_dist_compiled_react-dom_1e674e59._.js:965:74)
    at performUnitOfWork (http://localhost:3000/_next/static/chunks/node_modules_next_dist_compiled_react-dom_1e674e59._.js:9562:97)
    at workLoopConcurrentByScheduler (http://localhost:3000/_next/static/chunks/node_modules_next_dist_compiled_react-dom_1e674e59._.js:9558:58)
    at renderRootConcurrent (http://localhost:3000/_next/static/chunks/node_modules_next_dist_compiled_react-dom_1e674e59._.js:9541:71)
    at performWorkOnRoot (http://localhost:3000/_next/static/chunks/node_modules_next_dist_compiled_react-dom_1e674e59._.js:9068:150)
    at performWorkOnRootViaSchedulerTask (http://localhost:3000/_next/static/chunks/node_modules_next_dist_compiled_react-dom_1e674e59._.js:10230:9)
    at MessagePort.performWorkUntilDeadline (http://localhost:3000/_next/static/chunks/node_modules_next_dist_compiled_a0e4c7b4._.js:2647:64) @ http://localhost:3000/_next/static/chunks/node_modules_next_dist_f3530cac._.js:3127
[27425560ms] [ERROR] IntlError: MISSING_MESSAGE: Could not resolve `Nav.myPerformance` in messages for locale `en`.
    at getFallbackFromErrorAndNotify (http://localhost:3000/_next/static/chunks/node_modules_5faecd26._.js:4921:23)
    at translateBaseFn (http://localhost:3000/_next/static/chunks/node_modules_5faecd26._.js:4951:28)
    at translateFn (http://localhost:3000/_next/static/chunks/node_modules_5faecd26._.js:4979:24)
    at http://localhost:3000/_next/static/chunks/src_5b367b92._.js:1155:63
    at Array.map (<anonymous>)
    at http://localhost:3000/_next/static/chunks/src_5b367b92._.js:1152:64
    at Array.map (<anonymous>)
    at Sidebar (http://localhost:3000/_next/static/chunks/src_5b367b92._.js:1136:166)
    at Object.react_stack_bottom_frame (http://localhost:3000/_next/static/chunks/node_modules_next_dist_compiled_react-dom_1e674e59._.js:14826:24)
    at renderWithHooksAgain (http://localhost:3000/_next/static/chunks/node_modules_next_dist_compiled_react-dom_1e674e59._.js:4706:24)
    at renderWithHooks (http://localhost:3000/_next/static/chunks/node_modules_next_dist_compiled_react-dom_1e674e59._.js:4657:28)
    at updateFunctionComponent (http://localhost:3000/_next/static/chunks/node_modules_next_dist_compiled_react-dom_1e674e59._.js:6112:21)
    at beginWork (http://localhost:3000/_next/static/chunks/node_modules_next_dist_compiled_react-dom_1e674e59._.js:6708:24)
    at runWithFiberInDEV (http://localhost:3000/_next/static/chunks/node_modules_next_dist_compiled_react-dom_1e674e59._.js:965:74)
    at performUnitOfWork (http://localhost:3000/_next/static/chunks/node_modules_next_dist_compiled_react-dom_1e674e59._.js:9562:97)
    at workLoopConcurrentByScheduler (http://localhost:3000/_next/static/chunks/node_modules_next_dist_compiled_react-dom_1e674e59._.js:9558:58)
    at renderRootConcurrent (http://localhost:3000/_next/static/chunks/node_modules_next_dist_compiled_react-dom_1e674e59._.js:9541:71)
    at performWorkOnRoot (http://localhost:3000/_next/static/chunks/node_modules_next_dist_compiled_react-dom_1e674e59._.js:9068:150)
    at performWorkOnRootViaSchedulerTask (http://localhost:3000/_next/static/chunks/node_modules_next_dist_compiled_react-dom_1e674e59._.js:10230:9)
    at MessagePort.performWorkUntilDeadline (http://localhost:3000/_next/static/chunks/node_modules_next_dist_compiled_a0e4c7b4._.js:2647:64) @ http://localhost:3000/_next/static/chunks/node_modules_next_dist_f3530cac._.js:3127
[27425566ms] [ERROR] IntlError: MISSING_MESSAGE: Could not resolve `Nav.myPerformance` in messages for locale `en`.
    at getFallbackFromErrorAndNotify (http://localhost:3000/_next/static/chunks/node_modules_5faecd26._.js:4921:23)
    at translateBaseFn (http://localhost:3000/_next/static/chunks/node_modules_5faecd26._.js:4951:28)
    at translateFn (http://localhost:3000/_next/static/chunks/node_modules_5faecd26._.js:4979:24)
    at CommandPaletteProvider.useMemo[allCommands] (http://localhost:3000/_next/static/chunks/src_5b367b92._.js:3053:32)
    at mountMemo (http://localhost:3000/_next/static/chunks/node_modules_next_dist_compiled_react-dom_1e674e59._.js:5424:25)
    at Object.useMemo (http://localhost:3000/_next/static/chunks/node_modules_next_dist_compiled_react-dom_1e674e59._.js:15003:24)
    at exports.useMemo (http://localhost:3000/_next/static/chunks/node_modules_next_dist_compiled_a0e4c7b4._.js:1742:36)
    at CommandPaletteProvider (http://localhost:3000/_next/static/chunks/src_5b367b92._.js:3033:193)
    at Object.react_stack_bottom_frame (http://localhost:3000/_next/static/chunks/node_modules_next_dist_compiled_react-dom_1e674e59._.js:14826:24)
    at renderWithHooks (http://localhost:3000/_next/static/chunks/node_modules_next_dist_compiled_react-dom_1e674e59._.js:4651:24)
    at updateFunctionComponent (http://localhost:3000/_next/static/chunks/node_modules_next_dist_compiled_react-dom_1e674e59._.js:6112:21)
    at beginWork (http://localhost:3000/_next/static/chunks/node_modules_next_dist_compiled_react-dom_1e674e59._.js:6687:639)
    at runWithFiberInDEV (http://localhost:3000/_next/static/chunks/node_modules_next_dist_compiled_react-dom_1e674e59._.js:965:74)
    at performUnitOfWork (http://localhost:3000/_next/static/chunks/node_modules_next_dist_compiled_react-dom_1e674e59._.js:9562:97)
    at workLoopConcurrentByScheduler (http://localhost:3000/_next/static/chunks/node_modules_next_dist_compiled_react-dom_1e674e59._.js:9558:58)
    at renderRootConcurrent (http://localhost:3000/_next/static/chunks/node_modules_next_dist_compiled_react-dom_1e674e59._.js:9541:71)
    at performWorkOnRoot (http://localhost:3000/_next/static/chunks/node_modules_next_dist_compiled_react-dom_1e674e59._.js:9068:150)
    at performWorkOnRootViaSchedulerTask (http://localhost:3000/_next/static/chunks/node_modules_next_dist_compiled_react-dom_1e674e59._.js:10230:9)
    at MessagePort.performWorkUntilDeadline (http://localhost:3000/_next/static/chunks/node_modules_next_dist_compiled_a0e4c7b4._.js:2647:64) @ http://localhost:3000/_next/static/chunks/node_modules_next_dist_f3530cac._.js:3127
[27425566ms] [ERROR] IntlError: MISSING_MESSAGE: Could not resolve `Nav.myPerformance` in messages for locale `en`.
    at getFallbackFromErrorAndNotify (http://localhost:3000/_next/static/chunks/node_modules_5faecd26._.js:4921:23)
    at translateBaseFn (http://localhost:3000/_next/static/chunks/node_modules_5faecd26._.js:4951:28)
    at translateFn (http://localhost:3000/_next/static/chunks/node_modules_5faecd26._.js:4979:24)
    at CommandPaletteProvider.useMemo[allCommands] (http://localhost:3000/_next/static/chunks/src_5b367b92._.js:3053:32)
    at mountMemo (http://localhost:3000/_next/static/chunks/node_modules_next_dist_compiled_react-dom_1e674e59._.js:5428:17)
    at Object.useMemo (http://localhost:3000/_next/static/chunks/node_modules_next_dist_compiled_react-dom_1e674e59._.js:15003:24)
    at exports.useMemo (http://localhost:3000/_next/static/chunks/node_modules_next_dist_compiled_a0e4c7b4._.js:1742:36)
    at CommandPaletteProvider (http://localhost:3000/_next/static/chunks/src_5b367b92._.js:3033:193)
    at Object.react_stack_bottom_frame (http://localhost:3000/_next/static/chunks/node_modules_next_dist_compiled_react-dom_1e674e59._.js:14826:24)
    at renderWithHooks (http://localhost:3000/_next/static/chunks/node_modules_next_dist_compiled_react-dom_1e674e59._.js:4651:24)
    at updateFunctionComponent (http://localhost:3000/_next/static/chunks/node_modules_next_dist_compiled_react-dom_1e674e59._.js:6112:21)
    at beginWork (http://localhost:3000/_next/static/chunks/node_modules_next_dist_compiled_react-dom_1e674e59._.js:6687:639)
    at runWithFiberInDEV (http://localhost:3000/_next/static/chunks/node_modules_next_dist_compiled_react-dom_1e674e59._.js:965:74)
    at performUnitOfWork (http://localhost:3000/_next/static/chunks/node_modules_next_dist_compiled_react-dom_1e674e59._.js:9562:97)
    at workLoopConcurrentByScheduler (http://localhost:3000/_next/static/chunks/node_modules_next_dist_compiled_react-dom_1e674e59._.js:9558:58)
    at renderRootConcurrent (http://localhost:3000/_next/static/chunks/node_modules_next_dist_compiled_react-dom_1e674e59._.js:9541:71)
    at performWorkOnRoot (http://localhost:3000/_next/static/chunks/node_modules_next_dist_compiled_react-dom_1e674e59._.js:9068:150)
    at performWorkOnRootViaSchedulerTask (http://localhost:3000/_next/static/chunks/node_modules_next_dist_compiled_react-dom_1e674e59._.js:10230:9)
    at MessagePort.performWorkUntilDeadline (http://localhost:3000/_next/static/chunks/node_modules_next_dist_compiled_a0e4c7b4._.js:2647:64) @ http://localhost:3000/_next/static/chunks/node_modules_next_dist_f3530cac._.js:3127
[27425567ms] [ERROR] IntlError: MISSING_MESSAGE: Could not resolve `Nav.myPerformance` in messages for locale `en`.
    at getFallbackFromErrorAndNotify (http://localhost:3000/_next/static/chunks/node_modules_5faecd26._.js:4921:23)
    at translateBaseFn (http://localhost:3000/_next/static/chunks/node_modules_5faecd26._.js:4951:28)
    at translateFn (http://localhost:3000/_next/static/chunks/node_modules_5faecd26._.js:4979:24)
    at http://localhost:3000/_next/static/chunks/src_5b367b92._.js:1155:63
    at Array.map (<anonymous>)
    at http://localhost:3000/_next/static/chunks/src_5b367b92._.js:1152:64
    at Array.map (<anonymous>)
    at Sidebar (http://localhost:3000/_next/static/chunks/src_5b367b92._.js:1136:166)
    at Object.react_stack_bottom_frame (http://localhost:3000/_next/static/chunks/node_modules_next_dist_compiled_react-dom_1e674e59._.js:14826:24)
    at renderWithHooks (http://localhost:3000/_next/static/chunks/node_modules_next_dist_compiled_react-dom_1e674e59._.js:4651:24)
    at updateFunctionComponent (http://localhost:3000/_next/static/chunks/node_modules_next_dist_compiled_react-dom_1e674e59._.js:6112:21)
    at beginWork (http://localhost:3000/_next/static/chunks/node_modules_next_dist_compiled_react-dom_1e674e59._.js:6708:24)
    at runWithFiberInDEV (http://localhost:3000/_next/static/chunks/node_modules_next_dist_compiled_react-dom_1e674e59._.js:965:74)
    at performUnitOfWork (http://localhost:3000/_next/static/chunks/node_modules_next_dist_compiled_react-dom_1e674e59._.js:9562:97)
    at workLoopConcurrentByScheduler (http://localhost:3000/_next/static/chunks/node_modules_next_dist_compiled_react-dom_1e674e59._.js:9558:58)
    at renderRootConcurrent (http://localhost:3000/_next/static/chunks/node_modules_next_dist_compiled_react-dom_1e674e59._.js:9541:71)
    at performWorkOnRoot (http://localhost:3000/_next/static/chunks/node_modules_next_dist_compiled_react-dom_1e674e59._.js:9068:150)
    at performWorkOnRootViaSchedulerTask (http://localhost:3000/_next/static/chunks/node_modules_next_dist_compiled_react-dom_1e674e59._.js:10230:9)
    at MessagePort.performWorkUntilDeadline (http://localhost:3000/_next/static/chunks/node_modules_next_dist_compiled_a0e4c7b4._.js:2647:64) @ http://localhost:3000/_next/static/chunks/node_modules_next_dist_f3530cac._.js:3127
[27425568ms] [ERROR] IntlError: MISSING_MESSAGE: Could not resolve `Nav.myPerformance` in messages for locale `en`.
    at getFallbackFromErrorAndNotify (http://localhost:3000/_next/static/chunks/node_modules_5faecd26._.js:4921:23)
    at translateBaseFn (http://localhost:3000/_next/static/chunks/node_modules_5faecd26._.js:4951:28)
    at translateFn (http://localhost:3000/_next/static/chunks/node_modules_5faecd26._.js:4979:24)
    at http://localhost:3000/_next/static/chunks/src_5b367b92._.js:1155:63
    at Array.map (<anonymous>)
    at http://localhost:3000/_next/static/chunks/src_5b367b92._.js:1152:64
    at Array.map (<anonymous>)
    at Sidebar (http://localhost:3000/_next/static/chunks/src_5b367b92._.js:1136:166)
    at Object.react_stack_bottom_frame (http://localhost:3000/_next/static/chunks/node_modules_next_dist_compiled_react-dom_1e674e59._.js:14826:24)
    at renderWithHooksAgain (http://localhost:3000/_next/static/chunks/node_modules_next_dist_compiled_react-dom_1e674e59._.js:4706:24)
    at renderWithHooks (http://localhost:3000/_next/static/chunks/node_modules_next_dist_compiled_react-dom_1e674e59._.js:4657:28)
    at updateFunctionComponent (http://localhost:3000/_next/static/chunks/node_modules_next_dist_compiled_react-dom_1e674e59._.js:6112:21)
    at beginWork (http://localhost:3000/_next/static/chunks/node_modules_next_dist_compiled_react-dom_1e674e59._.js:6708:24)
    at runWithFiberInDEV (http://localhost:3000/_next/static/chunks/node_modules_next_dist_compiled_react-dom_1e674e59._.js:965:74)
    at performUnitOfWork (http://localhost:3000/_next/static/chunks/node_modules_next_dist_compiled_react-dom_1e674e59._.js:9562:97)
    at workLoopConcurrentByScheduler (http://localhost:3000/_next/static/chunks/node_modules_next_dist_compiled_react-dom_1e674e59._.js:9558:58)
    at renderRootConcurrent (http://localhost:3000/_next/static/chunks/node_modules_next_dist_compiled_react-dom_1e674e59._.js:9541:71)
    at performWorkOnRoot (http://localhost:3000/_next/static/chunks/node_modules_next_dist_compiled_react-dom_1e674e59._.js:9068:150)
    at performWorkOnRootViaSchedulerTask (http://localhost:3000/_next/static/chunks/node_modules_next_dist_compiled_react-dom_1e674e59._.js:10230:9)
    at MessagePort.performWorkUntilDeadline (http://localhost:3000/_next/static/chunks/node_modules_next_dist_compiled_a0e4c7b4._.js:2647:64) @ http://localhost:3000/_next/static/chunks/node_modules_next_dist_f3530cac._.js:3127
[27425576ms] [ERROR] IntlError: MISSING_MESSAGE: Could not resolve `Nav.myPerformance` in messages for locale `en`.
    at getFallbackFromErrorAndNotify (http://localhost:3000/_next/static/chunks/node_modules_5faecd26._.js:4921:23)
    at translateBaseFn (http://localhost:3000/_next/static/chunks/node_modules_5faecd26._.js:4951:28)
    at translateFn (http://localhost:3000/_next/static/chunks/node_modules_5faecd26._.js:4979:24)
    at CommandPaletteProvider.useMemo[allCommands] (http://localhost:3000/_next/static/chunks/src_5b367b92._.js:3053:32)
    at mountMemo (http://localhost:3000/_next/static/chunks/node_modules_next_dist_compiled_react-dom_1e674e59._.js:5424:25)
    at Object.useMemo (http://localhost:3000/_next/static/chunks/node_modules_next_dist_compiled_react-dom_1e674e59._.js:15003:24)
    at exports.useMemo (http://localhost:3000/_next/static/chunks/node_modules_next_dist_compiled_a0e4c7b4._.js:1742:36)
    at CommandPaletteProvider (http://localhost:3000/_next/static/chunks/src_5b367b92._.js:3033:193)
    at Object.react_stack_bottom_frame (http://localhost:3000/_next/static/chunks/node_modules_next_dist_compiled_react-dom_1e674e59._.js:14826:24)
    at renderWithHooks (http://localhost:3000/_next/static/chunks/node_modules_next_dist_compiled_react-dom_1e674e59._.js:4651:24)
    at updateFunctionComponent (http://localhost:3000/_next/static/chunks/node_modules_next_dist_compiled_react-dom_1e674e59._.js:6112:21)
    at beginWork (http://localhost:3000/_next/static/chunks/node_modules_next_dist_compiled_react-dom_1e674e59._.js:6687:639)
    at runWithFiberInDEV (http://localhost:3000/_next/static/chunks/node_modules_next_dist_compiled_react-dom_1e674e59._.js:965:74)
    at performUnitOfWork (http://localhost:3000/_next/static/chunks/node_modules_next_dist_compiled_react-dom_1e674e59._.js:9562:97)
    at workLoopConcurrentByScheduler (http://localhost:3000/_next/static/chunks/node_modules_next_dist_compiled_react-dom_1e674e59._.js:9558:58)
    at renderRootConcurrent (http://localhost:3000/_next/static/chunks/node_modules_next_dist_compiled_react-dom_1e674e59._.js:9541:71)
    at performWorkOnRoot (http://localhost:3000/_next/static/chunks/node_modules_next_dist_compiled_react-dom_1e674e59._.js:9068:150)
    at performWorkOnRootViaSchedulerTask (http://localhost:3000/_next/static/chunks/node_modules_next_dist_compiled_react-dom_1e674e59._.js:10230:9)
    at MessagePort.performWorkUntilDeadline (http://localhost:3000/_next/static/chunks/node_modules_next_dist_compiled_a0e4c7b4._.js:2647:64) @ http://localhost:3000/_next/static/chunks/node_modules_next_dist_f3530cac._.js:3127
[27425577ms] [ERROR] IntlError: MISSING_MESSAGE: Could not resolve `Nav.myPerformance` in messages for locale `en`.
    at getFallbackFromErrorAndNotify (http://localhost:3000/_next/static/chunks/node_modules_5faecd26._.js:4921:23)
    at translateBaseFn (http://localhost:3000/_next/static/chunks/node_modules_5faecd26._.js:4951:28)
    at translateFn (http://localhost:3000/_next/static/chunks/node_modules_5faecd26._.js:4979:24)
    at CommandPaletteProvider.useMemo[allCommands] (http://localhost:3000/_next/static/chunks/src_5b367b92._.js:3053:32)
    at mountMemo (http://localhost:3000/_next/static/chunks/node_modules_next_dist_compiled_react-dom_1e674e59._.js:5428:17)
    at Object.useMemo (http://localhost:3000/_next/static/chunks/node_modules_next_dist_compiled_react-dom_1e674e59._.js:15003:24)
    at exports.useMemo (http://localhost:3000/_next/static/chunks/node_modules_next_dist_compiled_a0e4c7b4._.js:1742:36)
    at CommandPaletteProvider (http://localhost:3000/_next/static/chunks/src_5b367b92._.js:3033:193)
    at Object.react_stack_bottom_frame (http://localhost:3000/_next/static/chunks/node_modules_next_dist_compiled_react-dom_1e674e59._.js:14826:24)
    at renderWithHooks (http://localhost:3000/_next/static/chunks/node_modules_next_dist_compiled_react-dom_1e674e59._.js:4651:24)
    at updateFunctionComponent (http://localhost:3000/_next/static/chunks/node_modules_next_dist_compiled_react-dom_1e674e59._.js:6112:21)
    at beginWork (http://localhost:3000/_next/static/chunks/node_modules_next_dist_compiled_react-dom_1e674e59._.js:6687:639)
    at runWithFiberInDEV (http://localhost:3000/_next/static/chunks/node_modules_next_dist_compiled_react-dom_1e674e59._.js:965:74)
    at performUnitOfWork (http://localhost:3000/_next/static/chunks/node_modules_next_dist_compiled_react-dom_1e674e59._.js:9562:97)
    at workLoopConcurrentByScheduler (http://localhost:3000/_next/static/chunks/node_modules_next_dist_compiled_react-dom_1e674e59._.js:9558:58)
    at renderRootConcurrent (http://localhost:3000/_next/static/chunks/node_modules_next_dist_compiled_react-dom_1e674e59._.js:9541:71)
    at performWorkOnRoot (http://localhost:3000/_next/static/chunks/node_modules_next_dist_compiled_react-dom_1e674e59._.js:9068:150)
    at performWorkOnRootViaSchedulerTask (http://localhost:3000/_next/static/chunks/node_modules_next_dist_compiled_react-dom_1e674e59._.js:10230:9)
    at MessagePort.performWorkUntilDeadline (http://localhost:3000/_next/static/chunks/node_modules_next_dist_compiled_a0e4c7b4._.js:2647:64) @ http://localhost:3000/_next/static/chunks/node_modules_next_dist_f3530cac._.js:3127
[27425580ms] [ERROR] IntlError: MISSING_MESSAGE: Could not resolve `Nav.myPerformance` in messages for locale `en`.
    at getFallbackFromErrorAndNotify (http://localhost:3000/_next/static/chunks/node_modules_5faecd26._.js:4921:23)
    at translateBaseFn (http://localhost:3000/_next/static/chunks/node_modules_5faecd26._.js:4951:28)
    at translateFn (http://localhost:3000/_next/static/chunks/node_modules_5faecd26._.js:4979:24)
    at http://localhost:3000/_next/static/chunks/src_5b367b92._.js:1155:63
    at Array.map (<anonymous>)
    at http://localhost:3000/_next/static/chunks/src_5b367b92._.js:1152:64
    at Array.map (<anonymous>)
    at Sidebar (http://localhost:3000/_next/static/chunks/src_5b367b92._.js:1136:166)
    at Object.react_stack_bottom_frame (http://localhost:3000/_next/static/chunks/node_modules_next_dist_compiled_react-dom_1e674e59._.js:14826:24)
    at renderWithHooks (http://localhost:3000/_next/static/chunks/node_modules_next_dist_compiled_react-dom_1e674e59._.js:4651:24)
    at updateFunctionComponent (http://localhost:3000/_next/static/chunks/node_modules_next_dist_compiled_react-dom_1e674e59._.js:6112:21)
    at beginWork (http://localhost:3000/_next/static/chunks/node_modules_next_dist_compiled_react-dom_1e674e59._.js:6708:24)
    at runWithFiberInDEV (http://localhost:3000/_next/static/chunks/node_modules_next_dist_compiled_react-dom_1e674e59._.js:965:74)
    at performUnitOfWork (http://localhost:3000/_next/static/chunks/node_modules_next_dist_compiled_react-dom_1e674e59._.js:9562:97)
    at workLoopConcurrentByScheduler (http://localhost:3000/_next/static/chunks/node_modules_next_dist_compiled_react-dom_1e674e59._.js:9558:58)
    at renderRootConcurrent (http://localhost:3000/_next/static/chunks/node_modules_next_dist_compiled_react-dom_1e674e59._.js:9541:71)
    at performWorkOnRoot (http://localhost:3000/_next/static/chunks/node_modules_next_dist_compiled_react-dom_1e674e59._.js:9068:150)
    at performWorkOnRootViaSchedulerTask (http://localhost:3000/_next/static/chunks/node_modules_next_dist_compiled_react-dom_1e674e59._.js:10230:9)
    at MessagePort.performWorkUntilDeadline (http://localhost:3000/_next/static/chunks/node_modules_next_dist_compiled_a0e4c7b4._.js:2647:64) @ http://localhost:3000/_next/static/chunks/node_modules_next_dist_f3530cac._.js:3127
[27425580ms] [ERROR] IntlError: MISSING_MESSAGE: Could not resolve `Nav.myPerformance` in messages for locale `en`.
    at getFallbackFromErrorAndNotify (http://localhost:3000/_next/static/chunks/node_modules_5faecd26._.js:4921:23)
    at translateBaseFn (http://localhost:3000/_next/static/chunks/node_modules_5faecd26._.js:4951:28)
    at translateFn (http://localhost:3000/_next/static/chunks/node_modules_5faecd26._.js:4979:24)
    at http://localhost:3000/_next/static/chunks/src_5b367b92._.js:1155:63
    at Array.map (<anonymous>)
    at http://localhost:3000/_next/static/chunks/src_5b367b92._.js:1152:64
    at Array.map (<anonymous>)
    at Sidebar (http://localhost:3000/_next/static/chunks/src_5b367b92._.js:1136:166)
    at Object.react_stack_bottom_frame (http://localhost:3000/_next/static/chunks/node_modules_next_dist_compiled_react-dom_1e674e59._.js:14826:24)
    at renderWithHooksAgain (http://localhost:3000/_next/static/chunks/node_modules_next_dist_compiled_react-dom_1e674e59._.js:4706:24)
    at renderWithHooks (http://localhost:3000/_next/static/chunks/node_modules_next_dist_compiled_react-dom_1e674e59._.js:4657:28)
    at updateFunctionComponent (http://localhost:3000/_next/static/chunks/node_modules_next_dist_compiled_react-dom_1e674e59._.js:6112:21)
    at beginWork (http://localhost:3000/_next/static/chunks/node_modules_next_dist_compiled_react-dom_1e674e59._.js:6708:24)
    at runWithFiberInDEV (http://localhost:3000/_next/static/chunks/node_modules_next_dist_compiled_react-dom_1e674e59._.js:965:74)
    at performUnitOfWork (http://localhost:3000/_next/static/chunks/node_modules_next_dist_compiled_react-dom_1e674e59._.js:9562:97)
    at workLoopConcurrentByScheduler (http://localhost:3000/_next/static/chunks/node_modules_next_dist_compiled_react-dom_1e674e59._.js:9558:58)
    at renderRootConcurrent (http://localhost:3000/_next/static/chunks/node_modules_next_dist_compiled_react-dom_1e674e59._.js:9541:71)
    at performWorkOnRoot (http://localhost:3000/_next/static/chunks/node_modules_next_dist_compiled_react-dom_1e674e59._.js:9068:150)
    at performWorkOnRootViaSchedulerTask (http://localhost:3000/_next/static/chunks/node_modules_next_dist_compiled_react-dom_1e674e59._.js:10230:9)
    at MessagePort.performWorkUntilDeadline (http://localhost:3000/_next/static/chunks/node_modules_next_dist_compiled_a0e4c7b4._.js:2647:64) @ http://localhost:3000/_next/static/chunks/node_modules_next_dist_f3530cac._.js:3127
[27425590ms] [LOG] [Fast Refresh] rebuilding @ http://localhost:3000/_next/static/chunks/node_modules_next_dist_f3530cac._.js:2297
[27425593ms] [ERROR] IntlError: MISSING_MESSAGE: Could not resolve `Nav.myPerformance` in messages for locale `en`.
    at getFallbackFromErrorAndNotify (http://localhost:3000/_next/static/chunks/node_modules_5faecd26._.js:4921:23)
    at translateBaseFn (http://localhost:3000/_next/static/chunks/node_modules_5faecd26._.js:4951:28)
    at translateFn (http://localhost:3000/_next/static/chunks/node_modules_5faecd26._.js:4979:24)
    at CommandPaletteProvider.useMemo[allCommands] (http://localhost:3000/_next/static/chunks/src_5b367b92._.js:3053:32)
    at mountMemo (http://localhost:3000/_next/static/chunks/node_modules_next_dist_compiled_react-dom_1e674e59._.js:5424:25)
    at Object.useMemo (http://localhost:3000/_next/static/chunks/node_modules_next_dist_compiled_react-dom_1e674e59._.js:15003:24)
    at exports.useMemo (http://localhost:3000/_next/static/chunks/node_modules_next_dist_compiled_a0e4c7b4._.js:1742:36)
    at CommandPaletteProvider (http://localhost:3000/_next/static/chunks/src_5b367b92._.js:3033:193)
    at Object.react_stack_bottom_frame (http://localhost:3000/_next/static/chunks/node_modules_next_dist_compiled_react-dom_1e674e59._.js:14826:24)
    at renderWithHooks (http://localhost:3000/_next/static/chunks/node_modules_next_dist_compiled_react-dom_1e674e59._.js:4651:24)
    at updateFunctionComponent (http://localhost:3000/_next/static/chunks/node_modules_next_dist_compiled_react-dom_1e674e59._.js:6112:21)
    at beginWork (http://localhost:3000/_next/static/chunks/node_modules_next_dist_compiled_react-dom_1e674e59._.js:6687:639)
    at runWithFiberInDEV (http://localhost:3000/_next/static/chunks/node_modules_next_dist_compiled_react-dom_1e674e59._.js:965:74)
    at performUnitOfWork (http://localhost:3000/_next/static/chunks/node_modules_next_dist_compiled_react-dom_1e674e59._.js:9562:97)
    at workLoopConcurrentByScheduler (http://localhost:3000/_next/static/chunks/node_modules_next_dist_compiled_react-dom_1e674e59._.js:9558:58)
    at renderRootConcurrent (http://localhost:3000/_next/static/chunks/node_modules_next_dist_compiled_react-dom_1e674e59._.js:9541:71)
    at performWorkOnRoot (http://localhost:3000/_next/static/chunks/node_modules_next_dist_compiled_react-dom_1e674e59._.js:9068:150)
    at performWorkOnRootViaSchedulerTask (http://localhost:3000/_next/static/chunks/node_modules_next_dist_compiled_react-dom_1e674e59._.js:10230:9)
    at MessagePort.performWorkUntilDeadline (http://localhost:3000/_next/static/chunks/node_modules_next_dist_compiled_a0e4c7b4._.js:2647:64) @ http://localhost:3000/_next/static/chunks/node_modules_next_dist_f3530cac._.js:3127
[27425593ms] [ERROR] IntlError: MISSING_MESSAGE: Could not resolve `Nav.myPerformance` in messages for locale `en`.
    at getFallbackFromErrorAndNotify (http://localhost:3000/_next/static/chunks/node_modules_5faecd26._.js:4921:23)
    at translateBaseFn (http://localhost:3000/_next/static/chunks/node_modules_5faecd26._.js:4951:28)
    at translateFn (http://localhost:3000/_next/static/chunks/node_modules_5faecd26._.js:4979:24)
    at CommandPaletteProvider.useMemo[allCommands] (http://localhost:3000/_next/static/chunks/src_5b367b92._.js:3053:32)
    at mountMemo (http://localhost:3000/_next/static/chunks/node_modules_next_dist_compiled_react-dom_1e674e59._.js:5428:17)
    at Object.useMemo (http://localhost:3000/_next/static/chunks/node_modules_next_dist_compiled_react-dom_1e674e59._.js:15003:24)
    at exports.useMemo (http://localhost:3000/_next/static/chunks/node_modules_next_dist_compiled_a0e4c7b4._.js:1742:36)
    at CommandPaletteProvider (http://localhost:3000/_next/static/chunks/src_5b367b92._.js:3033:193)
    at Object.react_stack_bottom_frame (http://localhost:3000/_next/static/chunks/node_modules_next_dist_compiled_react-dom_1e674e59._.js:14826:24)
    at renderWithHooks (http://localhost:3000/_next/static/chunks/node_modules_next_dist_compiled_react-dom_1e674e59._.js:4651:24)
    at updateFunctionComponent (http://localhost:3000/_next/static/chunks/node_modules_next_dist_compiled_react-dom_1e674e59._.js:6112:21)
    at beginWork (http://localhost:3000/_next/static/chunks/node_modules_next_dist_compiled_react-dom_1e674e59._.js:6687:639)
    at runWithFiberInDEV (http://localhost:3000/_next/static/chunks/node_modules_next_dist_compiled_react-dom_1e674e59._.js:965:74)
    at performUnitOfWork (http://localhost:3000/_next/static/chunks/node_modules_next_dist_compiled_react-dom_1e674e59._.js:9562:97)
    at workLoopConcurrentByScheduler (http://localhost:3000/_next/static/chunks/node_modules_next_dist_compiled_react-dom_1e674e59._.js:9558:58)
    at renderRootConcurrent (http://localhost:3000/_next/static/chunks/node_modules_next_dist_compiled_react-dom_1e674e59._.js:9541:71)
    at performWorkOnRoot (http://localhost:3000/_next/static/chunks/node_modules_next_dist_compiled_react-dom_1e674e59._.js:9068:150)
    at performWorkOnRootViaSchedulerTask (http://localhost:3000/_next/static/chunks/node_modules_next_dist_compiled_react-dom_1e674e59._.js:10230:9)
    at MessagePort.performWorkUntilDeadline (http://localhost:3000/_next/static/chunks/node_modules_next_dist_compiled_a0e4c7b4._.js:2647:64) @ http://localhost:3000/_next/static/chunks/node_modules_next_dist_f3530cac._.js:3127
[27425594ms] [ERROR] IntlError: MISSING_MESSAGE: Could not resolve `Nav.myPerformance` in messages for locale `en`.
    at getFallbackFromErrorAndNotify (http://localhost:3000/_next/static/chunks/node_modules_5faecd26._.js:4921:23)
    at translateBaseFn (http://localhost:3000/_next/static/chunks/node_modules_5faecd26._.js:4951:28)
    at translateFn (http://localhost:3000/_next/static/chunks/node_modules_5faecd26._.js:4979:24)
    at http://localhost:3000/_next/static/chunks/src_5b367b92._.js:1155:63
    at Array.map (<anonymous>)
    at http://localhost:3000/_next/static/chunks/src_5b367b92._.js:1152:64
    at Array.map (<anonymous>)
    at Sidebar (http://localhost:3000/_next/static/chunks/src_5b367b92._.js:1136:166)
    at Object.react_stack_bottom_frame (http://localhost:3000/_next/static/chunks/node_modules_next_dist_compiled_react-dom_1e674e59._.js:14826:24)
    at renderWithHooks (http://localhost:3000/_next/static/chunks/node_modules_next_dist_compiled_react-dom_1e674e59._.js:4651:24)
    at updateFunctionComponent (http://localhost:3000/_next/static/chunks/node_modules_next_dist_compiled_react-dom_1e674e59._.js:6112:21)
    at beginWork (http://localhost:3000/_next/static/chunks/node_modules_next_dist_compiled_react-dom_1e674e59._.js:6708:24)
    at runWithFiberInDEV (http://localhost:3000/_next/static/chunks/node_modules_next_dist_compiled_react-dom_1e674e59._.js:965:74)
    at performUnitOfWork (http://localhost:3000/_next/static/chunks/node_modules_next_dist_compiled_react-dom_1e674e59._.js:9562:97)
    at workLoopConcurrentByScheduler (http://localhost:3000/_next/static/chunks/node_modules_next_dist_compiled_react-dom_1e674e59._.js:9558:58)
    at renderRootConcurrent (http://localhost:3000/_next/static/chunks/node_modules_next_dist_compiled_react-dom_1e674e59._.js:9541:71)
    at performWorkOnRoot (http://localhost:3000/_next/static/chunks/node_modules_next_dist_compiled_react-dom_1e674e59._.js:9068:150)
    at performWorkOnRootViaSchedulerTask (http://localhost:3000/_next/static/chunks/node_modules_next_dist_compiled_react-dom_1e674e59._.js:10230:9)
    at MessagePort.performWorkUntilDeadline (http://localhost:3000/_next/static/chunks/node_modules_next_dist_compiled_a0e4c7b4._.js:2647:64) @ http://localhost:3000/_next/static/chunks/node_modules_next_dist_f3530cac._.js:3127
[27425594ms] [ERROR] IntlError: MISSING_MESSAGE: Could not resolve `Nav.myPerformance` in messages for locale `en`.
    at getFallbackFromErrorAndNotify (http://localhost:3000/_next/static/chunks/node_modules_5faecd26._.js:4921:23)
    at translateBaseFn (http://localhost:3000/_next/static/chunks/node_modules_5faecd26._.js:4951:28)
    at translateFn (http://localhost:3000/_next/static/chunks/node_modules_5faecd26._.js:4979:24)
    at http://localhost:3000/_next/static/chunks/src_5b367b92._.js:1155:63
    at Array.map (<anonymous>)
    at http://localhost:3000/_next/static/chunks/src_5b367b92._.js:1152:64
    at Array.map (<anonymous>)
    at Sidebar (http://localhost:3000/_next/static/chunks/src_5b367b92._.js:1136:166)
    at Object.react_stack_bottom_frame (http://localhost:3000/_next/static/chunks/node_modules_next_dist_compiled_react-dom_1e674e59._.js:14826:24)
    at renderWithHooksAgain (http://localhost:3000/_next/static/chunks/node_modules_next_dist_compiled_react-dom_1e674e59._.js:4706:24)
    at renderWithHooks (http://localhost:3000/_next/static/chunks/node_modules_next_dist_compiled_react-dom_1e674e59._.js:4657:28)
    at updateFunctionComponent (http://localhost:3000/_next/static/chunks/node_modules_next_dist_compiled_react-dom_1e674e59._.js:6112:21)
    at beginWork (http://localhost:3000/_next/static/chunks/node_modules_next_dist_compiled_react-dom_1e674e59._.js:6708:24)
    at runWithFiberInDEV (http://localhost:3000/_next/static/chunks/node_modules_next_dist_compiled_react-dom_1e674e59._.js:965:74)
    at performUnitOfWork (http://localhost:3000/_next/static/chunks/node_modules_next_dist_compiled_react-dom_1e674e59._.js:9562:97)
    at workLoopConcurrentByScheduler (http://localhost:3000/_next/static/chunks/node_modules_next_dist_compiled_react-dom_1e674e59._.js:9558:58)
    at renderRootConcurrent (http://localhost:3000/_next/static/chunks/node_modules_next_dist_compiled_react-dom_1e674e59._.js:9541:71)
    at performWorkOnRoot (http://localhost:3000/_next/static/chunks/node_modules_next_dist_compiled_react-dom_1e674e59._.js:9068:150)
    at performWorkOnRootViaSchedulerTask (http://localhost:3000/_next/static/chunks/node_modules_next_dist_compiled_react-dom_1e674e59._.js:10230:9)
    at MessagePort.performWorkUntilDeadline (http://localhost:3000/_next/static/chunks/node_modules_next_dist_compiled_a0e4c7b4._.js:2647:64) @ http://localhost:3000/_next/static/chunks/node_modules_next_dist_f3530cac._.js:3127
[27425604ms] [ERROR] IntlError: MISSING_MESSAGE: Could not resolve `Nav.myPerformance` in messages for locale `en`.
    at getFallbackFromErrorAndNotify (http://localhost:3000/_next/static/chunks/node_modules_5faecd26._.js:4921:23)
    at translateBaseFn (http://localhost:3000/_next/static/chunks/node_modules_5faecd26._.js:4951:28)
    at translateFn (http://localhost:3000/_next/static/chunks/node_modules_5faecd26._.js:4979:24)
    at CommandPaletteProvider.useMemo[allCommands] (http://localhost:3000/_next/static/chunks/src_5b367b92._.js:3053:32)
    at mountMemo (http://localhost:3000/_next/static/chunks/node_modules_next_dist_compiled_react-dom_1e674e59._.js:5424:25)
    at Object.useMemo (http://localhost:3000/_next/static/chunks/node_modules_next_dist_compiled_react-dom_1e674e59._.js:15003:24)
    at exports.useMemo (http://localhost:3000/_next/static/chunks/node_modules_next_dist_compiled_a0e4c7b4._.js:1742:36)
    at CommandPaletteProvider (http://localhost:3000/_next/static/chunks/src_5b367b92._.js:3033:193)
    at Object.react_stack_bottom_frame (http://localhost:3000/_next/static/chunks/node_modules_next_dist_compiled_react-dom_1e674e59._.js:14826:24)
    at renderWithHooks (http://localhost:3000/_next/static/chunks/node_modules_next_dist_compiled_react-dom_1e674e59._.js:4651:24)
    at updateFunctionComponent (http://localhost:3000/_next/static/chunks/node_modules_next_dist_compiled_react-dom_1e674e59._.js:6112:21)
    at beginWork (http://localhost:3000/_next/static/chunks/node_modules_next_dist_compiled_react-dom_1e674e59._.js:6687:639)
    at runWithFiberInDEV (http://localhost:3000/_next/static/chunks/node_modules_next_dist_compiled_react-dom_1e674e59._.js:965:74)
    at performUnitOfWork (http://localhost:3000/_next/static/chunks/node_modules_next_dist_compiled_react-dom_1e674e59._.js:9562:97)
    at workLoopConcurrentByScheduler (http://localhost:3000/_next/static/chunks/node_modules_next_dist_compiled_react-dom_1e674e59._.js:9558:58)
    at renderRootConcurrent (http://localhost:3000/_next/static/chunks/node_modules_next_dist_compiled_react-dom_1e674e59._.js:9541:71)
    at performWorkOnRoot (http://localhost:3000/_next/static/chunks/node_modules_next_dist_compiled_react-dom_1e674e59._.js:9068:150)
    at performWorkOnRootViaSchedulerTask (http://localhost:3000/_next/static/chunks/node_modules_next_dist_compiled_react-dom_1e674e59._.js:10230:9)
    at MessagePort.performWorkUntilDeadline (http://localhost:3000/_next/static/chunks/node_modules_next_dist_compiled_a0e4c7b4._.js:2647:64) @ http://localhost:3000/_next/static/chunks/node_modules_next_dist_f3530cac._.js:3127
[27425604ms] [ERROR] IntlError: MISSING_MESSAGE: Could not resolve `Nav.myPerformance` in messages for locale `en`.
    at getFallbackFromErrorAndNotify (http://localhost:3000/_next/static/chunks/node_modules_5faecd26._.js:4921:23)
    at translateBaseFn (http://localhost:3000/_next/static/chunks/node_modules_5faecd26._.js:4951:28)
    at translateFn (http://localhost:3000/_next/static/chunks/node_modules_5faecd26._.js:4979:24)
    at CommandPaletteProvider.useMemo[allCommands] (http://localhost:3000/_next/static/chunks/src_5b367b92._.js:3053:32)
    at mountMemo (http://localhost:3000/_next/static/chunks/node_modules_next_dist_compiled_react-dom_1e674e59._.js:5428:17)
    at Object.useMemo (http://localhost:3000/_next/static/chunks/node_modules_next_dist_compiled_react-dom_1e674e59._.js:15003:24)
    at exports.useMemo (http://localhost:3000/_next/static/chunks/node_modules_next_dist_compiled_a0e4c7b4._.js:1742:36)
    at CommandPaletteProvider (http://localhost:3000/_next/static/chunks/src_5b367b92._.js:3033:193)
    at Object.react_stack_bottom_frame (http://localhost:3000/_next/static/chunks/node_modules_next_dist_compiled_react-dom_1e674e59._.js:14826:24)
    at renderWithHooks (http://localhost:3000/_next/static/chunks/node_modules_next_dist_compiled_react-dom_1e674e59._.js:4651:24)
    at updateFunctionComponent (http://localhost:3000/_next/static/chunks/node_modules_next_dist_compiled_react-dom_1e674e59._.js:6112:21)
    at beginWork (http://localhost:3000/_next/static/chunks/node_modules_next_dist_compiled_react-dom_1e674e59._.js:6687:639)
    at runWithFiberInDEV (http://localhost:3000/_next/static/chunks/node_modules_next_dist_compiled_react-dom_1e674e59._.js:965:74)
    at performUnitOfWork (http://localhost:3000/_next/static/chunks/node_modules_next_dist_compiled_react-dom_1e674e59._.js:9562:97)
    at workLoopConcurrentByScheduler (http://localhost:3000/_next/static/chunks/node_modules_next_dist_compiled_react-dom_1e674e59._.js:9558:58)
    at renderRootConcurrent (http://localhost:3000/_next/static/chunks/node_modules_next_dist_compiled_react-dom_1e674e59._.js:9541:71)
    at performWorkOnRoot (http://localhost:3000/_next/static/chunks/node_modules_next_dist_compiled_react-dom_1e674e59._.js:9068:150)
    at performWorkOnRootViaSchedulerTask (http://localhost:3000/_next/static/chunks/node_modules_next_dist_compiled_react-dom_1e674e59._.js:10230:9)
    at MessagePort.performWorkUntilDeadline (http://localhost:3000/_next/static/chunks/node_modules_next_dist_compiled_a0e4c7b4._.js:2647:64) @ http://localhost:3000/_next/static/chunks/node_modules_next_dist_f3530cac._.js:3127
[27425606ms] [ERROR] IntlError: MISSING_MESSAGE: Could not resolve `Nav.myPerformance` in messages for locale `en`.
    at getFallbackFromErrorAndNotify (http://localhost:3000/_next/static/chunks/node_modules_5faecd26._.js:4921:23)
    at translateBaseFn (http://localhost:3000/_next/static/chunks/node_modules_5faecd26._.js:4951:28)
    at translateFn (http://localhost:3000/_next/static/chunks/node_modules_5faecd26._.js:4979:24)
    at http://localhost:3000/_next/static/chunks/src_5b367b92._.js:1155:63
    at Array.map (<anonymous>)
    at http://localhost:3000/_next/static/chunks/src_5b367b92._.js:1152:64
    at Array.map (<anonymous>)
    at Sidebar (http://localhost:3000/_next/static/chunks/src_5b367b92._.js:1136:166)
    at Object.react_stack_bottom_frame (http://localhost:3000/_next/static/chunks/node_modules_next_dist_compiled_react-dom_1e674e59._.js:14826:24)
    at renderWithHooks (http://localhost:3000/_next/static/chunks/node_modules_next_dist_compiled_react-dom_1e674e59._.js:4651:24)
    at updateFunctionComponent (http://localhost:3000/_next/static/chunks/node_modules_next_dist_compiled_react-dom_1e674e59._.js:6112:21)
    at beginWork (http://localhost:3000/_next/static/chunks/node_modules_next_dist_compiled_react-dom_1e674e59._.js:6708:24)
    at runWithFiberInDEV (http://localhost:3000/_next/static/chunks/node_modules_next_dist_compiled_react-dom_1e674e59._.js:965:74)
    at performUnitOfWork (http://localhost:3000/_next/static/chunks/node_modules_next_dist_compiled_react-dom_1e674e59._.js:9562:97)
    at workLoopConcurrentByScheduler (http://localhost:3000/_next/static/chunks/node_modules_next_dist_compiled_react-dom_1e674e59._.js:9558:58)
    at renderRootConcurrent (http://localhost:3000/_next/static/chunks/node_modules_next_dist_compiled_react-dom_1e674e59._.js:9541:71)
    at performWorkOnRoot (http://localhost:3000/_next/static/chunks/node_modules_next_dist_compiled_react-dom_1e674e59._.js:9068:150)
    at performWorkOnRootViaSchedulerTask (http://localhost:3000/_next/static/chunks/node_modules_next_dist_compiled_react-dom_1e674e59._.js:10230:9)
    at MessagePort.performWorkUntilDeadline (http://localhost:3000/_next/static/chunks/node_modules_next_dist_compiled_a0e4c7b4._.js:2647:64) @ http://localhost:3000/_next/static/chunks/node_modules_next_dist_f3530cac._.js:3127
[27425607ms] [ERROR] IntlError: MISSING_MESSAGE: Could not resolve `Nav.myPerformance` in messages for locale `en`.
    at getFallbackFromErrorAndNotify (http://localhost:3000/_next/static/chunks/node_modules_5faecd26._.js:4921:23)
    at translateBaseFn (http://localhost:3000/_next/static/chunks/node_modules_5faecd26._.js:4951:28)
    at translateFn (http://localhost:3000/_next/static/chunks/node_modules_5faecd26._.js:4979:24)
    at http://localhost:3000/_next/static/chunks/src_5b367b92._.js:1155:63
    at Array.map (<anonymous>)
    at http://localhost:3000/_next/static/chunks/src_5b367b92._.js:1152:64
    at Array.map (<anonymous>)
    at Sidebar (http://localhost:3000/_next/static/chunks/src_5b367b92._.js:1136:166)
    at Object.react_stack_bottom_frame (http://localhost:3000/_next/static/chunks/node_modules_next_dist_compiled_react-dom_1e674e59._.js:14826:24)
    at renderWithHooksAgain (http://localhost:3000/_next/static/chunks/node_modules_next_dist_compiled_react-dom_1e674e59._.js:4706:24)
    at renderWithHooks (http://localhost:3000/_next/static/chunks/node_modules_next_dist_compiled_react-dom_1e674e59._.js:4657:28)
    at updateFunctionComponent (http://localhost:3000/_next/static/chunks/node_modules_next_dist_compiled_react-dom_1e674e59._.js:6112:21)
    at beginWork (http://localhost:3000/_next/static/chunks/node_modules_next_dist_compiled_react-dom_1e674e59._.js:6708:24)
    at runWithFiberInDEV (http://localhost:3000/_next/static/chunks/node_modules_next_dist_compiled_react-dom_1e674e59._.js:965:74)
    at performUnitOfWork (http://localhost:3000/_next/static/chunks/node_modules_next_dist_compiled_react-dom_1e674e59._.js:9562:97)
    at workLoopConcurrentByScheduler (http://localhost:3000/_next/static/chunks/node_modules_next_dist_compiled_react-dom_1e674e59._.js:9558:58)
    at renderRootConcurrent (http://localhost:3000/_next/static/chunks/node_modules_next_dist_compiled_react-dom_1e674e59._.js:9541:71)
    at performWorkOnRoot (http://localhost:3000/_next/static/chunks/node_modules_next_dist_compiled_react-dom_1e674e59._.js:9068:150)
    at performWorkOnRootViaSchedulerTask (http://localhost:3000/_next/static/chunks/node_modules_next_dist_compiled_react-dom_1e674e59._.js:10230:9)
    at MessagePort.performWorkUntilDeadline (http://localhost:3000/_next/static/chunks/node_modules_next_dist_compiled_a0e4c7b4._.js:2647:64) @ http://localhost:3000/_next/static/chunks/node_modules_next_dist_f3530cac._.js:3127
[27425623ms] [ERROR] IntlError: MISSING_MESSAGE: Could not resolve `Nav.myPerformance` in messages for locale `en`.
    at getFallbackFromErrorAndNotify (http://localhost:3000/_next/static/chunks/node_modules_5faecd26._.js:4921:23)
    at translateBaseFn (http://localhost:3000/_next/static/chunks/node_modules_5faecd26._.js:4951:28)
    at translateFn (http://localhost:3000/_next/static/chunks/node_modules_5faecd26._.js:4979:24)
    at CommandPaletteProvider.useMemo[allCommands] (http://localhost:3000/_next/static/chunks/src_5b367b92._.js:3053:32)
    at mountMemo (http://localhost:3000/_next/static/chunks/node_modules_next_dist_compiled_react-dom_1e674e59._.js:5424:25)
    at Object.useMemo (http://localhost:3000/_next/static/chunks/node_modules_next_dist_compiled_react-dom_1e674e59._.js:15003:24)
    at exports.useMemo (http://localhost:3000/_next/static/chunks/node_modules_next_dist_compiled_a0e4c7b4._.js:1742:36)
    at CommandPaletteProvider (http://localhost:3000/_next/static/chunks/src_5b367b92._.js:3033:193)
    at Object.react_stack_bottom_frame (http://localhost:3000/_next/static/chunks/node_modules_next_dist_compiled_react-dom_1e674e59._.js:14826:24)
    at renderWithHooks (http://localhost:3000/_next/static/chunks/node_modules_next_dist_compiled_react-dom_1e674e59._.js:4651:24)
    at updateFunctionComponent (http://localhost:3000/_next/static/chunks/node_modules_next_dist_compiled_react-dom_1e674e59._.js:6112:21)
    at beginWork (http://localhost:3000/_next/static/chunks/node_modules_next_dist_compiled_react-dom_1e674e59._.js:6687:639)
    at runWithFiberInDEV (http://localhost:3000/_next/static/chunks/node_modules_next_dist_compiled_react-dom_1e674e59._.js:965:74)
    at performUnitOfWork (http://localhost:3000/_next/static/chunks/node_modules_next_dist_compiled_react-dom_1e674e59._.js:9562:97)
    at workLoopConcurrentByScheduler (http://localhost:3000/_next/static/chunks/node_modules_next_dist_compiled_react-dom_1e674e59._.js:9558:58)
    at renderRootConcurrent (http://localhost:3000/_next/static/chunks/node_modules_next_dist_compiled_react-dom_1e674e59._.js:9541:71)
    at performWorkOnRoot (http://localhost:3000/_next/static/chunks/node_modules_next_dist_compiled_react-dom_1e674e59._.js:9068:150)
    at performWorkOnRootViaSchedulerTask (http://localhost:3000/_next/static/chunks/node_modules_next_dist_compiled_react-dom_1e674e59._.js:10230:9)
    at MessagePort.performWorkUntilDeadline (http://localhost:3000/_next/static/chunks/node_modules_next_dist_compiled_a0e4c7b4._.js:2647:64) @ http://localhost:3000/_next/static/chunks/node_modules_next_dist_f3530cac._.js:3127
[27425623ms] [ERROR] IntlError: MISSING_MESSAGE: Could not resolve `Nav.myPerformance` in messages for locale `en`.
    at getFallbackFromErrorAndNotify (http://localhost:3000/_next/static/chunks/node_modules_5faecd26._.js:4921:23)
    at translateBaseFn (http://localhost:3000/_next/static/chunks/node_modules_5faecd26._.js:4951:28)
    at translateFn (http://localhost:3000/_next/static/chunks/node_modules_5faecd26._.js:4979:24)
    at CommandPaletteProvider.useMemo[allCommands] (http://localhost:3000/_next/static/chunks/src_5b367b92._.js:3053:32)
    at mountMemo (http://localhost:3000/_next/static/chunks/node_modules_next_dist_compiled_react-dom_1e674e59._.js:5428:17)
    at Object.useMemo (http://localhost:3000/_next/static/chunks/node_modules_next_dist_compiled_react-dom_1e674e59._.js:15003:24)
    at exports.useMemo (http://localhost:3000/_next/static/chunks/node_modules_next_dist_compiled_a0e4c7b4._.js:1742:36)
    at CommandPaletteProvider (http://localhost:3000/_next/static/chunks/src_5b367b92._.js:3033:193)
    at Object.react_stack_bottom_frame (http://localhost:3000/_next/static/chunks/node_modules_next_dist_compiled_react-dom_1e674e59._.js:14826:24)
    at renderWithHooks (http://localhost:3000/_next/static/chunks/node_modules_next_dist_compiled_react-dom_1e674e59._.js:4651:24)
    at updateFunctionComponent (http://localhost:3000/_next/static/chunks/node_modules_next_dist_compiled_react-dom_1e674e59._.js:6112:21)
    at beginWork (http://localhost:3000/_next/static/chunks/node_modules_next_dist_compiled_react-dom_1e674e59._.js:6687:639)
    at runWithFiberInDEV (http://localhost:3000/_next/static/chunks/node_modules_next_dist_compiled_react-dom_1e674e59._.js:965:74)
    at performUnitOfWork (http://localhost:3000/_next/static/chunks/node_modules_next_dist_compiled_react-dom_1e674e59._.js:9562:97)
    at workLoopConcurrentByScheduler (http://localhost:3000/_next/static/chunks/node_modules_next_dist_compiled_react-dom_1e674e59._.js:9558:58)
    at renderRootConcurrent (http://localhost:3000/_next/static/chunks/node_modules_next_dist_compiled_react-dom_1e674e59._.js:9541:71)
    at performWorkOnRoot (http://localhost:3000/_next/static/chunks/node_modules_next_dist_compiled_react-dom_1e674e59._.js:9068:150)
    at performWorkOnRootViaSchedulerTask (http://localhost:3000/_next/static/chunks/node_modules_next_dist_compiled_react-dom_1e674e59._.js:10230:9)
    at MessagePort.performWorkUntilDeadline (http://localhost:3000/_next/static/chunks/node_modules_next_dist_compiled_a0e4c7b4._.js:2647:64) @ http://localhost:3000/_next/static/chunks/node_modules_next_dist_f3530cac._.js:3127
[27425624ms] [ERROR] IntlError: MISSING_MESSAGE: Could not resolve `Nav.myPerformance` in messages for locale `en`.
    at getFallbackFromErrorAndNotify (http://localhost:3000/_next/static/chunks/node_modules_5faecd26._.js:4921:23)
    at translateBaseFn (http://localhost:3000/_next/static/chunks/node_modules_5faecd26._.js:4951:28)
    at translateFn (http://localhost:3000/_next/static/chunks/node_modules_5faecd26._.js:4979:24)
    at http://localhost:3000/_next/static/chunks/src_5b367b92._.js:1155:63
    at Array.map (<anonymous>)
    at http://localhost:3000/_next/static/chunks/src_5b367b92._.js:1152:64
    at Array.map (<anonymous>)
    at Sidebar (http://localhost:3000/_next/static/chunks/src_5b367b92._.js:1136:166)
    at Object.react_stack_bottom_frame (http://localhost:3000/_next/static/chunks/node_modules_next_dist_compiled_react-dom_1e674e59._.js:14826:24)
    at renderWithHooks (http://localhost:3000/_next/static/chunks/node_modules_next_dist_compiled_react-dom_1e674e59._.js:4651:24)
    at updateFunctionComponent (http://localhost:3000/_next/static/chunks/node_modules_next_dist_compiled_react-dom_1e674e59._.js:6112:21)
    at beginWork (http://localhost:3000/_next/static/chunks/node_modules_next_dist_compiled_react-dom_1e674e59._.js:6708:24)
    at runWithFiberInDEV (http://localhost:3000/_next/static/chunks/node_modules_next_dist_compiled_react-dom_1e674e59._.js:965:74)
    at performUnitOfWork (http://localhost:3000/_next/static/chunks/node_modules_next_dist_compiled_react-dom_1e674e59._.js:9562:97)
    at workLoopConcurrentByScheduler (http://localhost:3000/_next/static/chunks/node_modules_next_dist_compiled_react-dom_1e674e59._.js:9558:58)
    at renderRootConcurrent (http://localhost:3000/_next/static/chunks/node_modules_next_dist_compiled_react-dom_1e674e59._.js:9541:71)
    at performWorkOnRoot (http://localhost:3000/_next/static/chunks/node_modules_next_dist_compiled_react-dom_1e674e59._.js:9068:150)
    at performWorkOnRootViaSchedulerTask (http://localhost:3000/_next/static/chunks/node_modules_next_dist_compiled_react-dom_1e674e59._.js:10230:9)
    at MessagePort.performWorkUntilDeadline (http://localhost:3000/_next/static/chunks/node_modules_next_dist_compiled_a0e4c7b4._.js:2647:64) @ http://localhost:3000/_next/static/chunks/node_modules_next_dist_f3530cac._.js:3127
[27425624ms] [ERROR] IntlError: MISSING_MESSAGE: Could not resolve `Nav.myPerformance` in messages for locale `en`.
    at getFallbackFromErrorAndNotify (http://localhost:3000/_next/static/chunks/node_modules_5faecd26._.js:4921:23)
    at translateBaseFn (http://localhost:3000/_next/static/chunks/node_modules_5faecd26._.js:4951:28)
    at translateFn (http://localhost:3000/_next/static/chunks/node_modules_5faecd26._.js:4979:24)
    at http://localhost:3000/_next/static/chunks/src_5b367b92._.js:1155:63
    at Array.map (<anonymous>)
    at http://localhost:3000/_next/static/chunks/src_5b367b92._.js:1152:64
    at Array.map (<anonymous>)
    at Sidebar (http://localhost:3000/_next/static/chunks/src_5b367b92._.js:1136:166)
    at Object.react_stack_bottom_frame (http://localhost:3000/_next/static/chunks/node_modules_next_dist_compiled_react-dom_1e674e59._.js:14826:24)
    at renderWithHooksAgain (http://localhost:3000/_next/static/chunks/node_modules_next_dist_compiled_react-dom_1e674e59._.js:4706:24)
    at renderWithHooks (http://localhost:3000/_next/static/chunks/node_modules_next_dist_compiled_react-dom_1e674e59._.js:4657:28)
    at updateFunctionComponent (http://localhost:3000/_next/static/chunks/node_modules_next_dist_compiled_react-dom_1e674e59._.js:6112:21)
    at beginWork (http://localhost:3000/_next/static/chunks/node_modules_next_dist_compiled_react-dom_1e674e59._.js:6708:24)
    at runWithFiberInDEV (http://localhost:3000/_next/static/chunks/node_modules_next_dist_compiled_react-dom_1e674e59._.js:965:74)
    at performUnitOfWork (http://localhost:3000/_next/static/chunks/node_modules_next_dist_compiled_react-dom_1e674e59._.js:9562:97)
    at workLoopConcurrentByScheduler (http://localhost:3000/_next/static/chunks/node_modules_next_dist_compiled_react-dom_1e674e59._.js:9558:58)
    at renderRootConcurrent (http://localhost:3000/_next/static/chunks/node_modules_next_dist_compiled_react-dom_1e674e59._.js:9541:71)
    at performWorkOnRoot (http://localhost:3000/_next/static/chunks/node_modules_next_dist_compiled_react-dom_1e674e59._.js:9068:150)
    at performWorkOnRootViaSchedulerTask (http://localhost:3000/_next/static/chunks/node_modules_next_dist_compiled_react-dom_1e674e59._.js:10230:9)
    at MessagePort.performWorkUntilDeadline (http://localhost:3000/_next/static/chunks/node_modules_next_dist_compiled_a0e4c7b4._.js:2647:64) @ http://localhost:3000/_next/static/chunks/node_modules_next_dist_f3530cac._.js:3127
[27425630ms] [LOG] [Fast Refresh] done in 145ms @ http://localhost:3000/_next/static/chunks/node_modules_next_dist_f3530cac._.js:2297
[27425631ms] [ERROR] IntlError: MISSING_MESSAGE: Could not resolve `Nav.myPerformance` in messages for locale `en`.
    at getFallbackFromErrorAndNotify (http://localhost:3000/_next/static/chunks/node_modules_5faecd26._.js:4921:23)
    at translateBaseFn (http://localhost:3000/_next/static/chunks/node_modules_5faecd26._.js:4951:28)
    at translateFn (http://localhost:3000/_next/static/chunks/node_modules_5faecd26._.js:4979:24)
    at CommandPaletteProvider.useMemo[allCommands] (http://localhost:3000/_next/static/chunks/src_5b367b92._.js:3053:32)
    at mountMemo (http://localhost:3000/_next/static/chunks/node_modules_next_dist_compiled_react-dom_1e674e59._.js:5424:25)
    at Object.useMemo (http://localhost:3000/_next/static/chunks/node_modules_next_dist_compiled_react-dom_1e674e59._.js:15003:24)
    at exports.useMemo (http://localhost:3000/_next/static/chunks/node_modules_next_dist_compiled_a0e4c7b4._.js:1742:36)
    at CommandPaletteProvider (http://localhost:3000/_next/static/chunks/src_5b367b92._.js:3033:193)
    at Object.react_stack_bottom_frame (http://localhost:3000/_next/static/chunks/node_modules_next_dist_compiled_react-dom_1e674e59._.js:14826:24)
    at renderWithHooks (http://localhost:3000/_next/static/chunks/node_modules_next_dist_compiled_react-dom_1e674e59._.js:4651:24)
    at updateFunctionComponent (http://localhost:3000/_next/static/chunks/node_modules_next_dist_compiled_react-dom_1e674e59._.js:6112:21)
    at beginWork (http://localhost:3000/_next/static/chunks/node_modules_next_dist_compiled_react-dom_1e674e59._.js:6687:639)
    at runWithFiberInDEV (http://localhost:3000/_next/static/chunks/node_modules_next_dist_compiled_react-dom_1e674e59._.js:965:74)
    at performUnitOfWork (http://localhost:3000/_next/static/chunks/node_modules_next_dist_compiled_react-dom_1e674e59._.js:9562:97)
    at workLoopConcurrentByScheduler (http://localhost:3000/_next/static/chunks/node_modules_next_dist_compiled_react-dom_1e674e59._.js:9558:58)
    at renderRootConcurrent (http://localhost:3000/_next/static/chunks/node_modules_next_dist_compiled_react-dom_1e674e59._.js:9541:71)
    at performWorkOnRoot (http://localhost:3000/_next/static/chunks/node_modules_next_dist_compiled_react-dom_1e674e59._.js:9068:150)
    at performWorkOnRootViaSchedulerTask (http://localhost:3000/_next/static/chunks/node_modules_next_dist_compiled_react-dom_1e674e59._.js:10230:9)
    at MessagePort.performWorkUntilDeadline (http://localhost:3000/_next/static/chunks/node_modules_next_dist_compiled_a0e4c7b4._.js:2647:64) @ http://localhost:3000/_next/static/chunks/node_modules_next_dist_f3530cac._.js:3127
[27425632ms] [ERROR] IntlError: MISSING_MESSAGE: Could not resolve `Nav.myPerformance` in messages for locale `en`.
    at getFallbackFromErrorAndNotify (http://localhost:3000/_next/static/chunks/node_modules_5faecd26._.js:4921:23)
    at translateBaseFn (http://localhost:3000/_next/static/chunks/node_modules_5faecd26._.js:4951:28)
    at translateFn (http://localhost:3000/_next/static/chunks/node_modules_5faecd26._.js:4979:24)
    at CommandPaletteProvider.useMemo[allCommands] (http://localhost:3000/_next/static/chunks/src_5b367b92._.js:3053:32)
    at mountMemo (http://localhost:3000/_next/static/chunks/node_modules_next_dist_compiled_react-dom_1e674e59._.js:5428:17)
    at Object.useMemo (http://localhost:3000/_next/static/chunks/node_modules_next_dist_compiled_react-dom_1e674e59._.js:15003:24)
    at exports.useMemo (http://localhost:3000/_next/static/chunks/node_modules_next_dist_compiled_a0e4c7b4._.js:1742:36)
    at CommandPaletteProvider (http://localhost:3000/_next/static/chunks/src_5b367b92._.js:3033:193)
    at Object.react_stack_bottom_frame (http://localhost:3000/_next/static/chunks/node_modules_next_dist_compiled_react-dom_1e674e59._.js:14826:24)
    at renderWithHooks (http://localhost:3000/_next/static/chunks/node_modules_next_dist_compiled_react-dom_1e674e59._.js:4651:24)
    at updateFunctionComponent (http://localhost:3000/_next/static/chunks/node_modules_next_dist_compiled_react-dom_1e674e59._.js:6112:21)
    at beginWork (http://localhost:3000/_next/static/chunks/node_modules_next_dist_compiled_react-dom_1e674e59._.js:6687:639)
    at runWithFiberInDEV (http://localhost:3000/_next/static/chunks/node_modules_next_dist_compiled_react-dom_1e674e59._.js:965:74)
    at performUnitOfWork (http://localhost:3000/_next/static/chunks/node_modules_next_dist_compiled_react-dom_1e674e59._.js:9562:97)
    at workLoopConcurrentByScheduler (http://localhost:3000/_next/static/chunks/node_modules_next_dist_compiled_react-dom_1e674e59._.js:9558:58)
    at renderRootConcurrent (http://localhost:3000/_next/static/chunks/node_modules_next_dist_compiled_react-dom_1e674e59._.js:9541:71)
    at performWorkOnRoot (http://localhost:3000/_next/static/chunks/node_modules_next_dist_compiled_react-dom_1e674e59._.js:9068:150)
    at performWorkOnRootViaSchedulerTask (http://localhost:3000/_next/static/chunks/node_modules_next_dist_compiled_react-dom_1e674e59._.js:10230:9)
    at MessagePort.performWorkUntilDeadline (http://localhost:3000/_next/static/chunks/node_modules_next_dist_compiled_a0e4c7b4._.js:2647:64) @ http://localhost:3000/_next/static/chunks/node_modules_next_dist_f3530cac._.js:3127
[27425632ms] [ERROR] IntlError: MISSING_MESSAGE: Could not resolve `Nav.myPerformance` in messages for locale `en`.
    at getFallbackFromErrorAndNotify (http://localhost:3000/_next/static/chunks/node_modules_5faecd26._.js:4921:23)
    at translateBaseFn (http://localhost:3000/_next/static/chunks/node_modules_5faecd26._.js:4951:28)
    at translateFn (http://localhost:3000/_next/static/chunks/node_modules_5faecd26._.js:4979:24)
    at http://localhost:3000/_next/static/chunks/src_5b367b92._.js:1155:63
    at Array.map (<anonymous>)
    at http://localhost:3000/_next/static/chunks/src_5b367b92._.js:1152:64
    at Array.map (<anonymous>)
    at Sidebar (http://localhost:3000/_next/static/chunks/src_5b367b92._.js:1136:166)
    at Object.react_stack_bottom_frame (http://localhost:3000/_next/static/chunks/node_modules_next_dist_compiled_react-dom_1e674e59._.js:14826:24)
    at renderWithHooks (http://localhost:3000/_next/static/chunks/node_modules_next_dist_compiled_react-dom_1e674e59._.js:4651:24)
    at updateFunctionComponent (http://localhost:3000/_next/static/chunks/node_modules_next_dist_compiled_react-dom_1e674e59._.js:6112:21)
    at beginWork (http://localhost:3000/_next/static/chunks/node_modules_next_dist_compiled_react-dom_1e674e59._.js:6708:24)
    at runWithFiberInDEV (http://localhost:3000/_next/static/chunks/node_modules_next_dist_compiled_react-dom_1e674e59._.js:965:74)
    at performUnitOfWork (http://localhost:3000/_next/static/chunks/node_modules_next_dist_compiled_react-dom_1e674e59._.js:9562:97)
    at workLoopConcurrentByScheduler (http://localhost:3000/_next/static/chunks/node_modules_next_dist_compiled_react-dom_1e674e59._.js:9558:58)
    at renderRootConcurrent (http://localhost:3000/_next/static/chunks/node_modules_next_dist_compiled_react-dom_1e674e59._.js:9541:71)
    at performWorkOnRoot (http://localhost:3000/_next/static/chunks/node_modules_next_dist_compiled_react-dom_1e674e59._.js:9068:150)
    at performWorkOnRootViaSchedulerTask (http://localhost:3000/_next/static/chunks/node_modules_next_dist_compiled_react-dom_1e674e59._.js:10230:9)
    at MessagePort.performWorkUntilDeadline (http://localhost:3000/_next/static/chunks/node_modules_next_dist_compiled_a0e4c7b4._.js:2647:64) @ http://localhost:3000/_next/static/chunks/node_modules_next_dist_f3530cac._.js:3127
[27425633ms] [ERROR] IntlError: MISSING_MESSAGE: Could not resolve `Nav.myPerformance` in messages for locale `en`.
    at getFallbackFromErrorAndNotify (http://localhost:3000/_next/static/chunks/node_modules_5faecd26._.js:4921:23)
    at translateBaseFn (http://localhost:3000/_next/static/chunks/node_modules_5faecd26._.js:4951:28)
    at translateFn (http://localhost:3000/_next/static/chunks/node_modules_5faecd26._.js:4979:24)
    at http://localhost:3000/_next/static/chunks/src_5b367b92._.js:1155:63
    at Array.map (<anonymous>)
    at http://localhost:3000/_next/static/chunks/src_5b367b92._.js:1152:64
    at Array.map (<anonymous>)
    at Sidebar (http://localhost:3000/_next/static/chunks/src_5b367b92._.js:1136:166)
    at Object.react_stack_bottom_frame (http://localhost:3000/_next/static/chunks/node_modules_next_dist_compiled_react-dom_1e674e59._.js:14826:24)
    at renderWithHooksAgain (http://localhost:3000/_next/static/chunks/node_modules_next_dist_compiled_react-dom_1e674e59._.js:4706:24)
    at renderWithHooks (http://localhost:3000/_next/static/chunks/node_modules_next_dist_compiled_react-dom_1e674e59._.js:4657:28)
    at updateFunctionComponent (http://localhost:3000/_next/static/chunks/node_modules_next_dist_compiled_react-dom_1e674e59._.js:6112:21)
    at beginWork (http://localhost:3000/_next/static/chunks/node_modules_next_dist_compiled_react-dom_1e674e59._.js:6708:24)
    at runWithFiberInDEV (http://localhost:3000/_next/static/chunks/node_modules_next_dist_compiled_react-dom_1e674e59._.js:965:74)
    at performUnitOfWork (http://localhost:3000/_next/static/chunks/node_modules_next_dist_compiled_react-dom_1e674e59._.js:9562:97)
    at workLoopConcurrentByScheduler (http://localhost:3000/_next/static/chunks/node_modules_next_dist_compiled_react-dom_1e674e59._.js:9558:58)
    at renderRootConcurrent (http://localhost:3000/_next/static/chunks/node_modules_next_dist_compiled_react-dom_1e674e59._.js:9541:71)
    at performWorkOnRoot (http://localhost:3000/_next/static/chunks/node_modules_next_dist_compiled_react-dom_1e674e59._.js:9068:150)
    at performWorkOnRootViaSchedulerTask (http://localhost:3000/_next/static/chunks/node_modules_next_dist_compiled_react-dom_1e674e59._.js:10230:9)
    at MessagePort.performWorkUntilDeadline (http://localhost:3000/_next/static/chunks/node_modules_next_dist_compiled_a0e4c7b4._.js:2647:64) @ http://localhost:3000/_next/static/chunks/node_modules_next_dist_f3530cac._.js:3127
[27425639ms] [ERROR] IntlError: MISSING_MESSAGE: Could not resolve `Nav.myPerformance` in messages for locale `en`.
    at getFallbackFromErrorAndNotify (http://localhost:3000/_next/static/chunks/node_modules_5faecd26._.js:4921:23)
    at translateBaseFn (http://localhost:3000/_next/static/chunks/node_modules_5faecd26._.js:4951:28)
    at translateFn (http://localhost:3000/_next/static/chunks/node_modules_5faecd26._.js:4979:24)
    at CommandPaletteProvider.useMemo[allCommands] (http://localhost:3000/_next/static/chunks/src_5b367b92._.js:3053:32)
    at mountMemo (http://localhost:3000/_next/static/chunks/node_modules_next_dist_compiled_react-dom_1e674e59._.js:5424:25)
    at Object.useMemo (http://localhost:3000/_next/static/chunks/node_modules_next_dist_compiled_react-dom_1e674e59._.js:15003:24)
    at exports.useMemo (http://localhost:3000/_next/static/chunks/node_modules_next_dist_compiled_a0e4c7b4._.js:1742:36)
    at CommandPaletteProvider (http://localhost:3000/_next/static/chunks/src_5b367b92._.js:3033:193)
    at Object.react_stack_bottom_frame (http://localhost:3000/_next/static/chunks/node_modules_next_dist_compiled_react-dom_1e674e59._.js:14826:24)
    at renderWithHooks (http://localhost:3000/_next/static/chunks/node_modules_next_dist_compiled_react-dom_1e674e59._.js:4651:24)
    at updateFunctionComponent (http://localhost:3000/_next/static/chunks/node_modules_next_dist_compiled_react-dom_1e674e59._.js:6112:21)
    at beginWork (http://localhost:3000/_next/static/chunks/node_modules_next_dist_compiled_react-dom_1e674e59._.js:6687:639)
    at runWithFiberInDEV (http://localhost:3000/_next/static/chunks/node_modules_next_dist_compiled_react-dom_1e674e59._.js:965:74)
    at performUnitOfWork (http://localhost:3000/_next/static/chunks/node_modules_next_dist_compiled_react-dom_1e674e59._.js:9562:97)
    at workLoopConcurrentByScheduler (http://localhost:3000/_next/static/chunks/node_modules_next_dist_compiled_react-dom_1e674e59._.js:9558:58)
    at renderRootConcurrent (http://localhost:3000/_next/static/chunks/node_modules_next_dist_compiled_react-dom_1e674e59._.js:9541:71)
    at performWorkOnRoot (http://localhost:3000/_next/static/chunks/node_modules_next_dist_compiled_react-dom_1e674e59._.js:9068:150)
    at performWorkOnRootViaSchedulerTask (http://localhost:3000/_next/static/chunks/node_modules_next_dist_compiled_react-dom_1e674e59._.js:10230:9)
    at MessagePort.performWorkUntilDeadline (http://localhost:3000/_next/static/chunks/node_modules_next_dist_compiled_a0e4c7b4._.js:2647:64) @ http://localhost:3000/_next/static/chunks/node_modules_next_dist_f3530cac._.js:3127
[27425640ms] [ERROR] IntlError: MISSING_MESSAGE: Could not resolve `Nav.myPerformance` in messages for locale `en`.
    at getFallbackFromErrorAndNotify (http://localhost:3000/_next/static/chunks/node_modules_5faecd26._.js:4921:23)
    at translateBaseFn (http://localhost:3000/_next/static/chunks/node_modules_5faecd26._.js:4951:28)
    at translateFn (http://localhost:3000/_next/static/chunks/node_modules_5faecd26._.js:4979:24)
    at CommandPaletteProvider.useMemo[allCommands] (http://localhost:3000/_next/static/chunks/src_5b367b92._.js:3053:32)
    at mountMemo (http://localhost:3000/_next/static/chunks/node_modules_next_dist_compiled_react-dom_1e674e59._.js:5428:17)
    at Object.useMemo (http://localhost:3000/_next/static/chunks/node_modules_next_dist_compiled_react-dom_1e674e59._.js:15003:24)
    at exports.useMemo (http://localhost:3000/_next/static/chunks/node_modules_next_dist_compiled_a0e4c7b4._.js:1742:36)
    at CommandPaletteProvider (http://localhost:3000/_next/static/chunks/src_5b367b92._.js:3033:193)
    at Object.react_stack_bottom_frame (http://localhost:3000/_next/static/chunks/node_modules_next_dist_compiled_react-dom_1e674e59._.js:14826:24)
    at renderWithHooks (http://localhost:3000/_next/static/chunks/node_modules_next_dist_compiled_react-dom_1e674e59._.js:4651:24)
    at updateFunctionComponent (http://localhost:3000/_next/static/chunks/node_modules_next_dist_compiled_react-dom_1e674e59._.js:6112:21)
    at beginWork (http://localhost:3000/_next/static/chunks/node_modules_next_dist_compiled_react-dom_1e674e59._.js:6687:639)
    at runWithFiberInDEV (http://localhost:3000/_next/static/chunks/node_modules_next_dist_compiled_react-dom_1e674e59._.js:965:74)
    at performUnitOfWork (http://localhost:3000/_next/static/chunks/node_modules_next_dist_compiled_react-dom_1e674e59._.js:9562:97)
    at workLoopConcurrentByScheduler (http://localhost:3000/_next/static/chunks/node_modules_next_dist_compiled_react-dom_1e674e59._.js:9558:58)
    at renderRootConcurrent (http://localhost:3000/_next/static/chunks/node_modules_next_dist_compiled_react-dom_1e674e59._.js:9541:71)
    at performWorkOnRoot (http://localhost:3000/_next/static/chunks/node_modules_next_dist_compiled_react-dom_1e674e59._.js:9068:150)
    at performWorkOnRootViaSchedulerTask (http://localhost:3000/_next/static/chunks/node_modules_next_dist_compiled_react-dom_1e674e59._.js:10230:9)
    at MessagePort.performWorkUntilDeadline (http://localhost:3000/_next/static/chunks/node_modules_next_dist_compiled_a0e4c7b4._.js:2647:64) @ http://localhost:3000/_next/static/chunks/node_modules_next_dist_f3530cac._.js:3127
[27425640ms] [ERROR] IntlError: MISSING_MESSAGE: Could not resolve `Nav.myPerformance` in messages for locale `en`.
    at getFallbackFromErrorAndNotify (http://localhost:3000/_next/static/chunks/node_modules_5faecd26._.js:4921:23)
    at translateBaseFn (http://localhost:3000/_next/static/chunks/node_modules_5faecd26._.js:4951:28)
    at translateFn (http://localhost:3000/_next/static/chunks/node_modules_5faecd26._.js:4979:24)
    at http://localhost:3000/_next/static/chunks/src_5b367b92._.js:1155:63
    at Array.map (<anonymous>)
    at http://localhost:3000/_next/static/chunks/src_5b367b92._.js:1152:64
    at Array.map (<anonymous>)
    at Sidebar (http://localhost:3000/_next/static/chunks/src_5b367b92._.js:1136:166)
    at Object.react_stack_bottom_frame (http://localhost:3000/_next/static/chunks/node_modules_next_dist_compiled_react-dom_1e674e59._.js:14826:24)
    at renderWithHooks (http://localhost:3000/_next/static/chunks/node_modules_next_dist_compiled_react-dom_1e674e59._.js:4651:24)
    at updateFunctionComponent (http://localhost:3000/_next/static/chunks/node_modules_next_dist_compiled_react-dom_1e674e59._.js:6112:21)
    at beginWork (http://localhost:3000/_next/static/chunks/node_modules_next_dist_compiled_react-dom_1e674e59._.js:6708:24)
    at runWithFiberInDEV (http://localhost:3000/_next/static/chunks/node_modules_next_dist_compiled_react-dom_1e674e59._.js:965:74)
    at performUnitOfWork (http://localhost:3000/_next/static/chunks/node_modules_next_dist_compiled_react-dom_1e674e59._.js:9562:97)
    at workLoopConcurrentByScheduler (http://localhost:3000/_next/static/chunks/node_modules_next_dist_compiled_react-dom_1e674e59._.js:9558:58)
    at renderRootConcurrent (http://localhost:3000/_next/static/chunks/node_modules_next_dist_compiled_react-dom_1e674e59._.js:9541:71)
    at performWorkOnRoot (http://localhost:3000/_next/static/chunks/node_modules_next_dist_compiled_react-dom_1e674e59._.js:9068:150)
    at performWorkOnRootViaSchedulerTask (http://localhost:3000/_next/static/chunks/node_modules_next_dist_compiled_react-dom_1e674e59._.js:10230:9)
    at MessagePort.performWorkUntilDeadline (http://localhost:3000/_next/static/chunks/node_modules_next_dist_compiled_a0e4c7b4._.js:2647:64) @ http://localhost:3000/_next/static/chunks/node_modules_next_dist_f3530cac._.js:3127
[27425641ms] [ERROR] IntlError: MISSING_MESSAGE: Could not resolve `Nav.myPerformance` in messages for locale `en`.
    at getFallbackFromErrorAndNotify (http://localhost:3000/_next/static/chunks/node_modules_5faecd26._.js:4921:23)
    at translateBaseFn (http://localhost:3000/_next/static/chunks/node_modules_5faecd26._.js:4951:28)
    at translateFn (http://localhost:3000/_next/static/chunks/node_modules_5faecd26._.js:4979:24)
    at http://localhost:3000/_next/static/chunks/src_5b367b92._.js:1155:63
    at Array.map (<anonymous>)
    at http://localhost:3000/_next/static/chunks/src_5b367b92._.js:1152:64
    at Array.map (<anonymous>)
    at Sidebar (http://localhost:3000/_next/static/chunks/src_5b367b92._.js:1136:166)
    at Object.react_stack_bottom_frame (http://localhost:3000/_next/static/chunks/node_modules_next_dist_compiled_react-dom_1e674e59._.js:14826:24)
    at renderWithHooksAgain (http://localhost:3000/_next/static/chunks/node_modules_next_dist_compiled_react-dom_1e674e59._.js:4706:24)
    at renderWithHooks (http://localhost:3000/_next/static/chunks/node_modules_next_dist_compiled_react-dom_1e674e59._.js:4657:28)
    at updateFunctionComponent (http://localhost:3000/_next/static/chunks/node_modules_next_dist_compiled_react-dom_1e674e59._.js:6112:21)
    at beginWork (http://localhost:3000/_next/static/chunks/node_modules_next_dist_compiled_react-dom_1e674e59._.js:6708:24)
    at runWithFiberInDEV (http://localhost:3000/_next/static/chunks/node_modules_next_dist_compiled_react-dom_1e674e59._.js:965:74)
    at performUnitOfWork (http://localhost:3000/_next/static/chunks/node_modules_next_dist_compiled_react-dom_1e674e59._.js:9562:97)
    at workLoopConcurrentByScheduler (http://localhost:3000/_next/static/chunks/node_modules_next_dist_compiled_react-dom_1e674e59._.js:9558:58)
    at renderRootConcurrent (http://localhost:3000/_next/static/chunks/node_modules_next_dist_compiled_react-dom_1e674e59._.js:9541:71)
    at performWorkOnRoot (http://localhost:3000/_next/static/chunks/node_modules_next_dist_compiled_react-dom_1e674e59._.js:9068:150)
    at performWorkOnRootViaSchedulerTask (http://localhost:3000/_next/static/chunks/node_modules_next_dist_compiled_react-dom_1e674e59._.js:10230:9)
    at MessagePort.performWorkUntilDeadline (http://localhost:3000/_next/static/chunks/node_modules_next_dist_compiled_a0e4c7b4._.js:2647:64) @ http://localhost:3000/_next/static/chunks/node_modules_next_dist_f3530cac._.js:3127
[27425650ms] [ERROR] IntlError: MISSING_MESSAGE: Could not resolve `Nav.myPerformance` in messages for locale `en`.
    at getFallbackFromErrorAndNotify (http://localhost:3000/_next/static/chunks/node_modules_5faecd26._.js:4921:23)
    at translateBaseFn (http://localhost:3000/_next/static/chunks/node_modules_5faecd26._.js:4951:28)
    at translateFn (http://localhost:3000/_next/static/chunks/node_modules_5faecd26._.js:4979:24)
    at CommandPaletteProvider.useMemo[allCommands] (http://localhost:3000/_next/static/chunks/src_5b367b92._.js:3053:32)
    at mountMemo (http://localhost:3000/_next/static/chunks/node_modules_next_dist_compiled_react-dom_1e674e59._.js:5424:25)
    at Object.useMemo (http://localhost:3000/_next/static/chunks/node_modules_next_dist_compiled_react-dom_1e674e59._.js:15003:24)
    at exports.useMemo (http://localhost:3000/_next/static/chunks/node_modules_next_dist_compiled_a0e4c7b4._.js:1742:36)
    at CommandPaletteProvider (http://localhost:3000/_next/static/chunks/src_5b367b92._.js:3033:193)
    at Object.react_stack_bottom_frame (http://localhost:3000/_next/static/chunks/node_modules_next_dist_compiled_react-dom_1e674e59._.js:14826:24)
    at renderWithHooks (http://localhost:3000/_next/static/chunks/node_modules_next_dist_compiled_react-dom_1e674e59._.js:4651:24)
    at updateFunctionComponent (http://localhost:3000/_next/static/chunks/node_modules_next_dist_compiled_react-dom_1e674e59._.js:6112:21)
    at beginWork (http://localhost:3000/_next/static/chunks/node_modules_next_dist_compiled_react-dom_1e674e59._.js:6687:639)
    at runWithFiberInDEV (http://localhost:3000/_next/static/chunks/node_modules_next_dist_compiled_react-dom_1e674e59._.js:965:74)
    at performUnitOfWork (http://localhost:3000/_next/static/chunks/node_modules_next_dist_compiled_react-dom_1e674e59._.js:9562:97)
    at workLoopConcurrentByScheduler (http://localhost:3000/_next/static/chunks/node_modules_next_dist_compiled_react-dom_1e674e59._.js:9558:58)
    at renderRootConcurrent (http://localhost:3000/_next/static/chunks/node_modules_next_dist_compiled_react-dom_1e674e59._.js:9541:71)
    at performWorkOnRoot (http://localhost:3000/_next/static/chunks/node_modules_next_dist_compiled_react-dom_1e674e59._.js:9068:150)
    at performWorkOnRootViaSchedulerTask (http://localhost:3000/_next/static/chunks/node_modules_next_dist_compiled_react-dom_1e674e59._.js:10230:9)
    at MessagePort.performWorkUntilDeadline (http://localhost:3000/_next/static/chunks/node_modules_next_dist_compiled_a0e4c7b4._.js:2647:64) @ http://localhost:3000/_next/static/chunks/node_modules_next_dist_f3530cac._.js:3127
[27425650ms] [ERROR] IntlError: MISSING_MESSAGE: Could not resolve `Nav.myPerformance` in messages for locale `en`.
    at getFallbackFromErrorAndNotify (http://localhost:3000/_next/static/chunks/node_modules_5faecd26._.js:4921:23)
    at translateBaseFn (http://localhost:3000/_next/static/chunks/node_modules_5faecd26._.js:4951:28)
    at translateFn (http://localhost:3000/_next/static/chunks/node_modules_5faecd26._.js:4979:24)
    at CommandPaletteProvider.useMemo[allCommands] (http://localhost:3000/_next/static/chunks/src_5b367b92._.js:3053:32)
    at mountMemo (http://localhost:3000/_next/static/chunks/node_modules_next_dist_compiled_react-dom_1e674e59._.js:5428:17)
    at Object.useMemo (http://localhost:3000/_next/static/chunks/node_modules_next_dist_compiled_react-dom_1e674e59._.js:15003:24)
    at exports.useMemo (http://localhost:3000/_next/static/chunks/node_modules_next_dist_compiled_a0e4c7b4._.js:1742:36)
    at CommandPaletteProvider (http://localhost:3000/_next/static/chunks/src_5b367b92._.js:3033:193)
    at Object.react_stack_bottom_frame (http://localhost:3000/_next/static/chunks/node_modules_next_dist_compiled_react-dom_1e674e59._.js:14826:24)
    at renderWithHooks (http://localhost:3000/_next/static/chunks/node_modules_next_dist_compiled_react-dom_1e674e59._.js:4651:24)
    at updateFunctionComponent (http://localhost:3000/_next/static/chunks/node_modules_next_dist_compiled_react-dom_1e674e59._.js:6112:21)
    at beginWork (http://localhost:3000/_next/static/chunks/node_modules_next_dist_compiled_react-dom_1e674e59._.js:6687:639)
    at runWithFiberInDEV (http://localhost:3000/_next/static/chunks/node_modules_next_dist_compiled_react-dom_1e674e59._.js:965:74)
    at performUnitOfWork (http://localhost:3000/_next/static/chunks/node_modules_next_dist_compiled_react-dom_1e674e59._.js:9562:97)
    at workLoopConcurrentByScheduler (http://localhost:3000/_next/static/chunks/node_modules_next_dist_compiled_react-dom_1e674e59._.js:9558:58)
    at renderRootConcurrent (http://localhost:3000/_next/static/chunks/node_modules_next_dist_compiled_react-dom_1e674e59._.js:9541:71)
    at performWorkOnRoot (http://localhost:3000/_next/static/chunks/node_modules_next_dist_compiled_react-dom_1e674e59._.js:9068:150)
    at performWorkOnRootViaSchedulerTask (http://localhost:3000/_next/static/chunks/node_modules_next_dist_compiled_react-dom_1e674e59._.js:10230:9)
    at MessagePort.performWorkUntilDeadline (http://localhost:3000/_next/static/chunks/node_modules_next_dist_compiled_a0e4c7b4._.js:2647:64) @ http://localhost:3000/_next/static/chunks/node_modules_next_dist_f3530cac._.js:3127
[27425651ms] [ERROR] IntlError: MISSING_MESSAGE: Could not resolve `Nav.myPerformance` in messages for locale `en`.
    at getFallbackFromErrorAndNotify (http://localhost:3000/_next/static/chunks/node_modules_5faecd26._.js:4921:23)
    at translateBaseFn (http://localhost:3000/_next/static/chunks/node_modules_5faecd26._.js:4951:28)
    at translateFn (http://localhost:3000/_next/static/chunks/node_modules_5faecd26._.js:4979:24)
    at http://localhost:3000/_next/static/chunks/src_5b367b92._.js:1155:63
    at Array.map (<anonymous>)
    at http://localhost:3000/_next/static/chunks/src_5b367b92._.js:1152:64
    at Array.map (<anonymous>)
    at Sidebar (http://localhost:3000/_next/static/chunks/src_5b367b92._.js:1136:166)
    at Object.react_stack_bottom_frame (http://localhost:3000/_next/static/chunks/node_modules_next_dist_compiled_react-dom_1e674e59._.js:14826:24)
    at renderWithHooks (http://localhost:3000/_next/static/chunks/node_modules_next_dist_compiled_react-dom_1e674e59._.js:4651:24)
    at updateFunctionComponent (http://localhost:3000/_next/static/chunks/node_modules_next_dist_compiled_react-dom_1e674e59._.js:6112:21)
    at beginWork (http://localhost:3000/_next/static/chunks/node_modules_next_dist_compiled_react-dom_1e674e59._.js:6708:24)
    at runWithFiberInDEV (http://localhost:3000/_next/static/chunks/node_modules_next_dist_compiled_react-dom_1e674e59._.js:965:74)
    at performUnitOfWork (http://localhost:3000/_next/static/chunks/node_modules_next_dist_compiled_react-dom_1e674e59._.js:9562:97)
    at workLoopConcurrentByScheduler (http://localhost:3000/_next/static/chunks/node_modules_next_dist_compiled_react-dom_1e674e59._.js:9558:58)
    at renderRootConcurrent (http://localhost:3000/_next/static/chunks/node_modules_next_dist_compiled_react-dom_1e674e59._.js:9541:71)
    at performWorkOnRoot (http://localhost:3000/_next/static/chunks/node_modules_next_dist_compiled_react-dom_1e674e59._.js:9068:150)
    at performWorkOnRootViaSchedulerTask (http://localhost:3000/_next/static/chunks/node_modules_next_dist_compiled_react-dom_1e674e59._.js:10230:9)
    at MessagePort.performWorkUntilDeadline (http://localhost:3000/_next/static/chunks/node_modules_next_dist_compiled_a0e4c7b4._.js:2647:64) @ http://localhost:3000/_next/static/chunks/node_modules_next_dist_f3530cac._.js:3127
[27425652ms] [ERROR] IntlError: MISSING_MESSAGE: Could not resolve `Nav.myPerformance` in messages for locale `en`.
    at getFallbackFromErrorAndNotify (http://localhost:3000/_next/static/chunks/node_modules_5faecd26._.js:4921:23)
    at translateBaseFn (http://localhost:3000/_next/static/chunks/node_modules_5faecd26._.js:4951:28)
    at translateFn (http://localhost:3000/_next/static/chunks/node_modules_5faecd26._.js:4979:24)
    at http://localhost:3000/_next/static/chunks/src_5b367b92._.js:1155:63
    at Array.map (<anonymous>)
    at http://localhost:3000/_next/static/chunks/src_5b367b92._.js:1152:64
    at Array.map (<anonymous>)
    at Sidebar (http://localhost:3000/_next/static/chunks/src_5b367b92._.js:1136:166)
    at Object.react_stack_bottom_frame (http://localhost:3000/_next/static/chunks/node_modules_next_dist_compiled_react-dom_1e674e59._.js:14826:24)
    at renderWithHooksAgain (http://localhost:3000/_next/static/chunks/node_modules_next_dist_compiled_react-dom_1e674e59._.js:4706:24)
    at renderWithHooks (http://localhost:3000/_next/static/chunks/node_modules_next_dist_compiled_react-dom_1e674e59._.js:4657:28)
    at updateFunctionComponent (http://localhost:3000/_next/static/chunks/node_modules_next_dist_compiled_react-dom_1e674e59._.js:6112:21)
    at beginWork (http://localhost:3000/_next/static/chunks/node_modules_next_dist_compiled_react-dom_1e674e59._.js:6708:24)
    at runWithFiberInDEV (http://localhost:3000/_next/static/chunks/node_modules_next_dist_compiled_react-dom_1e674e59._.js:965:74)
    at performUnitOfWork (http://localhost:3000/_next/static/chunks/node_modules_next_dist_compiled_react-dom_1e674e59._.js:9562:97)
    at workLoopConcurrentByScheduler (http://localhost:3000/_next/static/chunks/node_modules_next_dist_compiled_react-dom_1e674e59._.js:9558:58)
    at renderRootConcurrent (http://localhost:3000/_next/static/chunks/node_modules_next_dist_compiled_react-dom_1e674e59._.js:9541:71)
    at performWorkOnRoot (http://localhost:3000/_next/static/chunks/node_modules_next_dist_compiled_react-dom_1e674e59._.js:9068:150)
    at performWorkOnRootViaSchedulerTask (http://localhost:3000/_next/static/chunks/node_modules_next_dist_compiled_react-dom_1e674e59._.js:10230:9)
    at MessagePort.performWorkUntilDeadline (http://localhost:3000/_next/static/chunks/node_modules_next_dist_compiled_a0e4c7b4._.js:2647:64) @ http://localhost:3000/_next/static/chunks/node_modules_next_dist_f3530cac._.js:3127
[27425658ms] [ERROR] IntlError: MISSING_MESSAGE: Could not resolve `Nav.myPerformance` in messages for locale `en`.
    at getFallbackFromErrorAndNotify (http://localhost:3000/_next/static/chunks/node_modules_5faecd26._.js:4921:23)
    at translateBaseFn (http://localhost:3000/_next/static/chunks/node_modules_5faecd26._.js:4951:28)
    at translateFn (http://localhost:3000/_next/static/chunks/node_modules_5faecd26._.js:4979:24)
    at CommandPaletteProvider.useMemo[allCommands] (http://localhost:3000/_next/static/chunks/src_5b367b92._.js:3053:32)
    at mountMemo (http://localhost:3000/_next/static/chunks/node_modules_next_dist_compiled_react-dom_1e674e59._.js:5424:25)
    at Object.useMemo (http://localhost:3000/_next/static/chunks/node_modules_next_dist_compiled_react-dom_1e674e59._.js:15003:24)
    at exports.useMemo (http://localhost:3000/_next/static/chunks/node_modules_next_dist_compiled_a0e4c7b4._.js:1742:36)
    at CommandPaletteProvider (http://localhost:3000/_next/static/chunks/src_5b367b92._.js:3033:193)
    at Object.react_stack_bottom_frame (http://localhost:3000/_next/static/chunks/node_modules_next_dist_compiled_react-dom_1e674e59._.js:14826:24)
    at renderWithHooks (http://localhost:3000/_next/static/chunks/node_modules_next_dist_compiled_react-dom_1e674e59._.js:4651:24)
    at updateFunctionComponent (http://localhost:3000/_next/static/chunks/node_modules_next_dist_compiled_react-dom_1e674e59._.js:6112:21)
    at beginWork (http://localhost:3000/_next/static/chunks/node_modules_next_dist_compiled_react-dom_1e674e59._.js:6687:639)
    at runWithFiberInDEV (http://localhost:3000/_next/static/chunks/node_modules_next_dist_compiled_react-dom_1e674e59._.js:965:74)
    at performUnitOfWork (http://localhost:3000/_next/static/chunks/node_modules_next_dist_compiled_react-dom_1e674e59._.js:9562:97)
    at workLoopConcurrentByScheduler (http://localhost:3000/_next/static/chunks/node_modules_next_dist_compiled_react-dom_1e674e59._.js:9558:58)
    at renderRootConcurrent (http://localhost:3000/_next/static/chunks/node_modules_next_dist_compiled_react-dom_1e674e59._.js:9541:71)
    at performWorkOnRoot (http://localhost:3000/_next/static/chunks/node_modules_next_dist_compiled_react-dom_1e674e59._.js:9068:150)
    at performWorkOnRootViaSchedulerTask (http://localhost:3000/_next/static/chunks/node_modules_next_dist_compiled_react-dom_1e674e59._.js:10230:9)
    at MessagePort.performWorkUntilDeadline (http://localhost:3000/_next/static/chunks/node_modules_next_dist_compiled_a0e4c7b4._.js:2647:64) @ http://localhost:3000/_next/static/chunks/node_modules_next_dist_f3530cac._.js:3127
[27425658ms] [ERROR] IntlError: MISSING_MESSAGE: Could not resolve `Nav.myPerformance` in messages for locale `en`.
    at getFallbackFromErrorAndNotify (http://localhost:3000/_next/static/chunks/node_modules_5faecd26._.js:4921:23)
    at translateBaseFn (http://localhost:3000/_next/static/chunks/node_modules_5faecd26._.js:4951:28)
    at translateFn (http://localhost:3000/_next/static/chunks/node_modules_5faecd26._.js:4979:24)
    at CommandPaletteProvider.useMemo[allCommands] (http://localhost:3000/_next/static/chunks/src_5b367b92._.js:3053:32)
    at mountMemo (http://localhost:3000/_next/static/chunks/node_modules_next_dist_compiled_react-dom_1e674e59._.js:5428:17)
    at Object.useMemo (http://localhost:3000/_next/static/chunks/node_modules_next_dist_compiled_react-dom_1e674e59._.js:15003:24)
    at exports.useMemo (http://localhost:3000/_next/static/chunks/node_modules_next_dist_compiled_a0e4c7b4._.js:1742:36)
    at CommandPaletteProvider (http://localhost:3000/_next/static/chunks/src_5b367b92._.js:3033:193)
    at Object.react_stack_bottom_frame (http://localhost:3000/_next/static/chunks/node_modules_next_dist_compiled_react-dom_1e674e59._.js:14826:24)
    at renderWithHooks (http://localhost:3000/_next/static/chunks/node_modules_next_dist_compiled_react-dom_1e674e59._.js:4651:24)
    at updateFunctionComponent (http://localhost:3000/_next/static/chunks/node_modules_next_dist_compiled_react-dom_1e674e59._.js:6112:21)
    at beginWork (http://localhost:3000/_next/static/chunks/node_modules_next_dist_compiled_react-dom_1e674e59._.js:6687:639)
    at runWithFiberInDEV (http://localhost:3000/_next/static/chunks/node_modules_next_dist_compiled_react-dom_1e674e59._.js:965:74)
    at performUnitOfWork (http://localhost:3000/_next/static/chunks/node_modules_next_dist_compiled_react-dom_1e674e59._.js:9562:97)
    at workLoopConcurrentByScheduler (http://localhost:3000/_next/static/chunks/node_modules_next_dist_compiled_react-dom_1e674e59._.js:9558:58)
    at renderRootConcurrent (http://localhost:3000/_next/static/chunks/node_modules_next_dist_compiled_react-dom_1e674e59._.js:9541:71)
    at performWorkOnRoot (http://localhost:3000/_next/static/chunks/node_modules_next_dist_compiled_react-dom_1e674e59._.js:9068:150)
    at performWorkOnRootViaSchedulerTask (http://localhost:3000/_next/static/chunks/node_modules_next_dist_compiled_react-dom_1e674e59._.js:10230:9)
    at MessagePort.performWorkUntilDeadline (http://localhost:3000/_next/static/chunks/node_modules_next_dist_compiled_a0e4c7b4._.js:2647:64) @ http://localhost:3000/_next/static/chunks/node_modules_next_dist_f3530cac._.js:3127
[27425660ms] [ERROR] IntlError: MISSING_MESSAGE: Could not resolve `Nav.myPerformance` in messages for locale `en`.
    at getFallbackFromErrorAndNotify (http://localhost:3000/_next/static/chunks/node_modules_5faecd26._.js:4921:23)
    at translateBaseFn (http://localhost:3000/_next/static/chunks/node_modules_5faecd26._.js:4951:28)
    at translateFn (http://localhost:3000/_next/static/chunks/node_modules_5faecd26._.js:4979:24)
    at http://localhost:3000/_next/static/chunks/src_5b367b92._.js:1155:63
    at Array.map (<anonymous>)
    at http://localhost:3000/_next/static/chunks/src_5b367b92._.js:1152:64
    at Array.map (<anonymous>)
    at Sidebar (http://localhost:3000/_next/static/chunks/src_5b367b92._.js:1136:166)
    at Object.react_stack_bottom_frame (http://localhost:3000/_next/static/chunks/node_modules_next_dist_compiled_react-dom_1e674e59._.js:14826:24)
    at renderWithHooks (http://localhost:3000/_next/static/chunks/node_modules_next_dist_compiled_react-dom_1e674e59._.js:4651:24)
    at updateFunctionComponent (http://localhost:3000/_next/static/chunks/node_modules_next_dist_compiled_react-dom_1e674e59._.js:6112:21)
    at beginWork (http://localhost:3000/_next/static/chunks/node_modules_next_dist_compiled_react-dom_1e674e59._.js:6708:24)
    at runWithFiberInDEV (http://localhost:3000/_next/static/chunks/node_modules_next_dist_compiled_react-dom_1e674e59._.js:965:74)
    at performUnitOfWork (http://localhost:3000/_next/static/chunks/node_modules_next_dist_compiled_react-dom_1e674e59._.js:9562:97)
    at workLoopConcurrentByScheduler (http://localhost:3000/_next/static/chunks/node_modules_next_dist_compiled_react-dom_1e674e59._.js:9558:58)
    at renderRootConcurrent (http://localhost:3000/_next/static/chunks/node_modules_next_dist_compiled_react-dom_1e674e59._.js:9541:71)
    at performWorkOnRoot (http://localhost:3000/_next/static/chunks/node_modules_next_dist_compiled_react-dom_1e674e59._.js:9068:150)
    at performWorkOnRootViaSchedulerTask (http://localhost:3000/_next/static/chunks/node_modules_next_dist_compiled_react-dom_1e674e59._.js:10230:9)
    at MessagePort.performWorkUntilDeadline (http://localhost:3000/_next/static/chunks/node_modules_next_dist_compiled_a0e4c7b4._.js:2647:64) @ http://localhost:3000/_next/static/chunks/node_modules_next_dist_f3530cac._.js:3127
[27425660ms] [ERROR] IntlError: MISSING_MESSAGE: Could not resolve `Nav.myPerformance` in messages for locale `en`.
    at getFallbackFromErrorAndNotify (http://localhost:3000/_next/static/chunks/node_modules_5faecd26._.js:4921:23)
    at translateBaseFn (http://localhost:3000/_next/static/chunks/node_modules_5faecd26._.js:4951:28)
    at translateFn (http://localhost:3000/_next/static/chunks/node_modules_5faecd26._.js:4979:24)
    at http://localhost:3000/_next/static/chunks/src_5b367b92._.js:1155:63
    at Array.map (<anonymous>)
    at http://localhost:3000/_next/static/chunks/src_5b367b92._.js:1152:64
    at Array.map (<anonymous>)
    at Sidebar (http://localhost:3000/_next/static/chunks/src_5b367b92._.js:1136:166)
    at Object.react_stack_bottom_frame (http://localhost:3000/_next/static/chunks/node_modules_next_dist_compiled_react-dom_1e674e59._.js:14826:24)
    at renderWithHooksAgain (http://localhost:3000/_next/static/chunks/node_modules_next_dist_compiled_react-dom_1e674e59._.js:4706:24)
    at renderWithHooks (http://localhost:3000/_next/static/chunks/node_modules_next_dist_compiled_react-dom_1e674e59._.js:4657:28)
    at updateFunctionComponent (http://localhost:3000/_next/static/chunks/node_modules_next_dist_compiled_react-dom_1e674e59._.js:6112:21)
    at beginWork (http://localhost:3000/_next/static/chunks/node_modules_next_dist_compiled_react-dom_1e674e59._.js:6708:24)
    at runWithFiberInDEV (http://localhost:3000/_next/static/chunks/node_modules_next_dist_compiled_react-dom_1e674e59._.js:965:74)
    at performUnitOfWork (http://localhost:3000/_next/static/chunks/node_modules_next_dist_compiled_react-dom_1e674e59._.js:9562:97)
    at workLoopConcurrentByScheduler (http://localhost:3000/_next/static/chunks/node_modules_next_dist_compiled_react-dom_1e674e59._.js:9558:58)
    at renderRootConcurrent (http://localhost:3000/_next/static/chunks/node_modules_next_dist_compiled_react-dom_1e674e59._.js:9541:71)
    at performWorkOnRoot (http://localhost:3000/_next/static/chunks/node_modules_next_dist_compiled_react-dom_1e674e59._.js:9068:150)
    at performWorkOnRootViaSchedulerTask (http://localhost:3000/_next/static/chunks/node_modules_next_dist_compiled_react-dom_1e674e59._.js:10230:9)
    at MessagePort.performWorkUntilDeadline (http://localhost:3000/_next/static/chunks/node_modules_next_dist_compiled_a0e4c7b4._.js:2647:64) @ http://localhost:3000/_next/static/chunks/node_modules_next_dist_f3530cac._.js:3127
[27425665ms] [ERROR] IntlError: MISSING_MESSAGE: Could not resolve `Nav.myPerformance` in messages for locale `en`.
    at getFallbackFromErrorAndNotify (http://localhost:3000/_next/static/chunks/node_modules_5faecd26._.js:4921:23)
    at translateBaseFn (http://localhost:3000/_next/static/chunks/node_modules_5faecd26._.js:4951:28)
    at translateFn (http://localhost:3000/_next/static/chunks/node_modules_5faecd26._.js:4979:24)
    at CommandPaletteProvider.useMemo[allCommands] (http://localhost:3000/_next/static/chunks/src_5b367b92._.js:3053:32)
    at mountMemo (http://localhost:3000/_next/static/chunks/node_modules_next_dist_compiled_react-dom_1e674e59._.js:5424:25)
    at Object.useMemo (http://localhost:3000/_next/static/chunks/node_modules_next_dist_compiled_react-dom_1e674e59._.js:15003:24)
    at exports.useMemo (http://localhost:3000/_next/static/chunks/node_modules_next_dist_compiled_a0e4c7b4._.js:1742:36)
    at CommandPaletteProvider (http://localhost:3000/_next/static/chunks/src_5b367b92._.js:3033:193)
    at Object.react_stack_bottom_frame (http://localhost:3000/_next/static/chunks/node_modules_next_dist_compiled_react-dom_1e674e59._.js:14826:24)
    at renderWithHooks (http://localhost:3000/_next/static/chunks/node_modules_next_dist_compiled_react-dom_1e674e59._.js:4651:24)
    at updateFunctionComponent (http://localhost:3000/_next/static/chunks/node_modules_next_dist_compiled_react-dom_1e674e59._.js:6112:21)
    at beginWork (http://localhost:3000/_next/static/chunks/node_modules_next_dist_compiled_react-dom_1e674e59._.js:6687:639)
    at runWithFiberInDEV (http://localhost:3000/_next/static/chunks/node_modules_next_dist_compiled_react-dom_1e674e59._.js:965:74)
    at performUnitOfWork (http://localhost:3000/_next/static/chunks/node_modules_next_dist_compiled_react-dom_1e674e59._.js:9562:97)
    at workLoopConcurrentByScheduler (http://localhost:3000/_next/static/chunks/node_modules_next_dist_compiled_react-dom_1e674e59._.js:9558:58)
    at renderRootConcurrent (http://localhost:3000/_next/static/chunks/node_modules_next_dist_compiled_react-dom_1e674e59._.js:9541:71)
    at performWorkOnRoot (http://localhost:3000/_next/static/chunks/node_modules_next_dist_compiled_react-dom_1e674e59._.js:9068:150)
    at performWorkOnRootViaSchedulerTask (http://localhost:3000/_next/static/chunks/node_modules_next_dist_compiled_react-dom_1e674e59._.js:10230:9)
    at MessagePort.performWorkUntilDeadline (http://localhost:3000/_next/static/chunks/node_modules_next_dist_compiled_a0e4c7b4._.js:2647:64) @ http://localhost:3000/_next/static/chunks/node_modules_next_dist_f3530cac._.js:3127
[27425665ms] [ERROR] IntlError: MISSING_MESSAGE: Could not resolve `Nav.myPerformance` in messages for locale `en`.
    at getFallbackFromErrorAndNotify (http://localhost:3000/_next/static/chunks/node_modules_5faecd26._.js:4921:23)
    at translateBaseFn (http://localhost:3000/_next/static/chunks/node_modules_5faecd26._.js:4951:28)
    at translateFn (http://localhost:3000/_next/static/chunks/node_modules_5faecd26._.js:4979:24)
    at CommandPaletteProvider.useMemo[allCommands] (http://localhost:3000/_next/static/chunks/src_5b367b92._.js:3053:32)
    at mountMemo (http://localhost:3000/_next/static/chunks/node_modules_next_dist_compiled_react-dom_1e674e59._.js:5428:17)
    at Object.useMemo (http://localhost:3000/_next/static/chunks/node_modules_next_dist_compiled_react-dom_1e674e59._.js:15003:24)
    at exports.useMemo (http://localhost:3000/_next/static/chunks/node_modules_next_dist_compiled_a0e4c7b4._.js:1742:36)
    at CommandPaletteProvider (http://localhost:3000/_next/static/chunks/src_5b367b92._.js:3033:193)
    at Object.react_stack_bottom_frame (http://localhost:3000/_next/static/chunks/node_modules_next_dist_compiled_react-dom_1e674e59._.js:14826:24)
    at renderWithHooks (http://localhost:3000/_next/static/chunks/node_modules_next_dist_compiled_react-dom_1e674e59._.js:4651:24)
    at updateFunctionComponent (http://localhost:3000/_next/static/chunks/node_modules_next_dist_compiled_react-dom_1e674e59._.js:6112:21)
    at beginWork (http://localhost:3000/_next/static/chunks/node_modules_next_dist_compiled_react-dom_1e674e59._.js:6687:639)
    at runWithFiberInDEV (http://localhost:3000/_next/static/chunks/node_modules_next_dist_compiled_react-dom_1e674e59._.js:965:74)
    at performUnitOfWork (http://localhost:3000/_next/static/chunks/node_modules_next_dist_compiled_react-dom_1e674e59._.js:9562:97)
    at workLoopConcurrentByScheduler (http://localhost:3000/_next/static/chunks/node_modules_next_dist_compiled_react-dom_1e674e59._.js:9558:58)
    at renderRootConcurrent (http://localhost:3000/_next/static/chunks/node_modules_next_dist_compiled_react-dom_1e674e59._.js:9541:71)
    at performWorkOnRoot (http://localhost:3000/_next/static/chunks/node_modules_next_dist_compiled_react-dom_1e674e59._.js:9068:150)
    at performWorkOnRootViaSchedulerTask (http://localhost:3000/_next/static/chunks/node_modules_next_dist_compiled_react-dom_1e674e59._.js:10230:9)
    at MessagePort.performWorkUntilDeadline (http://localhost:3000/_next/static/chunks/node_modules_next_dist_compiled_a0e4c7b4._.js:2647:64) @ http://localhost:3000/_next/static/chunks/node_modules_next_dist_f3530cac._.js:3127
[27425666ms] [ERROR] IntlError: MISSING_MESSAGE: Could not resolve `Nav.myPerformance` in messages for locale `en`.
    at getFallbackFromErrorAndNotify (http://localhost:3000/_next/static/chunks/node_modules_5faecd26._.js:4921:23)
    at translateBaseFn (http://localhost:3000/_next/static/chunks/node_modules_5faecd26._.js:4951:28)
    at translateFn (http://localhost:3000/_next/static/chunks/node_modules_5faecd26._.js:4979:24)
    at http://localhost:3000/_next/static/chunks/src_5b367b92._.js:1155:63
    at Array.map (<anonymous>)
    at http://localhost:3000/_next/static/chunks/src_5b367b92._.js:1152:64
    at Array.map (<anonymous>)
    at Sidebar (http://localhost:3000/_next/static/chunks/src_5b367b92._.js:1136:166)
    at Object.react_stack_bottom_frame (http://localhost:3000/_next/static/chunks/node_modules_next_dist_compiled_react-dom_1e674e59._.js:14826:24)
    at renderWithHooks (http://localhost:3000/_next/static/chunks/node_modules_next_dist_compiled_react-dom_1e674e59._.js:4651:24)
    at updateFunctionComponent (http://localhost:3000/_next/static/chunks/node_modules_next_dist_compiled_react-dom_1e674e59._.js:6112:21)
    at beginWork (http://localhost:3000/_next/static/chunks/node_modules_next_dist_compiled_react-dom_1e674e59._.js:6708:24)
    at runWithFiberInDEV (http://localhost:3000/_next/static/chunks/node_modules_next_dist_compiled_react-dom_1e674e59._.js:965:74)
    at performUnitOfWork (http://localhost:3000/_next/static/chunks/node_modules_next_dist_compiled_react-dom_1e674e59._.js:9562:97)
    at workLoopConcurrentByScheduler (http://localhost:3000/_next/static/chunks/node_modules_next_dist_compiled_react-dom_1e674e59._.js:9558:58)
    at renderRootConcurrent (http://localhost:3000/_next/static/chunks/node_modules_next_dist_compiled_react-dom_1e674e59._.js:9541:71)
    at performWorkOnRoot (http://localhost:3000/_next/static/chunks/node_modules_next_dist_compiled_react-dom_1e674e59._.js:9068:150)
    at performWorkOnRootViaSchedulerTask (http://localhost:3000/_next/static/chunks/node_modules_next_dist_compiled_react-dom_1e674e59._.js:10230:9)
    at MessagePort.performWorkUntilDeadline (http://localhost:3000/_next/static/chunks/node_modules_next_dist_compiled_a0e4c7b4._.js:2647:64) @ http://localhost:3000/_next/static/chunks/node_modules_next_dist_f3530cac._.js:3127
[27425666ms] [ERROR] IntlError: MISSING_MESSAGE: Could not resolve `Nav.myPerformance` in messages for locale `en`.
    at getFallbackFromErrorAndNotify (http://localhost:3000/_next/static/chunks/node_modules_5faecd26._.js:4921:23)
    at translateBaseFn (http://localhost:3000/_next/static/chunks/node_modules_5faecd26._.js:4951:28)
    at translateFn (http://localhost:3000/_next/static/chunks/node_modules_5faecd26._.js:4979:24)
    at http://localhost:3000/_next/static/chunks/src_5b367b92._.js:1155:63
    at Array.map (<anonymous>)
    at http://localhost:3000/_next/static/chunks/src_5b367b92._.js:1152:64
    at Array.map (<anonymous>)
    at Sidebar (http://localhost:3000/_next/static/chunks/src_5b367b92._.js:1136:166)
    at Object.react_stack_bottom_frame (http://localhost:3000/_next/static/chunks/node_modules_next_dist_compiled_react-dom_1e674e59._.js:14826:24)
    at renderWithHooksAgain (http://localhost:3000/_next/static/chunks/node_modules_next_dist_compiled_react-dom_1e674e59._.js:4706:24)
    at renderWithHooks (http://localhost:3000/_next/static/chunks/node_modules_next_dist_compiled_react-dom_1e674e59._.js:4657:28)
    at updateFunctionComponent (http://localhost:3000/_next/static/chunks/node_modules_next_dist_compiled_react-dom_1e674e59._.js:6112:21)
    at beginWork (http://localhost:3000/_next/static/chunks/node_modules_next_dist_compiled_react-dom_1e674e59._.js:6708:24)
    at runWithFiberInDEV (http://localhost:3000/_next/static/chunks/node_modules_next_dist_compiled_react-dom_1e674e59._.js:965:74)
    at performUnitOfWork (http://localhost:3000/_next/static/chunks/node_modules_next_dist_compiled_react-dom_1e674e59._.js:9562:97)
    at workLoopConcurrentByScheduler (http://localhost:3000/_next/static/chunks/node_modules_next_dist_compiled_react-dom_1e674e59._.js:9558:58)
    at renderRootConcurrent (http://localhost:3000/_next/static/chunks/node_modules_next_dist_compiled_react-dom_1e674e59._.js:9541:71)
    at performWorkOnRoot (http://localhost:3000/_next/static/chunks/node_modules_next_dist_compiled_react-dom_1e674e59._.js:9068:150)
    at performWorkOnRootViaSchedulerTask (http://localhost:3000/_next/static/chunks/node_modules_next_dist_compiled_react-dom_1e674e59._.js:10230:9)
    at MessagePort.performWorkUntilDeadline (http://localhost:3000/_next/static/chunks/node_modules_next_dist_compiled_a0e4c7b4._.js:2647:64) @ http://localhost:3000/_next/static/chunks/node_modules_next_dist_f3530cac._.js:3127
[27425673ms] [ERROR] IntlError: MISSING_MESSAGE: Could not resolve `Nav.myPerformance` in messages for locale `en`.
    at getFallbackFromErrorAndNotify (http://localhost:3000/_next/static/chunks/node_modules_5faecd26._.js:4921:23)
    at translateBaseFn (http://localhost:3000/_next/static/chunks/node_modules_5faecd26._.js:4951:28)
    at translateFn (http://localhost:3000/_next/static/chunks/node_modules_5faecd26._.js:4979:24)
    at CommandPaletteProvider.useMemo[allCommands] (http://localhost:3000/_next/static/chunks/src_5b367b92._.js:3053:32)
    at mountMemo (http://localhost:3000/_next/static/chunks/node_modules_next_dist_compiled_react-dom_1e674e59._.js:5424:25)
    at Object.useMemo (http://localhost:3000/_next/static/chunks/node_modules_next_dist_compiled_react-dom_1e674e59._.js:15003:24)
    at exports.useMemo (http://localhost:3000/_next/static/chunks/node_modules_next_dist_compiled_a0e4c7b4._.js:1742:36)
    at CommandPaletteProvider (http://localhost:3000/_next/static/chunks/src_5b367b92._.js:3033:193)
    at Object.react_stack_bottom_frame (http://localhost:3000/_next/static/chunks/node_modules_next_dist_compiled_react-dom_1e674e59._.js:14826:24)
    at renderWithHooks (http://localhost:3000/_next/static/chunks/node_modules_next_dist_compiled_react-dom_1e674e59._.js:4651:24)
    at updateFunctionComponent (http://localhost:3000/_next/static/chunks/node_modules_next_dist_compiled_react-dom_1e674e59._.js:6112:21)
    at beginWork (http://localhost:3000/_next/static/chunks/node_modules_next_dist_compiled_react-dom_1e674e59._.js:6687:639)
    at runWithFiberInDEV (http://localhost:3000/_next/static/chunks/node_modules_next_dist_compiled_react-dom_1e674e59._.js:965:74)
    at performUnitOfWork (http://localhost:3000/_next/static/chunks/node_modules_next_dist_compiled_react-dom_1e674e59._.js:9562:97)
    at workLoopConcurrentByScheduler (http://localhost:3000/_next/static/chunks/node_modules_next_dist_compiled_react-dom_1e674e59._.js:9558:58)
    at renderRootConcurrent (http://localhost:3000/_next/static/chunks/node_modules_next_dist_compiled_react-dom_1e674e59._.js:9541:71)
    at performWorkOnRoot (http://localhost:3000/_next/static/chunks/node_modules_next_dist_compiled_react-dom_1e674e59._.js:9068:150)
    at performWorkOnRootViaSchedulerTask (http://localhost:3000/_next/static/chunks/node_modules_next_dist_compiled_react-dom_1e674e59._.js:10230:9)
    at MessagePort.performWorkUntilDeadline (http://localhost:3000/_next/static/chunks/node_modules_next_dist_compiled_a0e4c7b4._.js:2647:64) @ http://localhost:3000/_next/static/chunks/node_modules_next_dist_f3530cac._.js:3127
[27425674ms] [ERROR] IntlError: MISSING_MESSAGE: Could not resolve `Nav.myPerformance` in messages for locale `en`.
    at getFallbackFromErrorAndNotify (http://localhost:3000/_next/static/chunks/node_modules_5faecd26._.js:4921:23)
    at translateBaseFn (http://localhost:3000/_next/static/chunks/node_modules_5faecd26._.js:4951:28)
    at translateFn (http://localhost:3000/_next/static/chunks/node_modules_5faecd26._.js:4979:24)
    at CommandPaletteProvider.useMemo[allCommands] (http://localhost:3000/_next/static/chunks/src_5b367b92._.js:3053:32)
    at mountMemo (http://localhost:3000/_next/static/chunks/node_modules_next_dist_compiled_react-dom_1e674e59._.js:5428:17)
    at Object.useMemo (http://localhost:3000/_next/static/chunks/node_modules_next_dist_compiled_react-dom_1e674e59._.js:15003:24)
    at exports.useMemo (http://localhost:3000/_next/static/chunks/node_modules_next_dist_compiled_a0e4c7b4._.js:1742:36)
    at CommandPaletteProvider (http://localhost:3000/_next/static/chunks/src_5b367b92._.js:3033:193)
    at Object.react_stack_bottom_frame (http://localhost:3000/_next/static/chunks/node_modules_next_dist_compiled_react-dom_1e674e59._.js:14826:24)
    at renderWithHooks (http://localhost:3000/_next/static/chunks/node_modules_next_dist_compiled_react-dom_1e674e59._.js:4651:24)
    at updateFunctionComponent (http://localhost:3000/_next/static/chunks/node_modules_next_dist_compiled_react-dom_1e674e59._.js:6112:21)
    at beginWork (http://localhost:3000/_next/static/chunks/node_modules_next_dist_compiled_react-dom_1e674e59._.js:6687:639)
    at runWithFiberInDEV (http://localhost:3000/_next/static/chunks/node_modules_next_dist_compiled_react-dom_1e674e59._.js:965:74)
    at performUnitOfWork (http://localhost:3000/_next/static/chunks/node_modules_next_dist_compiled_react-dom_1e674e59._.js:9562:97)
    at workLoopConcurrentByScheduler (http://localhost:3000/_next/static/chunks/node_modules_next_dist_compiled_react-dom_1e674e59._.js:9558:58)
    at renderRootConcurrent (http://localhost:3000/_next/static/chunks/node_modules_next_dist_compiled_react-dom_1e674e59._.js:9541:71)
    at performWorkOnRoot (http://localhost:3000/_next/static/chunks/node_modules_next_dist_compiled_react-dom_1e674e59._.js:9068:150)
    at performWorkOnRootViaSchedulerTask (http://localhost:3000/_next/static/chunks/node_modules_next_dist_compiled_react-dom_1e674e59._.js:10230:9)
    at MessagePort.performWorkUntilDeadline (http://localhost:3000/_next/static/chunks/node_modules_next_dist_compiled_a0e4c7b4._.js:2647:64) @ http://localhost:3000/_next/static/chunks/node_modules_next_dist_f3530cac._.js:3127
[27425680ms] [ERROR] IntlError: MISSING_MESSAGE: Could not resolve `Nav.myPerformance` in messages for locale `en`.
    at getFallbackFromErrorAndNotify (http://localhost:3000/_next/static/chunks/node_modules_5faecd26._.js:4921:23)
    at translateBaseFn (http://localhost:3000/_next/static/chunks/node_modules_5faecd26._.js:4951:28)
    at translateFn (http://localhost:3000/_next/static/chunks/node_modules_5faecd26._.js:4979:24)
    at http://localhost:3000/_next/static/chunks/src_5b367b92._.js:1155:63
    at Array.map (<anonymous>)
    at http://localhost:3000/_next/static/chunks/src_5b367b92._.js:1152:64
    at Array.map (<anonymous>)
    at Sidebar (http://localhost:3000/_next/static/chunks/src_5b367b92._.js:1136:166)
    at Object.react_stack_bottom_frame (http://localhost:3000/_next/static/chunks/node_modules_next_dist_compiled_react-dom_1e674e59._.js:14826:24)
    at renderWithHooks (http://localhost:3000/_next/static/chunks/node_modules_next_dist_compiled_react-dom_1e674e59._.js:4651:24)
    at updateFunctionComponent (http://localhost:3000/_next/static/chunks/node_modules_next_dist_compiled_react-dom_1e674e59._.js:6112:21)
    at beginWork (http://localhost:3000/_next/static/chunks/node_modules_next_dist_compiled_react-dom_1e674e59._.js:6708:24)
    at runWithFiberInDEV (http://localhost:3000/_next/static/chunks/node_modules_next_dist_compiled_react-dom_1e674e59._.js:965:74)
    at performUnitOfWork (http://localhost:3000/_next/static/chunks/node_modules_next_dist_compiled_react-dom_1e674e59._.js:9562:97)
    at workLoopConcurrentByScheduler (http://localhost:3000/_next/static/chunks/node_modules_next_dist_compiled_react-dom_1e674e59._.js:9558:58)
    at renderRootConcurrent (http://localhost:3000/_next/static/chunks/node_modules_next_dist_compiled_react-dom_1e674e59._.js:9541:71)
    at performWorkOnRoot (http://localhost:3000/_next/static/chunks/node_modules_next_dist_compiled_react-dom_1e674e59._.js:9068:150)
    at performWorkOnRootViaSchedulerTask (http://localhost:3000/_next/static/chunks/node_modules_next_dist_compiled_react-dom_1e674e59._.js:10230:9)
    at MessagePort.performWorkUntilDeadline (http://localhost:3000/_next/static/chunks/node_modules_next_dist_compiled_a0e4c7b4._.js:2647:64) @ http://localhost:3000/_next/static/chunks/node_modules_next_dist_f3530cac._.js:3127
[27425682ms] [ERROR] IntlError: MISSING_MESSAGE: Could not resolve `Nav.myPerformance` in messages for locale `en`.
    at getFallbackFromErrorAndNotify (http://localhost:3000/_next/static/chunks/node_modules_5faecd26._.js:4921:23)
    at translateBaseFn (http://localhost:3000/_next/static/chunks/node_modules_5faecd26._.js:4951:28)
    at translateFn (http://localhost:3000/_next/static/chunks/node_modules_5faecd26._.js:4979:24)
    at http://localhost:3000/_next/static/chunks/src_5b367b92._.js:1155:63
    at Array.map (<anonymous>)
    at http://localhost:3000/_next/static/chunks/src_5b367b92._.js:1152:64
    at Array.map (<anonymous>)
    at Sidebar (http://localhost:3000/_next/static/chunks/src_5b367b92._.js:1136:166)
    at Object.react_stack_bottom_frame (http://localhost:3000/_next/static/chunks/node_modules_next_dist_compiled_react-dom_1e674e59._.js:14826:24)
    at renderWithHooksAgain (http://localhost:3000/_next/static/chunks/node_modules_next_dist_compiled_react-dom_1e674e59._.js:4706:24)
    at renderWithHooks (http://localhost:3000/_next/static/chunks/node_modules_next_dist_compiled_react-dom_1e674e59._.js:4657:28)
    at updateFunctionComponent (http://localhost:3000/_next/static/chunks/node_modules_next_dist_compiled_react-dom_1e674e59._.js:6112:21)
    at beginWork (http://localhost:3000/_next/static/chunks/node_modules_next_dist_compiled_react-dom_1e674e59._.js:6708:24)
    at runWithFiberInDEV (http://localhost:3000/_next/static/chunks/node_modules_next_dist_compiled_react-dom_1e674e59._.js:965:74)
    at performUnitOfWork (http://localhost:3000/_next/static/chunks/node_modules_next_dist_compiled_react-dom_1e674e59._.js:9562:97)
    at workLoopConcurrentByScheduler (http://localhost:3000/_next/static/chunks/node_modules_next_dist_compiled_react-dom_1e674e59._.js:9558:58)
    at renderRootConcurrent (http://localhost:3000/_next/static/chunks/node_modules_next_dist_compiled_react-dom_1e674e59._.js:9541:71)
    at performWorkOnRoot (http://localhost:3000/_next/static/chunks/node_modules_next_dist_compiled_react-dom_1e674e59._.js:9068:150)
    at performWorkOnRootViaSchedulerTask (http://localhost:3000/_next/static/chunks/node_modules_next_dist_compiled_react-dom_1e674e59._.js:10230:9)
    at MessagePort.performWorkUntilDeadline (http://localhost:3000/_next/static/chunks/node_modules_next_dist_compiled_a0e4c7b4._.js:2647:64) @ http://localhost:3000/_next/static/chunks/node_modules_next_dist_f3530cac._.js:3127
[27425700ms] [ERROR] IntlError: MISSING_MESSAGE: Could not resolve `Nav.myPerformance` in messages for locale `en`.
    at getFallbackFromErrorAndNotify (http://localhost:3000/_next/static/chunks/node_modules_5faecd26._.js:4921:23)
    at translateBaseFn (http://localhost:3000/_next/static/chunks/node_modules_5faecd26._.js:4951:28)
    at translateFn (http://localhost:3000/_next/static/chunks/node_modules_5faecd26._.js:4979:24)
    at CommandPaletteProvider.useMemo[allCommands] (http://localhost:3000/_next/static/chunks/src_5b367b92._.js:3053:32)
    at mountMemo (http://localhost:3000/_next/static/chunks/node_modules_next_dist_compiled_react-dom_1e674e59._.js:5424:25)
    at Object.useMemo (http://localhost:3000/_next/static/chunks/node_modules_next_dist_compiled_react-dom_1e674e59._.js:15003:24)
    at exports.useMemo (http://localhost:3000/_next/static/chunks/node_modules_next_dist_compiled_a0e4c7b4._.js:1742:36)
    at CommandPaletteProvider (http://localhost:3000/_next/static/chunks/src_5b367b92._.js:3033:193)
    at Object.react_stack_bottom_frame (http://localhost:3000/_next/static/chunks/node_modules_next_dist_compiled_react-dom_1e674e59._.js:14826:24)
    at renderWithHooks (http://localhost:3000/_next/static/chunks/node_modules_next_dist_compiled_react-dom_1e674e59._.js:4651:24)
    at updateFunctionComponent (http://localhost:3000/_next/static/chunks/node_modules_next_dist_compiled_react-dom_1e674e59._.js:6112:21)
    at beginWork (http://localhost:3000/_next/static/chunks/node_modules_next_dist_compiled_react-dom_1e674e59._.js:6687:639)
    at runWithFiberInDEV (http://localhost:3000/_next/static/chunks/node_modules_next_dist_compiled_react-dom_1e674e59._.js:965:74)
    at performUnitOfWork (http://localhost:3000/_next/static/chunks/node_modules_next_dist_compiled_react-dom_1e674e59._.js:9562:97)
    at workLoopConcurrentByScheduler (http://localhost:3000/_next/static/chunks/node_modules_next_dist_compiled_react-dom_1e674e59._.js:9558:58)
    at renderRootConcurrent (http://localhost:3000/_next/static/chunks/node_modules_next_dist_compiled_react-dom_1e674e59._.js:9541:71)
    at performWorkOnRoot (http://localhost:3000/_next/static/chunks/node_modules_next_dist_compiled_react-dom_1e674e59._.js:9068:150)
    at performWorkOnRootViaSchedulerTask (http://localhost:3000/_next/static/chunks/node_modules_next_dist_compiled_react-dom_1e674e59._.js:10230:9)
    at MessagePort.performWorkUntilDeadline (http://localhost:3000/_next/static/chunks/node_modules_next_dist_compiled_a0e4c7b4._.js:2647:64) @ http://localhost:3000/_next/static/chunks/node_modules_next_dist_f3530cac._.js:3127
[27425701ms] [ERROR] IntlError: MISSING_MESSAGE: Could not resolve `Nav.myPerformance` in messages for locale `en`.
    at getFallbackFromErrorAndNotify (http://localhost:3000/_next/static/chunks/node_modules_5faecd26._.js:4921:23)
    at translateBaseFn (http://localhost:3000/_next/static/chunks/node_modules_5faecd26._.js:4951:28)
    at translateFn (http://localhost:3000/_next/static/chunks/node_modules_5faecd26._.js:4979:24)
    at CommandPaletteProvider.useMemo[allCommands] (http://localhost:3000/_next/static/chunks/src_5b367b92._.js:3053:32)
    at mountMemo (http://localhost:3000/_next/static/chunks/node_modules_next_dist_compiled_react-dom_1e674e59._.js:5428:17)
    at Object.useMemo (http://localhost:3000/_next/static/chunks/node_modules_next_dist_compiled_react-dom_1e674e59._.js:15003:24)
    at exports.useMemo (http://localhost:3000/_next/static/chunks/node_modules_next_dist_compiled_a0e4c7b4._.js:1742:36)
    at CommandPaletteProvider (http://localhost:3000/_next/static/chunks/src_5b367b92._.js:3033:193)
    at Object.react_stack_bottom_frame (http://localhost:3000/_next/static/chunks/node_modules_next_dist_compiled_react-dom_1e674e59._.js:14826:24)
    at renderWithHooks (http://localhost:3000/_next/static/chunks/node_modules_next_dist_compiled_react-dom_1e674e59._.js:4651:24)
    at updateFunctionComponent (http://localhost:3000/_next/static/chunks/node_modules_next_dist_compiled_react-dom_1e674e59._.js:6112:21)
    at beginWork (http://localhost:3000/_next/static/chunks/node_modules_next_dist_compiled_react-dom_1e674e59._.js:6687:639)
    at runWithFiberInDEV (http://localhost:3000/_next/static/chunks/node_modules_next_dist_compiled_react-dom_1e674e59._.js:965:74)
    at performUnitOfWork (http://localhost:3000/_next/static/chunks/node_modules_next_dist_compiled_react-dom_1e674e59._.js:9562:97)
    at workLoopConcurrentByScheduler (http://localhost:3000/_next/static/chunks/node_modules_next_dist_compiled_react-dom_1e674e59._.js:9558:58)
    at renderRootConcurrent (http://localhost:3000/_next/static/chunks/node_modules_next_dist_compiled_react-dom_1e674e59._.js:9541:71)
    at performWorkOnRoot (http://localhost:3000/_next/static/chunks/node_modules_next_dist_compiled_react-dom_1e674e59._.js:9068:150)
    at performWorkOnRootViaSchedulerTask (http://localhost:3000/_next/static/chunks/node_modules_next_dist_compiled_react-dom_1e674e59._.js:10230:9)
    at MessagePort.performWorkUntilDeadline (http://localhost:3000/_next/static/chunks/node_modules_next_dist_compiled_a0e4c7b4._.js:2647:64) @ http://localhost:3000/_next/static/chunks/node_modules_next_dist_f3530cac._.js:3127
[27425706ms] [ERROR] IntlError: MISSING_MESSAGE: Could not resolve `Nav.myPerformance` in messages for locale `en`.
    at getFallbackFromErrorAndNotify (http://localhost:3000/_next/static/chunks/node_modules_5faecd26._.js:4921:23)
    at translateBaseFn (http://localhost:3000/_next/static/chunks/node_modules_5faecd26._.js:4951:28)
    at translateFn (http://localhost:3000/_next/static/chunks/node_modules_5faecd26._.js:4979:24)
    at http://localhost:3000/_next/static/chunks/src_5b367b92._.js:1155:63
    at Array.map (<anonymous>)
    at http://localhost:3000/_next/static/chunks/src_5b367b92._.js:1152:64
    at Array.map (<anonymous>)
    at Sidebar (http://localhost:3000/_next/static/chunks/src_5b367b92._.js:1136:166)
    at Object.react_stack_bottom_frame (http://localhost:3000/_next/static/chunks/node_modules_next_dist_compiled_react-dom_1e674e59._.js:14826:24)
    at renderWithHooks (http://localhost:3000/_next/static/chunks/node_modules_next_dist_compiled_react-dom_1e674e59._.js:4651:24)
    at updateFunctionComponent (http://localhost:3000/_next/static/chunks/node_modules_next_dist_compiled_react-dom_1e674e59._.js:6112:21)
    at beginWork (http://localhost:3000/_next/static/chunks/node_modules_next_dist_compiled_react-dom_1e674e59._.js:6708:24)
    at runWithFiberInDEV (http://localhost:3000/_next/static/chunks/node_modules_next_dist_compiled_react-dom_1e674e59._.js:965:74)
    at performUnitOfWork (http://localhost:3000/_next/static/chunks/node_modules_next_dist_compiled_react-dom_1e674e59._.js:9562:97)
    at workLoopConcurrentByScheduler (http://localhost:3000/_next/static/chunks/node_modules_next_dist_compiled_react-dom_1e674e59._.js:9558:58)
    at renderRootConcurrent (http://localhost:3000/_next/static/chunks/node_modules_next_dist_compiled_react-dom_1e674e59._.js:9541:71)
    at performWorkOnRoot (http://localhost:3000/_next/static/chunks/node_modules_next_dist_compiled_react-dom_1e674e59._.js:9068:150)
    at performWorkOnRootViaSchedulerTask (http://localhost:3000/_next/static/chunks/node_modules_next_dist_compiled_react-dom_1e674e59._.js:10230:9)
    at MessagePort.performWorkUntilDeadline (http://localhost:3000/_next/static/chunks/node_modules_next_dist_compiled_a0e4c7b4._.js:2647:64) @ http://localhost:3000/_next/static/chunks/node_modules_next_dist_f3530cac._.js:3127
[27425708ms] [ERROR] IntlError: MISSING_MESSAGE: Could not resolve `Nav.myPerformance` in messages for locale `en`.
    at getFallbackFromErrorAndNotify (http://localhost:3000/_next/static/chunks/node_modules_5faecd26._.js:4921:23)
    at translateBaseFn (http://localhost:3000/_next/static/chunks/node_modules_5faecd26._.js:4951:28)
    at translateFn (http://localhost:3000/_next/static/chunks/node_modules_5faecd26._.js:4979:24)
    at http://localhost:3000/_next/static/chunks/src_5b367b92._.js:1155:63
    at Array.map (<anonymous>)
    at http://localhost:3000/_next/static/chunks/src_5b367b92._.js:1152:64
    at Array.map (<anonymous>)
    at Sidebar (http://localhost:3000/_next/static/chunks/src_5b367b92._.js:1136:166)
    at Object.react_stack_bottom_frame (http://localhost:3000/_next/static/chunks/node_modules_next_dist_compiled_react-dom_1e674e59._.js:14826:24)
    at renderWithHooksAgain (http://localhost:3000/_next/static/chunks/node_modules_next_dist_compiled_react-dom_1e674e59._.js:4706:24)
    at renderWithHooks (http://localhost:3000/_next/static/chunks/node_modules_next_dist_compiled_react-dom_1e674e59._.js:4657:28)
    at updateFunctionComponent (http://localhost:3000/_next/static/chunks/node_modules_next_dist_compiled_react-dom_1e674e59._.js:6112:21)
    at beginWork (http://localhost:3000/_next/static/chunks/node_modules_next_dist_compiled_react-dom_1e674e59._.js:6708:24)
    at runWithFiberInDEV (http://localhost:3000/_next/static/chunks/node_modules_next_dist_compiled_react-dom_1e674e59._.js:965:74)
    at performUnitOfWork (http://localhost:3000/_next/static/chunks/node_modules_next_dist_compiled_react-dom_1e674e59._.js:9562:97)
    at workLoopConcurrentByScheduler (http://localhost:3000/_next/static/chunks/node_modules_next_dist_compiled_react-dom_1e674e59._.js:9558:58)
    at renderRootConcurrent (http://localhost:3000/_next/static/chunks/node_modules_next_dist_compiled_react-dom_1e674e59._.js:9541:71)
    at performWorkOnRoot (http://localhost:3000/_next/static/chunks/node_modules_next_dist_compiled_react-dom_1e674e59._.js:9068:150)
    at performWorkOnRootViaSchedulerTask (http://localhost:3000/_next/static/chunks/node_modules_next_dist_compiled_react-dom_1e674e59._.js:10230:9)
    at MessagePort.performWorkUntilDeadline (http://localhost:3000/_next/static/chunks/node_modules_next_dist_compiled_a0e4c7b4._.js:2647:64) @ http://localhost:3000/_next/static/chunks/node_modules_next_dist_f3530cac._.js:3127
[27425735ms] [ERROR] IntlError: MISSING_MESSAGE: Could not resolve `Nav.myPerformance` in messages for locale `en`.
    at getFallbackFromErrorAndNotify (http://localhost:3000/_next/static/chunks/node_modules_5faecd26._.js:4921:23)
    at translateBaseFn (http://localhost:3000/_next/static/chunks/node_modules_5faecd26._.js:4951:28)
    at translateFn (http://localhost:3000/_next/static/chunks/node_modules_5faecd26._.js:4979:24)
    at CommandPaletteProvider.useMemo[allCommands] (http://localhost:3000/_next/static/chunks/src_5b367b92._.js:3053:32)
    at mountMemo (http://localhost:3000/_next/static/chunks/node_modules_next_dist_compiled_react-dom_1e674e59._.js:5424:25)
    at Object.useMemo (http://localhost:3000/_next/static/chunks/node_modules_next_dist_compiled_react-dom_1e674e59._.js:15003:24)
    at exports.useMemo (http://localhost:3000/_next/static/chunks/node_modules_next_dist_compiled_a0e4c7b4._.js:1742:36)
    at CommandPaletteProvider (http://localhost:3000/_next/static/chunks/src_5b367b92._.js:3033:193)
    at Object.react_stack_bottom_frame (http://localhost:3000/_next/static/chunks/node_modules_next_dist_compiled_react-dom_1e674e59._.js:14826:24)
    at renderWithHooks (http://localhost:3000/_next/static/chunks/node_modules_next_dist_compiled_react-dom_1e674e59._.js:4651:24)
    at updateFunctionComponent (http://localhost:3000/_next/static/chunks/node_modules_next_dist_compiled_react-dom_1e674e59._.js:6112:21)
    at beginWork (http://localhost:3000/_next/static/chunks/node_modules_next_dist_compiled_react-dom_1e674e59._.js:6687:639)
    at runWithFiberInDEV (http://localhost:3000/_next/static/chunks/node_modules_next_dist_compiled_react-dom_1e674e59._.js:965:74)
    at performUnitOfWork (http://localhost:3000/_next/static/chunks/node_modules_next_dist_compiled_react-dom_1e674e59._.js:9562:97)
    at workLoopConcurrentByScheduler (http://localhost:3000/_next/static/chunks/node_modules_next_dist_compiled_react-dom_1e674e59._.js:9558:58)
    at renderRootConcurrent (http://localhost:3000/_next/static/chunks/node_modules_next_dist_compiled_react-dom_1e674e59._.js:9541:71)
    at performWorkOnRoot (http://localhost:3000/_next/static/chunks/node_modules_next_dist_compiled_react-dom_1e674e59._.js:9068:150)
    at performWorkOnRootViaSchedulerTask (http://localhost:3000/_next/static/chunks/node_modules_next_dist_compiled_react-dom_1e674e59._.js:10230:9)
    at MessagePort.performWorkUntilDeadline (http://localhost:3000/_next/static/chunks/node_modules_next_dist_compiled_a0e4c7b4._.js:2647:64) @ http://localhost:3000/_next/static/chunks/node_modules_next_dist_f3530cac._.js:3127
[27425735ms] [ERROR] IntlError: MISSING_MESSAGE: Could not resolve `Nav.myPerformance` in messages for locale `en`.
    at getFallbackFromErrorAndNotify (http://localhost:3000/_next/static/chunks/node_modules_5faecd26._.js:4921:23)
    at translateBaseFn (http://localhost:3000/_next/static/chunks/node_modules_5faecd26._.js:4951:28)
    at translateFn (http://localhost:3000/_next/static/chunks/node_modules_5faecd26._.js:4979:24)
    at CommandPaletteProvider.useMemo[allCommands] (http://localhost:3000/_next/static/chunks/src_5b367b92._.js:3053:32)
    at mountMemo (http://localhost:3000/_next/static/chunks/node_modules_next_dist_compiled_react-dom_1e674e59._.js:5428:17)
    at Object.useMemo (http://localhost:3000/_next/static/chunks/node_modules_next_dist_compiled_react-dom_1e674e59._.js:15003:24)
    at exports.useMemo (http://localhost:3000/_next/static/chunks/node_modules_next_dist_compiled_a0e4c7b4._.js:1742:36)
    at CommandPaletteProvider (http://localhost:3000/_next/static/chunks/src_5b367b92._.js:3033:193)
    at Object.react_stack_bottom_frame (http://localhost:3000/_next/static/chunks/node_modules_next_dist_compiled_react-dom_1e674e59._.js:14826:24)
    at renderWithHooks (http://localhost:3000/_next/static/chunks/node_modules_next_dist_compiled_react-dom_1e674e59._.js:4651:24)
    at updateFunctionComponent (http://localhost:3000/_next/static/chunks/node_modules_next_dist_compiled_react-dom_1e674e59._.js:6112:21)
    at beginWork (http://localhost:3000/_next/static/chunks/node_modules_next_dist_compiled_react-dom_1e674e59._.js:6687:639)
    at runWithFiberInDEV (http://localhost:3000/_next/static/chunks/node_modules_next_dist_compiled_react-dom_1e674e59._.js:965:74)
    at performUnitOfWork (http://localhost:3000/_next/static/chunks/node_modules_next_dist_compiled_react-dom_1e674e59._.js:9562:97)
    at workLoopConcurrentByScheduler (http://localhost:3000/_next/static/chunks/node_modules_next_dist_compiled_react-dom_1e674e59._.js:9558:58)
    at renderRootConcurrent (http://localhost:3000/_next/static/chunks/node_modules_next_dist_compiled_react-dom_1e674e59._.js:9541:71)
    at performWorkOnRoot (http://localhost:3000/_next/static/chunks/node_modules_next_dist_compiled_react-dom_1e674e59._.js:9068:150)
    at performWorkOnRootViaSchedulerTask (http://localhost:3000/_next/static/chunks/node_modules_next_dist_compiled_react-dom_1e674e59._.js:10230:9)
    at MessagePort.performWorkUntilDeadline (http://localhost:3000/_next/static/chunks/node_modules_next_dist_compiled_a0e4c7b4._.js:2647:64) @ http://localhost:3000/_next/static/chunks/node_modules_next_dist_f3530cac._.js:3127
[27425740ms] [ERROR] IntlError: MISSING_MESSAGE: Could not resolve `Nav.myPerformance` in messages for locale `en`.
    at getFallbackFromErrorAndNotify (http://localhost:3000/_next/static/chunks/node_modules_5faecd26._.js:4921:23)
    at translateBaseFn (http://localhost:3000/_next/static/chunks/node_modules_5faecd26._.js:4951:28)
    at translateFn (http://localhost:3000/_next/static/chunks/node_modules_5faecd26._.js:4979:24)
    at http://localhost:3000/_next/static/chunks/src_5b367b92._.js:1155:63
    at Array.map (<anonymous>)
    at http://localhost:3000/_next/static/chunks/src_5b367b92._.js:1152:64
    at Array.map (<anonymous>)
    at Sidebar (http://localhost:3000/_next/static/chunks/src_5b367b92._.js:1136:166)
    at Object.react_stack_bottom_frame (http://localhost:3000/_next/static/chunks/node_modules_next_dist_compiled_react-dom_1e674e59._.js:14826:24)
    at renderWithHooks (http://localhost:3000/_next/static/chunks/node_modules_next_dist_compiled_react-dom_1e674e59._.js:4651:24)
    at updateFunctionComponent (http://localhost:3000/_next/static/chunks/node_modules_next_dist_compiled_react-dom_1e674e59._.js:6112:21)
    at beginWork (http://localhost:3000/_next/static/chunks/node_modules_next_dist_compiled_react-dom_1e674e59._.js:6708:24)
    at runWithFiberInDEV (http://localhost:3000/_next/static/chunks/node_modules_next_dist_compiled_react-dom_1e674e59._.js:965:74)
    at performUnitOfWork (http://localhost:3000/_next/static/chunks/node_modules_next_dist_compiled_react-dom_1e674e59._.js:9562:97)
    at workLoopConcurrentByScheduler (http://localhost:3000/_next/static/chunks/node_modules_next_dist_compiled_react-dom_1e674e59._.js:9558:58)
    at renderRootConcurrent (http://localhost:3000/_next/static/chunks/node_modules_next_dist_compiled_react-dom_1e674e59._.js:9541:71)
    at performWorkOnRoot (http://localhost:3000/_next/static/chunks/node_modules_next_dist_compiled_react-dom_1e674e59._.js:9068:150)
    at performWorkOnRootViaSchedulerTask (http://localhost:3000/_next/static/chunks/node_modules_next_dist_compiled_react-dom_1e674e59._.js:10230:9)
    at MessagePort.performWorkUntilDeadline (http://localhost:3000/_next/static/chunks/node_modules_next_dist_compiled_a0e4c7b4._.js:2647:64) @ http://localhost:3000/_next/static/chunks/node_modules_next_dist_f3530cac._.js:3127
[27425742ms] [ERROR] IntlError: MISSING_MESSAGE: Could not resolve `Nav.myPerformance` in messages for locale `en`.
    at getFallbackFromErrorAndNotify (http://localhost:3000/_next/static/chunks/node_modules_5faecd26._.js:4921:23)
    at translateBaseFn (http://localhost:3000/_next/static/chunks/node_modules_5faecd26._.js:4951:28)
    at translateFn (http://localhost:3000/_next/static/chunks/node_modules_5faecd26._.js:4979:24)
    at http://localhost:3000/_next/static/chunks/src_5b367b92._.js:1155:63
    at Array.map (<anonymous>)
    at http://localhost:3000/_next/static/chunks/src_5b367b92._.js:1152:64
    at Array.map (<anonymous>)
    at Sidebar (http://localhost:3000/_next/static/chunks/src_5b367b92._.js:1136:166)
    at Object.react_stack_bottom_frame (http://localhost:3000/_next/static/chunks/node_modules_next_dist_compiled_react-dom_1e674e59._.js:14826:24)
    at renderWithHooksAgain (http://localhost:3000/_next/static/chunks/node_modules_next_dist_compiled_react-dom_1e674e59._.js:4706:24)
    at renderWithHooks (http://localhost:3000/_next/static/chunks/node_modules_next_dist_compiled_react-dom_1e674e59._.js:4657:28)
    at updateFunctionComponent (http://localhost:3000/_next/static/chunks/node_modules_next_dist_compiled_react-dom_1e674e59._.js:6112:21)
    at beginWork (http://localhost:3000/_next/static/chunks/node_modules_next_dist_compiled_react-dom_1e674e59._.js:6708:24)
    at runWithFiberInDEV (http://localhost:3000/_next/static/chunks/node_modules_next_dist_compiled_react-dom_1e674e59._.js:965:74)
    at performUnitOfWork (http://localhost:3000/_next/static/chunks/node_modules_next_dist_compiled_react-dom_1e674e59._.js:9562:97)
    at workLoopConcurrentByScheduler (http://localhost:3000/_next/static/chunks/node_modules_next_dist_compiled_react-dom_1e674e59._.js:9558:58)
    at renderRootConcurrent (http://localhost:3000/_next/static/chunks/node_modules_next_dist_compiled_react-dom_1e674e59._.js:9541:71)
    at performWorkOnRoot (http://localhost:3000/_next/static/chunks/node_modules_next_dist_compiled_react-dom_1e674e59._.js:9068:150)
    at performWorkOnRootViaSchedulerTask (http://localhost:3000/_next/static/chunks/node_modules_next_dist_compiled_react-dom_1e674e59._.js:10230:9)
    at MessagePort.performWorkUntilDeadline (http://localhost:3000/_next/static/chunks/node_modules_next_dist_compiled_a0e4c7b4._.js:2647:64) @ http://localhost:3000/_next/static/chunks/node_modules_next_dist_f3530cac._.js:3127
[27425822ms] [LOG] [Fast Refresh] rebuilding @ http://localhost:3000/_next/static/chunks/node_modules_next_dist_f3530cac._.js:2297
[27426030ms] [LOG] [Fast Refresh] done in 319ms @ http://localhost:3000/_next/static/chunks/node_modules_next_dist_f3530cac._.js:2297
[27426792ms] [LOG] [Fast Refresh] rebuilding @ http://localhost:3000/_next/static/chunks/node_modules_next_dist_f3530cac._.js:2297
[27427221ms] [LOG] [Fast Refresh] done in 532ms @ http://localhost:3000/_next/static/chunks/node_modules_next_dist_f3530cac._.js:2297
[27430362ms] [ERROR] IntlError: MISSING_MESSAGE: Could not resolve `Nav.myPerformance` in messages for locale `en`.
    at getFallbackFromErrorAndNotify (http://localhost:3000/_next/static/chunks/node_modules_5faecd26._.js:4921:23)
    at translateBaseFn (http://localhost:3000/_next/static/chunks/node_modules_5faecd26._.js:4951:28)
    at translateFn (http://localhost:3000/_next/static/chunks/node_modules_5faecd26._.js:4979:24)
    at CommandPaletteProvider.useMemo[allCommands] (http://localhost:3000/_next/static/chunks/src_5b367b92._.js:3053:32)
    at updateMemo (http://localhost:3000/_next/static/chunks/node_modules_next_dist_compiled_react-dom_1e674e59._.js:5444:21)
    at Object.useMemo (http://localhost:3000/_next/static/chunks/node_modules_next_dist_compiled_react-dom_1e674e59._.js:15255:24)
    at exports.useMemo (http://localhost:3000/_next/static/chunks/node_modules_next_dist_compiled_a0e4c7b4._.js:1742:36)
    at CommandPaletteProvider (http://localhost:3000/_next/static/chunks/src_5b367b92._.js:3033:193)
    at Object.react_stack_bottom_frame (http://localhost:3000/_next/static/chunks/node_modules_next_dist_compiled_react-dom_1e674e59._.js:14826:24)
    at renderWithHooks (http://localhost:3000/_next/static/chunks/node_modules_next_dist_compiled_react-dom_1e674e59._.js:4651:24)
    at updateFunctionComponent (http://localhost:3000/_next/static/chunks/node_modules_next_dist_compiled_react-dom_1e674e59._.js:6112:21)
    at beginWork (http://localhost:3000/_next/static/chunks/node_modules_next_dist_compiled_react-dom_1e674e59._.js:6708:24)
    at runWithFiberInDEV (http://localhost:3000/_next/static/chunks/node_modules_next_dist_compiled_react-dom_1e674e59._.js:965:74)
    at performUnitOfWork (http://localhost:3000/_next/static/chunks/node_modules_next_dist_compiled_react-dom_1e674e59._.js:9562:97)
    at workLoopSync (http://localhost:3000/_next/static/chunks/node_modules_next_dist_compiled_react-dom_1e674e59._.js:9456:40)
    at renderRootSync (http://localhost:3000/_next/static/chunks/node_modules_next_dist_compiled_react-dom_1e674e59._.js:9440:13)
    at performWorkOnRoot (http://localhost:3000/_next/static/chunks/node_modules_next_dist_compiled_react-dom_1e674e59._.js:9068:186)
    at performWorkOnRootViaSchedulerTask (http://localhost:3000/_next/static/chunks/node_modules_next_dist_compiled_react-dom_1e674e59._.js:10230:9)
    at MessagePort.performWorkUntilDeadline (http://localhost:3000/_next/static/chunks/node_modules_next_dist_compiled_a0e4c7b4._.js:2647:64) @ http://localhost:3000/_next/static/chunks/node_modules_next_dist_f3530cac._.js:3127
[27430362ms] [ERROR] IntlError: MISSING_MESSAGE: Could not resolve `Nav.myPerformance` in messages for locale `en`.
    at getFallbackFromErrorAndNotify (http://localhost:3000/_next/static/chunks/node_modules_5faecd26._.js:4921:23)
    at translateBaseFn (http://localhost:3000/_next/static/chunks/node_modules_5faecd26._.js:4951:28)
    at translateFn (http://localhost:3000/_next/static/chunks/node_modules_5faecd26._.js:4979:24)
    at CommandPaletteProvider.useMemo[allCommands] (http://localhost:3000/_next/static/chunks/src_5b367b92._.js:3053:32)
    at updateMemo (http://localhost:3000/_next/static/chunks/node_modules_next_dist_compiled_react-dom_1e674e59._.js:5448:17)
    at Object.useMemo (http://localhost:3000/_next/static/chunks/node_modules_next_dist_compiled_react-dom_1e674e59._.js:15255:24)
    at exports.useMemo (http://localhost:3000/_next/static/chunks/node_modules_next_dist_compiled_a0e4c7b4._.js:1742:36)
    at CommandPaletteProvider (http://localhost:3000/_next/static/chunks/src_5b367b92._.js:3033:193)
    at Object.react_stack_bottom_frame (http://localhost:3000/_next/static/chunks/node_modules_next_dist_compiled_react-dom_1e674e59._.js:14826:24)
    at renderWithHooks (http://localhost:3000/_next/static/chunks/node_modules_next_dist_compiled_react-dom_1e674e59._.js:4651:24)
    at updateFunctionComponent (http://localhost:3000/_next/static/chunks/node_modules_next_dist_compiled_react-dom_1e674e59._.js:6112:21)
    at beginWork (http://localhost:3000/_next/static/chunks/node_modules_next_dist_compiled_react-dom_1e674e59._.js:6708:24)
    at runWithFiberInDEV (http://localhost:3000/_next/static/chunks/node_modules_next_dist_compiled_react-dom_1e674e59._.js:965:74)
    at performUnitOfWork (http://localhost:3000/_next/static/chunks/node_modules_next_dist_compiled_react-dom_1e674e59._.js:9562:97)
    at workLoopSync (http://localhost:3000/_next/static/chunks/node_modules_next_dist_compiled_react-dom_1e674e59._.js:9456:40)
    at renderRootSync (http://localhost:3000/_next/static/chunks/node_modules_next_dist_compiled_react-dom_1e674e59._.js:9440:13)
    at performWorkOnRoot (http://localhost:3000/_next/static/chunks/node_modules_next_dist_compiled_react-dom_1e674e59._.js:9068:186)
    at performWorkOnRootViaSchedulerTask (http://localhost:3000/_next/static/chunks/node_modules_next_dist_compiled_react-dom_1e674e59._.js:10230:9)
    at MessagePort.performWorkUntilDeadline (http://localhost:3000/_next/static/chunks/node_modules_next_dist_compiled_a0e4c7b4._.js:2647:64) @ http://localhost:3000/_next/static/chunks/node_modules_next_dist_f3530cac._.js:3127
[27430371ms] [ERROR] IntlError: MISSING_MESSAGE: Could not resolve `Nav.myPerformance` in messages for locale `en`.
    at getFallbackFromErrorAndNotify (http://localhost:3000/_next/static/chunks/node_modules_5faecd26._.js:4921:23)
    at translateBaseFn (http://localhost:3000/_next/static/chunks/node_modules_5faecd26._.js:4951:28)
    at translateFn (http://localhost:3000/_next/static/chunks/node_modules_5faecd26._.js:4979:24)
    at http://localhost:3000/_next/static/chunks/src_5b367b92._.js:1155:63
    at Array.map (<anonymous>)
    at http://localhost:3000/_next/static/chunks/src_5b367b92._.js:1152:64
    at Array.map (<anonymous>)
    at Sidebar (http://localhost:3000/_next/static/chunks/src_5b367b92._.js:1136:166)
    at Object.react_stack_bottom_frame (http://localhost:3000/_next/static/chunks/node_modules_next_dist_compiled_react-dom_1e674e59._.js:14826:24)
    at renderWithHooks (http://localhost:3000/_next/static/chunks/node_modules_next_dist_compiled_react-dom_1e674e59._.js:4651:24)
    at updateFunctionComponent (http://localhost:3000/_next/static/chunks/node_modules_next_dist_compiled_react-dom_1e674e59._.js:6112:21)
    at beginWork (http://localhost:3000/_next/static/chunks/node_modules_next_dist_compiled_react-dom_1e674e59._.js:6708:24)
    at runWithFiberInDEV (http://localhost:3000/_next/static/chunks/node_modules_next_dist_compiled_react-dom_1e674e59._.js:965:74)
    at performUnitOfWork (http://localhost:3000/_next/static/chunks/node_modules_next_dist_compiled_react-dom_1e674e59._.js:9562:97)
    at workLoopSync (http://localhost:3000/_next/static/chunks/node_modules_next_dist_compiled_react-dom_1e674e59._.js:9456:40)
    at renderRootSync (http://localhost:3000/_next/static/chunks/node_modules_next_dist_compiled_react-dom_1e674e59._.js:9440:13)
    at performWorkOnRoot (http://localhost:3000/_next/static/chunks/node_modules_next_dist_compiled_react-dom_1e674e59._.js:9068:186)
    at performWorkOnRootViaSchedulerTask (http://localhost:3000/_next/static/chunks/node_modules_next_dist_compiled_react-dom_1e674e59._.js:10230:9)
    at MessagePort.performWorkUntilDeadline (http://localhost:3000/_next/static/chunks/node_modules_next_dist_compiled_a0e4c7b4._.js:2647:64) @ http://localhost:3000/_next/static/chunks/node_modules_next_dist_f3530cac._.js:3127
[27430374ms] [ERROR] IntlError: MISSING_MESSAGE: Could not resolve `Nav.myPerformance` in messages for locale `en`.
    at getFallbackFromErrorAndNotify (http://localhost:3000/_next/static/chunks/node_modules_5faecd26._.js:4921:23)
    at translateBaseFn (http://localhost:3000/_next/static/chunks/node_modules_5faecd26._.js:4951:28)
    at translateFn (http://localhost:3000/_next/static/chunks/node_modules_5faecd26._.js:4979:24)
    at http://localhost:3000/_next/static/chunks/src_5b367b92._.js:1155:63
    at Array.map (<anonymous>)
    at http://localhost:3000/_next/static/chunks/src_5b367b92._.js:1152:64
    at Array.map (<anonymous>)
    at Sidebar (http://localhost:3000/_next/static/chunks/src_5b367b92._.js:1136:166)
    at Object.react_stack_bottom_frame (http://localhost:3000/_next/static/chunks/node_modules_next_dist_compiled_react-dom_1e674e59._.js:14826:24)
    at renderWithHooksAgain (http://localhost:3000/_next/static/chunks/node_modules_next_dist_compiled_react-dom_1e674e59._.js:4706:24)
    at renderWithHooks (http://localhost:3000/_next/static/chunks/node_modules_next_dist_compiled_react-dom_1e674e59._.js:4657:28)
    at updateFunctionComponent (http://localhost:3000/_next/static/chunks/node_modules_next_dist_compiled_react-dom_1e674e59._.js:6112:21)
    at beginWork (http://localhost:3000/_next/static/chunks/node_modules_next_dist_compiled_react-dom_1e674e59._.js:6708:24)
    at runWithFiberInDEV (http://localhost:3000/_next/static/chunks/node_modules_next_dist_compiled_react-dom_1e674e59._.js:965:74)
    at performUnitOfWork (http://localhost:3000/_next/static/chunks/node_modules_next_dist_compiled_react-dom_1e674e59._.js:9562:97)
    at workLoopSync (http://localhost:3000/_next/static/chunks/node_modules_next_dist_compiled_react-dom_1e674e59._.js:9456:40)
    at renderRootSync (http://localhost:3000/_next/static/chunks/node_modules_next_dist_compiled_react-dom_1e674e59._.js:9440:13)
    at performWorkOnRoot (http://localhost:3000/_next/static/chunks/node_modules_next_dist_compiled_react-dom_1e674e59._.js:9068:186)
    at performWorkOnRootViaSchedulerTask (http://localhost:3000/_next/static/chunks/node_modules_next_dist_compiled_react-dom_1e674e59._.js:10230:9)
    at MessagePort.performWorkUntilDeadline (http://localhost:3000/_next/static/chunks/node_modules_next_dist_compiled_a0e4c7b4._.js:2647:64) @ http://localhost:3000/_next/static/chunks/node_modules_next_dist_f3530cac._.js:3127
[27430394ms] [ERROR] IntlError: MISSING_MESSAGE: Could not resolve `Nav.myPerformance` in messages for locale `en`.
    at getFallbackFromErrorAndNotify (http://localhost:3000/_next/static/chunks/node_modules_5faecd26._.js:4921:23)
    at translateBaseFn (http://localhost:3000/_next/static/chunks/node_modules_5faecd26._.js:4951:28)
    at translateFn (http://localhost:3000/_next/static/chunks/node_modules_5faecd26._.js:4979:24)
    at CommandPaletteProvider.useMemo[allCommands] (http://localhost:3000/_next/static/chunks/src_5b367b92._.js:3053:32)
    at updateMemo (http://localhost:3000/_next/static/chunks/node_modules_next_dist_compiled_react-dom_1e674e59._.js:5444:21)
    at Object.useMemo (http://localhost:3000/_next/static/chunks/node_modules_next_dist_compiled_react-dom_1e674e59._.js:15255:24)
    at exports.useMemo (http://localhost:3000/_next/static/chunks/node_modules_next_dist_compiled_a0e4c7b4._.js:1742:36)
    at CommandPaletteProvider (http://localhost:3000/_next/static/chunks/src_5b367b92._.js:3033:193)
    at Object.react_stack_bottom_frame (http://localhost:3000/_next/static/chunks/node_modules_next_dist_compiled_react-dom_1e674e59._.js:14826:24)
    at renderWithHooks (http://localhost:3000/_next/static/chunks/node_modules_next_dist_compiled_react-dom_1e674e59._.js:4651:24)
    at updateFunctionComponent (http://localhost:3000/_next/static/chunks/node_modules_next_dist_compiled_react-dom_1e674e59._.js:6112:21)
    at beginWork (http://localhost:3000/_next/static/chunks/node_modules_next_dist_compiled_react-dom_1e674e59._.js:6708:24)
    at runWithFiberInDEV (http://localhost:3000/_next/static/chunks/node_modules_next_dist_compiled_react-dom_1e674e59._.js:965:74)
    at performUnitOfWork (http://localhost:3000/_next/static/chunks/node_modules_next_dist_compiled_react-dom_1e674e59._.js:9562:97)
    at workLoopSync (http://localhost:3000/_next/static/chunks/node_modules_next_dist_compiled_react-dom_1e674e59._.js:9456:40)
    at renderRootSync (http://localhost:3000/_next/static/chunks/node_modules_next_dist_compiled_react-dom_1e674e59._.js:9440:13)
    at performWorkOnRoot (http://localhost:3000/_next/static/chunks/node_modules_next_dist_compiled_react-dom_1e674e59._.js:9068:186)
    at performWorkOnRootViaSchedulerTask (http://localhost:3000/_next/static/chunks/node_modules_next_dist_compiled_react-dom_1e674e59._.js:10230:9)
    at MessagePort.performWorkUntilDeadline (http://localhost:3000/_next/static/chunks/node_modules_next_dist_compiled_a0e4c7b4._.js:2647:64) @ http://localhost:3000/_next/static/chunks/node_modules_next_dist_f3530cac._.js:3127
[27430394ms] [ERROR] IntlError: MISSING_MESSAGE: Could not resolve `Nav.myPerformance` in messages for locale `en`.
    at getFallbackFromErrorAndNotify (http://localhost:3000/_next/static/chunks/node_modules_5faecd26._.js:4921:23)
    at translateBaseFn (http://localhost:3000/_next/static/chunks/node_modules_5faecd26._.js:4951:28)
    at translateFn (http://localhost:3000/_next/static/chunks/node_modules_5faecd26._.js:4979:24)
    at CommandPaletteProvider.useMemo[allCommands] (http://localhost:3000/_next/static/chunks/src_5b367b92._.js:3053:32)
    at updateMemo (http://localhost:3000/_next/static/chunks/node_modules_next_dist_compiled_react-dom_1e674e59._.js:5448:17)
    at Object.useMemo (http://localhost:3000/_next/static/chunks/node_modules_next_dist_compiled_react-dom_1e674e59._.js:15255:24)
    at exports.useMemo (http://localhost:3000/_next/static/chunks/node_modules_next_dist_compiled_a0e4c7b4._.js:1742:36)
    at CommandPaletteProvider (http://localhost:3000/_next/static/chunks/src_5b367b92._.js:3033:193)
    at Object.react_stack_bottom_frame (http://localhost:3000/_next/static/chunks/node_modules_next_dist_compiled_react-dom_1e674e59._.js:14826:24)
    at renderWithHooks (http://localhost:3000/_next/static/chunks/node_modules_next_dist_compiled_react-dom_1e674e59._.js:4651:24)
    at updateFunctionComponent (http://localhost:3000/_next/static/chunks/node_modules_next_dist_compiled_react-dom_1e674e59._.js:6112:21)
    at beginWork (http://localhost:3000/_next/static/chunks/node_modules_next_dist_compiled_react-dom_1e674e59._.js:6708:24)
    at runWithFiberInDEV (http://localhost:3000/_next/static/chunks/node_modules_next_dist_compiled_react-dom_1e674e59._.js:965:74)
    at performUnitOfWork (http://localhost:3000/_next/static/chunks/node_modules_next_dist_compiled_react-dom_1e674e59._.js:9562:97)
    at workLoopSync (http://localhost:3000/_next/static/chunks/node_modules_next_dist_compiled_react-dom_1e674e59._.js:9456:40)
    at renderRootSync (http://localhost:3000/_next/static/chunks/node_modules_next_dist_compiled_react-dom_1e674e59._.js:9440:13)
    at performWorkOnRoot (http://localhost:3000/_next/static/chunks/node_modules_next_dist_compiled_react-dom_1e674e59._.js:9068:186)
    at performWorkOnRootViaSchedulerTask (http://localhost:3000/_next/static/chunks/node_modules_next_dist_compiled_react-dom_1e674e59._.js:10230:9)
    at MessagePort.performWorkUntilDeadline (http://localhost:3000/_next/static/chunks/node_modules_next_dist_compiled_a0e4c7b4._.js:2647:64) @ http://localhost:3000/_next/static/chunks/node_modules_next_dist_f3530cac._.js:3127
[27430400ms] [ERROR] IntlError: MISSING_MESSAGE: Could not resolve `Nav.myPerformance` in messages for locale `en`.
    at getFallbackFromErrorAndNotify (http://localhost:3000/_next/static/chunks/node_modules_5faecd26._.js:4921:23)
    at translateBaseFn (http://localhost:3000/_next/static/chunks/node_modules_5faecd26._.js:4951:28)
    at translateFn (http://localhost:3000/_next/static/chunks/node_modules_5faecd26._.js:4979:24)
    at http://localhost:3000/_next/static/chunks/src_5b367b92._.js:1155:63
    at Array.map (<anonymous>)
    at http://localhost:3000/_next/static/chunks/src_5b367b92._.js:1152:64
    at Array.map (<anonymous>)
    at Sidebar (http://localhost:3000/_next/static/chunks/src_5b367b92._.js:1136:166)
    at Object.react_stack_bottom_frame (http://localhost:3000/_next/static/chunks/node_modules_next_dist_compiled_react-dom_1e674e59._.js:14826:24)
    at renderWithHooks (http://localhost:3000/_next/static/chunks/node_modules_next_dist_compiled_react-dom_1e674e59._.js:4651:24)
    at updateFunctionComponent (http://localhost:3000/_next/static/chunks/node_modules_next_dist_compiled_react-dom_1e674e59._.js:6112:21)
    at beginWork (http://localhost:3000/_next/static/chunks/node_modules_next_dist_compiled_react-dom_1e674e59._.js:6708:24)
    at runWithFiberInDEV (http://localhost:3000/_next/static/chunks/node_modules_next_dist_compiled_react-dom_1e674e59._.js:965:74)
    at performUnitOfWork (http://localhost:3000/_next/static/chunks/node_modules_next_dist_compiled_react-dom_1e674e59._.js:9562:97)
    at workLoopSync (http://localhost:3000/_next/static/chunks/node_modules_next_dist_compiled_react-dom_1e674e59._.js:9456:40)
    at renderRootSync (http://localhost:3000/_next/static/chunks/node_modules_next_dist_compiled_react-dom_1e674e59._.js:9440:13)
    at performWorkOnRoot (http://localhost:3000/_next/static/chunks/node_modules_next_dist_compiled_react-dom_1e674e59._.js:9068:186)
    at performWorkOnRootViaSchedulerTask (http://localhost:3000/_next/static/chunks/node_modules_next_dist_compiled_react-dom_1e674e59._.js:10230:9)
    at MessagePort.performWorkUntilDeadline (http://localhost:3000/_next/static/chunks/node_modules_next_dist_compiled_a0e4c7b4._.js:2647:64) @ http://localhost:3000/_next/static/chunks/node_modules_next_dist_f3530cac._.js:3127
[27430402ms] [ERROR] IntlError: MISSING_MESSAGE: Could not resolve `Nav.myPerformance` in messages for locale `en`.
    at getFallbackFromErrorAndNotify (http://localhost:3000/_next/static/chunks/node_modules_5faecd26._.js:4921:23)
    at translateBaseFn (http://localhost:3000/_next/static/chunks/node_modules_5faecd26._.js:4951:28)
    at translateFn (http://localhost:3000/_next/static/chunks/node_modules_5faecd26._.js:4979:24)
    at http://localhost:3000/_next/static/chunks/src_5b367b92._.js:1155:63
    at Array.map (<anonymous>)
    at http://localhost:3000/_next/static/chunks/src_5b367b92._.js:1152:64
    at Array.map (<anonymous>)
    at Sidebar (http://localhost:3000/_next/static/chunks/src_5b367b92._.js:1136:166)
    at Object.react_stack_bottom_frame (http://localhost:3000/_next/static/chunks/node_modules_next_dist_compiled_react-dom_1e674e59._.js:14826:24)
    at renderWithHooksAgain (http://localhost:3000/_next/static/chunks/node_modules_next_dist_compiled_react-dom_1e674e59._.js:4706:24)
    at renderWithHooks (http://localhost:3000/_next/static/chunks/node_modules_next_dist_compiled_react-dom_1e674e59._.js:4657:28)
    at updateFunctionComponent (http://localhost:3000/_next/static/chunks/node_modules_next_dist_compiled_react-dom_1e674e59._.js:6112:21)
    at beginWork (http://localhost:3000/_next/static/chunks/node_modules_next_dist_compiled_react-dom_1e674e59._.js:6708:24)
    at runWithFiberInDEV (http://localhost:3000/_next/static/chunks/node_modules_next_dist_compiled_react-dom_1e674e59._.js:965:74)
    at performUnitOfWork (http://localhost:3000/_next/static/chunks/node_modules_next_dist_compiled_react-dom_1e674e59._.js:9562:97)
    at workLoopSync (http://localhost:3000/_next/static/chunks/node_modules_next_dist_compiled_react-dom_1e674e59._.js:9456:40)
    at renderRootSync (http://localhost:3000/_next/static/chunks/node_modules_next_dist_compiled_react-dom_1e674e59._.js:9440:13)
    at performWorkOnRoot (http://localhost:3000/_next/static/chunks/node_modules_next_dist_compiled_react-dom_1e674e59._.js:9068:186)
    at performWorkOnRootViaSchedulerTask (http://localhost:3000/_next/static/chunks/node_modules_next_dist_compiled_react-dom_1e674e59._.js:10230:9)
    at MessagePort.performWorkUntilDeadline (http://localhost:3000/_next/static/chunks/node_modules_next_dist_compiled_a0e4c7b4._.js:2647:64) @ http://localhost:3000/_next/static/chunks/node_modules_next_dist_f3530cac._.js:3127
[27431251ms] [ERROR] IntlError: MISSING_MESSAGE: Could not resolve `Nav.myPerformance` in messages for locale `en`.
    at getFallbackFromErrorAndNotify (http://localhost:3000/_next/static/chunks/node_modules_5faecd26._.js:4921:23)
    at translateBaseFn (http://localhost:3000/_next/static/chunks/node_modules_5faecd26._.js:4951:28)
    at translateFn (http://localhost:3000/_next/static/chunks/node_modules_5faecd26._.js:4979:24)
    at http://localhost:3000/_next/static/chunks/src_5b367b92._.js:1155:63
    at Array.map (<anonymous>)
    at http://localhost:3000/_next/static/chunks/src_5b367b92._.js:1152:64
    at Array.map (<anonymous>)
    at Sidebar (http://localhost:3000/_next/static/chunks/src_5b367b92._.js:1136:166)
    at Object.react_stack_bottom_frame (http://localhost:3000/_next/static/chunks/node_modules_next_dist_compiled_react-dom_1e674e59._.js:14826:24)
    at renderWithHooks (http://localhost:3000/_next/static/chunks/node_modules_next_dist_compiled_react-dom_1e674e59._.js:4651:24)
    at updateFunctionComponent (http://localhost:3000/_next/static/chunks/node_modules_next_dist_compiled_react-dom_1e674e59._.js:6112:21)
    at beginWork (http://localhost:3000/_next/static/chunks/node_modules_next_dist_compiled_react-dom_1e674e59._.js:6708:24)
    at runWithFiberInDEV (http://localhost:3000/_next/static/chunks/node_modules_next_dist_compiled_react-dom_1e674e59._.js:965:74)
    at performUnitOfWork (http://localhost:3000/_next/static/chunks/node_modules_next_dist_compiled_react-dom_1e674e59._.js:9562:97)
    at workLoopSync (http://localhost:3000/_next/static/chunks/node_modules_next_dist_compiled_react-dom_1e674e59._.js:9456:40)
    at renderRootSync (http://localhost:3000/_next/static/chunks/node_modules_next_dist_compiled_react-dom_1e674e59._.js:9440:13)
    at performWorkOnRoot (http://localhost:3000/_next/static/chunks/node_modules_next_dist_compiled_react-dom_1e674e59._.js:9068:186)
    at performWorkOnRootViaSchedulerTask (http://localhost:3000/_next/static/chunks/node_modules_next_dist_compiled_react-dom_1e674e59._.js:10230:9)
    at MessagePort.performWorkUntilDeadline (http://localhost:3000/_next/static/chunks/node_modules_next_dist_compiled_a0e4c7b4._.js:2647:64) @ http://localhost:3000/_next/static/chunks/node_modules_next_dist_f3530cac._.js:3127
[27431255ms] [ERROR] IntlError: MISSING_MESSAGE: Could not resolve `Nav.myPerformance` in messages for locale `en`.
    at getFallbackFromErrorAndNotify (http://localhost:3000/_next/static/chunks/node_modules_5faecd26._.js:4921:23)
    at translateBaseFn (http://localhost:3000/_next/static/chunks/node_modules_5faecd26._.js:4951:28)
    at translateFn (http://localhost:3000/_next/static/chunks/node_modules_5faecd26._.js:4979:24)
    at http://localhost:3000/_next/static/chunks/src_5b367b92._.js:1155:63
    at Array.map (<anonymous>)
    at http://localhost:3000/_next/static/chunks/src_5b367b92._.js:1152:64
    at Array.map (<anonymous>)
    at Sidebar (http://localhost:3000/_next/static/chunks/src_5b367b92._.js:1136:166)
    at Object.react_stack_bottom_frame (http://localhost:3000/_next/static/chunks/node_modules_next_dist_compiled_react-dom_1e674e59._.js:14826:24)
    at renderWithHooksAgain (http://localhost:3000/_next/static/chunks/node_modules_next_dist_compiled_react-dom_1e674e59._.js:4706:24)
    at renderWithHooks (http://localhost:3000/_next/static/chunks/node_modules_next_dist_compiled_react-dom_1e674e59._.js:4657:28)
    at updateFunctionComponent (http://localhost:3000/_next/static/chunks/node_modules_next_dist_compiled_react-dom_1e674e59._.js:6112:21)
    at beginWork (http://localhost:3000/_next/static/chunks/node_modules_next_dist_compiled_react-dom_1e674e59._.js:6708:24)
    at runWithFiberInDEV (http://localhost:3000/_next/static/chunks/node_modules_next_dist_compiled_react-dom_1e674e59._.js:965:74)
    at performUnitOfWork (http://localhost:3000/_next/static/chunks/node_modules_next_dist_compiled_react-dom_1e674e59._.js:9562:97)
    at workLoopSync (http://localhost:3000/_next/static/chunks/node_modules_next_dist_compiled_react-dom_1e674e59._.js:9456:40)
    at renderRootSync (http://localhost:3000/_next/static/chunks/node_modules_next_dist_compiled_react-dom_1e674e59._.js:9440:13)
    at performWorkOnRoot (http://localhost:3000/_next/static/chunks/node_modules_next_dist_compiled_react-dom_1e674e59._.js:9068:186)
    at performWorkOnRootViaSchedulerTask (http://localhost:3000/_next/static/chunks/node_modules_next_dist_compiled_react-dom_1e674e59._.js:10230:9)
    at MessagePort.performWorkUntilDeadline (http://localhost:3000/_next/static/chunks/node_modules_next_dist_compiled_a0e4c7b4._.js:2647:64) @ http://localhost:3000/_next/static/chunks/node_modules_next_dist_f3530cac._.js:3127
[27431400ms] [LOG] [Fast Refresh] rebuilding @ http://localhost:3000/_next/static/chunks/node_modules_next_dist_f3530cac._.js:2297
[27431407ms] [LOG] [Fast Refresh] done in 108ms @ http://localhost:3000/_next/static/chunks/node_modules_next_dist_f3530cac._.js:2297
[27470414ms] [LOG] [Fast Refresh] rebuilding @ http://localhost:3000/_next/static/chunks/node_modules_next_dist_f3530cac._.js:2297
[27470904ms] [LOG] [Fast Refresh] done in 592ms @ http://localhost:3000/_next/static/chunks/node_modules_next_dist_f3530cac._.js:2297
[27481080ms] [LOG] [Fast Refresh] rebuilding @ http://localhost:3000/_next/static/chunks/node_modules_next_dist_f3530cac._.js:2297
[27481180ms] [LOG] [Fast Refresh] done in 180ms @ http://localhost:3000/_next/static/chunks/node_modules_next_dist_f3530cac._.js:2297
[27481377ms] [LOG] [Fast Refresh] rebuilding @ http://localhost:3000/_next/static/chunks/node_modules_next_dist_f3530cac._.js:2297
[27481651ms] [LOG] [Fast Refresh] done in 376ms @ http://localhost:3000/_next/static/chunks/node_modules_next_dist_f3530cac._.js:2297
[27490488ms] [LOG] [Fast Refresh] rebuilding @ http://localhost:3000/_next/static/chunks/node_modules_next_dist_f3530cac._.js:2297
[27490847ms] [LOG] [Fast Refresh] done in 459ms @ http://localhost:3000/_next/static/chunks/node_modules_next_dist_f3530cac._.js:2297
[27492132ms] [LOG] [Fast Refresh] rebuilding @ http://localhost:3000/_next/static/chunks/node_modules_next_dist_f3530cac._.js:2297
[27492154ms] [LOG] [Fast Refresh] done in 124ms @ http://localhost:3000/_next/static/chunks/node_modules_next_dist_f3530cac._.js:2297
[27518459ms] [LOG] [Fast Refresh] rebuilding @ http://localhost:3000/_next/static/chunks/node_modules_next_dist_f3530cac._.js:2297
[27524824ms] [LOG] [Fast Refresh] done in 6466ms @ http://localhost:3000/_next/static/chunks/node_modules_next_dist_f3530cac._.js:2297
[27526442ms] [LOG] [Fast Refresh] rebuilding @ http://localhost:3000/_next/static/chunks/node_modules_next_dist_f3530cac._.js:2297
[27526491ms] [LOG] [Fast Refresh] done in 149ms @ http://localhost:3000/_next/static/chunks/node_modules_next_dist_f3530cac._.js:2297
[27540467ms] [LOG] [Fast Refresh] rebuilding @ http://localhost:3000/_next/static/chunks/node_modules_next_dist_f3530cac._.js:2297
[27541720ms] [LOG] [Fast Refresh] done in 1353ms @ http://localhost:3000/_next/static/chunks/node_modules_next_dist_f3530cac._.js:2297
[27547308ms] [LOG] [Fast Refresh] rebuilding @ http://localhost:3000/_next/static/chunks/node_modules_next_dist_f3530cac._.js:2297
[27547409ms] [LOG] [Fast Refresh] done in 202ms @ http://localhost:3000/_next/static/chunks/node_modules_next_dist_f3530cac._.js:2297
[27577028ms] [LOG] [Fast Refresh] rebuilding @ http://localhost:3000/_next/static/chunks/node_modules_next_dist_f3530cac._.js:2297
[27577120ms] [LOG] [Fast Refresh] done in 194ms @ http://localhost:3000/_next/static/chunks/node_modules_next_dist_f3530cac._.js:2297
[27633422ms] [LOG] [Fast Refresh] rebuilding @ http://localhost:3000/_next/static/chunks/node_modules_next_dist_f3530cac._.js:2297
[27633471ms] [LOG] [Fast Refresh] done in 152ms @ http://localhost:3000/_next/static/chunks/node_modules_next_dist_f3530cac._.js:2297
[27644492ms] [LOG] [Fast Refresh] rebuilding @ http://localhost:3000/_next/static/chunks/node_modules_next_dist_f3530cac._.js:2297
[27644522ms] [LOG] [Fast Refresh] done in 131ms @ http://localhost:3000/_next/static/chunks/node_modules_next_dist_f3530cac._.js:2297
[27644617ms] [LOG] [Fast Refresh] rebuilding @ http://localhost:3000/_next/static/chunks/node_modules_next_dist_f3530cac._.js:2297
[27644657ms] [LOG] [Fast Refresh] done in 94ms @ http://localhost:3000/_next/static/chunks/node_modules_next_dist_f3530cac._.js:2297
[27645691ms] [LOG] [Fast Refresh] rebuilding @ http://localhost:3000/_next/static/chunks/node_modules_next_dist_f3530cac._.js:2297
[27646385ms] [LOG] [Fast Refresh] done in 796ms @ http://localhost:3000/_next/static/chunks/node_modules_next_dist_f3530cac._.js:2297
[27646891ms] [LOG] [Fast Refresh] rebuilding @ http://localhost:3000/_next/static/chunks/node_modules_next_dist_f3530cac._.js:2297
[27647241ms] [LOG] [Fast Refresh] done in 451ms @ http://localhost:3000/_next/static/chunks/node_modules_next_dist_f3530cac._.js:2297
[27648071ms] [LOG] [Fast Refresh] rebuilding @ http://localhost:3000/_next/static/chunks/node_modules_next_dist_f3530cac._.js:2297
[27648112ms] [LOG] [Fast Refresh] done in 143ms @ http://localhost:3000/_next/static/chunks/node_modules_next_dist_f3530cac._.js:2297
[27648481ms] [LOG] [Fast Refresh] rebuilding @ http://localhost:3000/_next/static/chunks/node_modules_next_dist_f3530cac._.js:2297
[27648495ms] [LOG] [Fast Refresh] done in 116ms @ http://localhost:3000/_next/static/chunks/node_modules_next_dist_f3530cac._.js:2297
[27651248ms] [LOG] [Fast Refresh] rebuilding @ http://localhost:3000/_next/static/chunks/node_modules_next_dist_f3530cac._.js:2297
[27651258ms] [LOG] [Fast Refresh] done in 109ms @ http://localhost:3000/_next/static/chunks/node_modules_next_dist_f3530cac._.js:2297
[27651359ms] [LOG] [Fast Refresh] rebuilding @ http://localhost:3000/_next/static/chunks/node_modules_next_dist_f3530cac._.js:2297
[27651386ms] [LOG] [Fast Refresh] done in 128ms @ http://localhost:3000/_next/static/chunks/node_modules_next_dist_f3530cac._.js:2297
[27651487ms] [LOG] [Fast Refresh] rebuilding @ http://localhost:3000/_next/static/chunks/node_modules_next_dist_f3530cac._.js:2297
[27651501ms] [LOG] [Fast Refresh] done in 114ms @ http://localhost:3000/_next/static/chunks/node_modules_next_dist_f3530cac._.js:2297
[27651602ms] [LOG] [Fast Refresh] rebuilding @ http://localhost:3000/_next/static/chunks/node_modules_next_dist_f3530cac._.js:2297
[27651607ms] [LOG] [Fast Refresh] done in 106ms @ http://localhost:3000/_next/static/chunks/node_modules_next_dist_f3530cac._.js:2297
[27651709ms] [LOG] [Fast Refresh] rebuilding @ http://localhost:3000/_next/static/chunks/node_modules_next_dist_f3530cac._.js:2297
[27651714ms] [LOG] [Fast Refresh] done in 106ms @ http://localhost:3000/_next/static/chunks/node_modules_next_dist_f3530cac._.js:2297
[27651996ms] [LOG] [Fast Refresh] rebuilding @ http://localhost:3000/_next/static/chunks/node_modules_next_dist_f3530cac._.js:2297
[27652006ms] [LOG] [Fast Refresh] done in 111ms @ http://localhost:3000/_next/static/chunks/node_modules_next_dist_f3530cac._.js:2297
[27652477ms] [LOG] [Fast Refresh] rebuilding @ http://localhost:3000/_next/static/chunks/node_modules_next_dist_f3530cac._.js:2297
[27652479ms] [LOG] [Fast Refresh] done in 104ms @ http://localhost:3000/_next/static/chunks/node_modules_next_dist_f3530cac._.js:2297
[27652679ms] [LOG] [Fast Refresh] rebuilding @ http://localhost:3000/_next/static/chunks/node_modules_next_dist_f3530cac._.js:2297
[27652685ms] [LOG] [Fast Refresh] done in 107ms @ http://localhost:3000/_next/static/chunks/node_modules_next_dist_f3530cac._.js:2297
[27653101ms] [LOG] [Fast Refresh] rebuilding @ http://localhost:3000/_next/static/chunks/node_modules_next_dist_f3530cac._.js:2297
[27653196ms] [LOG] [Fast Refresh] done in 195ms @ http://localhost:3000/_next/static/chunks/node_modules_next_dist_f3530cac._.js:2297
[27653298ms] [LOG] [Fast Refresh] rebuilding @ http://localhost:3000/_next/static/chunks/node_modules_next_dist_f3530cac._.js:2297
[27653403ms] [LOG] [Fast Refresh] done in 206ms @ http://localhost:3000/_next/static/chunks/node_modules_next_dist_f3530cac._.js:2297
[27653504ms] [LOG] [Fast Refresh] rebuilding @ http://localhost:3000/_next/static/chunks/node_modules_next_dist_f3530cac._.js:2297
[27653505ms] [LOG] [Fast Refresh] done in 101ms @ http://localhost:3000/_next/static/chunks/node_modules_next_dist_f3530cac._.js:2297
[27653933ms] [LOG] [Fast Refresh] rebuilding @ http://localhost:3000/_next/static/chunks/node_modules_next_dist_f3530cac._.js:2297
[27653938ms] [LOG] [Fast Refresh] done in 108ms @ http://localhost:3000/_next/static/chunks/node_modules_next_dist_f3530cac._.js:2297
[27654040ms] [LOG] [Fast Refresh] rebuilding @ http://localhost:3000/_next/static/chunks/node_modules_next_dist_f3530cac._.js:2297
[27654076ms] [LOG] [Fast Refresh] done in 137ms @ http://localhost:3000/_next/static/chunks/node_modules_next_dist_f3530cac._.js:2297
[27654783ms] [LOG] [Fast Refresh] rebuilding @ http://localhost:3000/_next/static/chunks/node_modules_next_dist_f3530cac._.js:2297
[27654810ms] [LOG] [Fast Refresh] done in 128ms @ http://localhost:3000/_next/static/chunks/node_modules_next_dist_f3530cac._.js:2297
[27654911ms] [LOG] [Fast Refresh] rebuilding @ http://localhost:3000/_next/static/chunks/node_modules_next_dist_f3530cac._.js:2297
[27655022ms] [LOG] [Fast Refresh] done in 210ms @ http://localhost:3000/_next/static/chunks/node_modules_next_dist_f3530cac._.js:2297
[27655523ms] [LOG] [Fast Refresh] rebuilding @ http://localhost:3000/_next/static/chunks/node_modules_next_dist_f3530cac._.js:2297
[27655588ms] [LOG] [Fast Refresh] done in 164ms @ http://localhost:3000/_next/static/chunks/node_modules_next_dist_f3530cac._.js:2297
[27655704ms] [LOG] [Fast Refresh] rebuilding @ http://localhost:3000/_next/static/chunks/node_modules_next_dist_f3530cac._.js:2297
[27655716ms] [LOG] [Fast Refresh] done in 112ms @ http://localhost:3000/_next/static/chunks/node_modules_next_dist_f3530cac._.js:2297
[27656220ms] [LOG] [Fast Refresh] rebuilding @ http://localhost:3000/_next/static/chunks/node_modules_next_dist_f3530cac._.js:2297
[27656226ms] [LOG] [Fast Refresh] done in 107ms @ http://localhost:3000/_next/static/chunks/node_modules_next_dist_f3530cac._.js:2297
[27656375ms] [LOG] [Fast Refresh] rebuilding @ http://localhost:3000/_next/static/chunks/node_modules_next_dist_f3530cac._.js:2297
[27656945ms] [LOG] [Fast Refresh] done in 672ms @ http://localhost:3000/_next/static/chunks/node_modules_next_dist_f3530cac._.js:2297
[27657225ms] [LOG] [Fast Refresh] rebuilding @ http://localhost:3000/_next/static/chunks/node_modules_next_dist_f3530cac._.js:2297
[27657245ms] [LOG] [Fast Refresh] done in 121ms @ http://localhost:3000/_next/static/chunks/node_modules_next_dist_f3530cac._.js:2297
[27657519ms] [LOG] [Fast Refresh] rebuilding @ http://localhost:3000/_next/static/chunks/node_modules_next_dist_f3530cac._.js:2297
[27657539ms] [LOG] [Fast Refresh] done in 121ms @ http://localhost:3000/_next/static/chunks/node_modules_next_dist_f3530cac._.js:2297
[27657928ms] [LOG] [Fast Refresh] rebuilding @ http://localhost:3000/_next/static/chunks/node_modules_next_dist_f3530cac._.js:2297
[27658004ms] [LOG] [Fast Refresh] done in 176ms @ http://localhost:3000/_next/static/chunks/node_modules_next_dist_f3530cac._.js:2297
[27658450ms] [LOG] [Fast Refresh] rebuilding @ http://localhost:3000/_next/static/chunks/node_modules_next_dist_f3530cac._.js:2297
[27658458ms] [LOG] [Fast Refresh] done in 109ms @ http://localhost:3000/_next/static/chunks/node_modules_next_dist_f3530cac._.js:2297
[27658957ms] [LOG] [Fast Refresh] rebuilding @ http://localhost:3000/_next/static/chunks/node_modules_next_dist_f3530cac._.js:2297
[27658963ms] [LOG] [Fast Refresh] done in 107ms @ http://localhost:3000/_next/static/chunks/node_modules_next_dist_f3530cac._.js:2297
[27659222ms] [LOG] [Fast Refresh] rebuilding @ http://localhost:3000/_next/static/chunks/node_modules_next_dist_f3530cac._.js:2297
[27659251ms] [LOG] [Fast Refresh] done in 130ms @ http://localhost:3000/_next/static/chunks/node_modules_next_dist_f3530cac._.js:2297
[27659506ms] [LOG] [Fast Refresh] rebuilding @ http://localhost:3000/_next/static/chunks/node_modules_next_dist_f3530cac._.js:2297
[27659525ms] [LOG] [Fast Refresh] done in 120ms @ http://localhost:3000/_next/static/chunks/node_modules_next_dist_f3530cac._.js:2297
[27660216ms] [LOG] [Fast Refresh] rebuilding @ http://localhost:3000/_next/static/chunks/node_modules_next_dist_f3530cac._.js:2297
[27660218ms] [LOG] [Fast Refresh] done in 104ms @ http://localhost:3000/_next/static/chunks/node_modules_next_dist_f3530cac._.js:2297
[27660398ms] [LOG] [Fast Refresh] rebuilding @ http://localhost:3000/_next/static/chunks/node_modules_next_dist_f3530cac._.js:2297
[27660403ms] [LOG] [Fast Refresh] done in 106ms @ http://localhost:3000/_next/static/chunks/node_modules_next_dist_f3530cac._.js:2297
[27661282ms] [LOG] [Fast Refresh] rebuilding @ http://localhost:3000/_next/static/chunks/node_modules_next_dist_f3530cac._.js:2297
[27661348ms] [LOG] [Fast Refresh] done in 167ms @ http://localhost:3000/_next/static/chunks/node_modules_next_dist_f3530cac._.js:2297
[27661504ms] [LOG] [Fast Refresh] rebuilding @ http://localhost:3000/_next/static/chunks/node_modules_next_dist_f3530cac._.js:2297
[27661519ms] [LOG] [Fast Refresh] done in 115ms @ http://localhost:3000/_next/static/chunks/node_modules_next_dist_f3530cac._.js:2297
[27661619ms] [LOG] [Fast Refresh] rebuilding @ http://localhost:3000/_next/static/chunks/node_modules_next_dist_f3530cac._.js:2297
[27661653ms] [LOG] [Fast Refresh] done in 134ms @ http://localhost:3000/_next/static/chunks/node_modules_next_dist_f3530cac._.js:2297
[27661759ms] [LOG] [Fast Refresh] rebuilding @ http://localhost:3000/_next/static/chunks/node_modules_next_dist_f3530cac._.js:2297
[27661804ms] [LOG] [Fast Refresh] done in 146ms @ http://localhost:3000/_next/static/chunks/node_modules_next_dist_f3530cac._.js:2297
[27662348ms] [LOG] [Fast Refresh] rebuilding @ http://localhost:3000/_next/static/chunks/node_modules_next_dist_f3530cac._.js:2297
[27662366ms] [LOG] [Fast Refresh] done in 120ms @ http://localhost:3000/_next/static/chunks/node_modules_next_dist_f3530cac._.js:2297
[27662551ms] [LOG] [Fast Refresh] rebuilding @ http://localhost:3000/_next/static/chunks/node_modules_next_dist_f3530cac._.js:2297
[27662592ms] [LOG] [Fast Refresh] done in 142ms @ http://localhost:3000/_next/static/chunks/node_modules_next_dist_f3530cac._.js:2297
[27662770ms] [LOG] [Fast Refresh] rebuilding @ http://localhost:3000/_next/static/chunks/node_modules_next_dist_f3530cac._.js:2297
[27662820ms] [LOG] [Fast Refresh] done in 152ms @ http://localhost:3000/_next/static/chunks/node_modules_next_dist_f3530cac._.js:2297
[27663078ms] [LOG] [Fast Refresh] rebuilding @ http://localhost:3000/_next/static/chunks/node_modules_next_dist_f3530cac._.js:2297
[27663086ms] [LOG] [Fast Refresh] done in 109ms @ http://localhost:3000/_next/static/chunks/node_modules_next_dist_f3530cac._.js:2297
[27663187ms] [LOG] [Fast Refresh] rebuilding @ http://localhost:3000/_next/static/chunks/node_modules_next_dist_f3530cac._.js:2297
[27663197ms] [LOG] [Fast Refresh] done in 111ms @ http://localhost:3000/_next/static/chunks/node_modules_next_dist_f3530cac._.js:2297
[27663298ms] [LOG] [Fast Refresh] rebuilding @ http://localhost:3000/_next/static/chunks/node_modules_next_dist_f3530cac._.js:2297
[27663333ms] [LOG] [Fast Refresh] done in 135ms @ http://localhost:3000/_next/static/chunks/node_modules_next_dist_f3530cac._.js:2297
[27665287ms] [LOG] [Fast Refresh] rebuilding @ http://localhost:3000/_next/static/chunks/node_modules_next_dist_f3530cac._.js:2297
[27665295ms] [LOG] [Fast Refresh] done in 110ms @ http://localhost:3000/_next/static/chunks/node_modules_next_dist_f3530cac._.js:2297
[27665528ms] [LOG] [Fast Refresh] rebuilding @ http://localhost:3000/_next/static/chunks/node_modules_next_dist_f3530cac._.js:2297
[27665573ms] [LOG] [Fast Refresh] done in 146ms @ http://localhost:3000/_next/static/chunks/node_modules_next_dist_f3530cac._.js:2297
[27665769ms] [LOG] [Fast Refresh] rebuilding @ http://localhost:3000/_next/static/chunks/node_modules_next_dist_f3530cac._.js:2297
[27665782ms] [LOG] [Fast Refresh] done in 114ms @ http://localhost:3000/_next/static/chunks/node_modules_next_dist_f3530cac._.js:2297
[27665883ms] [LOG] [Fast Refresh] rebuilding @ http://localhost:3000/_next/static/chunks/node_modules_next_dist_f3530cac._.js:2297
[27665894ms] [LOG] [Fast Refresh] done in 113ms @ http://localhost:3000/_next/static/chunks/node_modules_next_dist_f3530cac._.js:2297
[27665995ms] [LOG] [Fast Refresh] rebuilding @ http://localhost:3000/_next/static/chunks/node_modules_next_dist_f3530cac._.js:2297
[27666111ms] [LOG] [Fast Refresh] done in 217ms @ http://localhost:3000/_next/static/chunks/node_modules_next_dist_f3530cac._.js:2297
[27666343ms] [LOG] [Fast Refresh] rebuilding @ http://localhost:3000/_next/static/chunks/node_modules_next_dist_f3530cac._.js:2297
[27666350ms] [LOG] [Fast Refresh] done in 109ms @ http://localhost:3000/_next/static/chunks/node_modules_next_dist_f3530cac._.js:2297
[27666550ms] [LOG] [Fast Refresh] rebuilding @ http://localhost:3000/_next/static/chunks/node_modules_next_dist_f3530cac._.js:2297
[27666585ms] [LOG] [Fast Refresh] done in 136ms @ http://localhost:3000/_next/static/chunks/node_modules_next_dist_f3530cac._.js:2297
[27667167ms] [LOG] [Fast Refresh] rebuilding @ http://localhost:3000/_next/static/chunks/node_modules_next_dist_f3530cac._.js:2297
[27667213ms] [LOG] [Fast Refresh] done in 147ms @ http://localhost:3000/_next/static/chunks/node_modules_next_dist_f3530cac._.js:2297
[27667612ms] [LOG] [Fast Refresh] rebuilding @ http://localhost:3000/_next/static/chunks/node_modules_next_dist_f3530cac._.js:2297
[27667628ms] [LOG] [Fast Refresh] done in 116ms @ http://localhost:3000/_next/static/chunks/node_modules_next_dist_f3530cac._.js:2297
[27667830ms] [LOG] [Fast Refresh] rebuilding @ http://localhost:3000/_next/static/chunks/node_modules_next_dist_f3530cac._.js:2297
[27667842ms] [LOG] [Fast Refresh] done in 114ms @ http://localhost:3000/_next/static/chunks/node_modules_next_dist_f3530cac._.js:2297
[27667943ms] [LOG] [Fast Refresh] rebuilding @ http://localhost:3000/_next/static/chunks/node_modules_next_dist_f3530cac._.js:2297
[27668209ms] [LOG] [Fast Refresh] done in 367ms @ http://localhost:3000/_next/static/chunks/node_modules_next_dist_f3530cac._.js:2297
[27668340ms] [LOG] [Fast Refresh] rebuilding @ http://localhost:3000/_next/static/chunks/node_modules_next_dist_f3530cac._.js:2297
[27668490ms] [LOG] [Fast Refresh] done in 252ms @ http://localhost:3000/_next/static/chunks/node_modules_next_dist_f3530cac._.js:2297
[27669214ms] [LOG] [Fast Refresh] rebuilding @ http://localhost:3000/_next/static/chunks/node_modules_next_dist_f3530cac._.js:2297
[27669214ms] [LOG] [Fast Refresh] done in 100ms @ http://localhost:3000/_next/static/chunks/node_modules_next_dist_f3530cac._.js:2297
[27669316ms] [LOG] [Fast Refresh] rebuilding @ http://localhost:3000/_next/static/chunks/node_modules_next_dist_f3530cac._.js:2297
[27669347ms] [LOG] [Fast Refresh] done in 133ms @ http://localhost:3000/_next/static/chunks/node_modules_next_dist_f3530cac._.js:2297
[27669449ms] [LOG] [Fast Refresh] rebuilding @ http://localhost:3000/_next/static/chunks/node_modules_next_dist_f3530cac._.js:2297
[27669548ms] [LOG] [Fast Refresh] done in 201ms @ http://localhost:3000/_next/static/chunks/node_modules_next_dist_f3530cac._.js:2297
[27669649ms] [LOG] [Fast Refresh] rebuilding @ http://localhost:3000/_next/static/chunks/node_modules_next_dist_f3530cac._.js:2297
[27669649ms] [LOG] [Fast Refresh] done in 101ms @ http://localhost:3000/_next/static/chunks/node_modules_next_dist_f3530cac._.js:2297
[27669751ms] [LOG] [Fast Refresh] rebuilding @ http://localhost:3000/_next/static/chunks/node_modules_next_dist_f3530cac._.js:2297
[27669759ms] [LOG] [Fast Refresh] done in 109ms @ http://localhost:3000/_next/static/chunks/node_modules_next_dist_f3530cac._.js:2297
[27670870ms] [LOG] [Fast Refresh] rebuilding @ http://localhost:3000/_next/static/chunks/node_modules_next_dist_f3530cac._.js:2297
[27670916ms] [LOG] [Fast Refresh] done in 147ms @ http://localhost:3000/_next/static/chunks/node_modules_next_dist_f3530cac._.js:2297
[27671236ms] [LOG] [Fast Refresh] rebuilding @ http://localhost:3000/_next/static/chunks/node_modules_next_dist_f3530cac._.js:2297
[27671246ms] [LOG] [Fast Refresh] done in 112ms @ http://localhost:3000/_next/static/chunks/node_modules_next_dist_f3530cac._.js:2297
[27671869ms] [LOG] [Fast Refresh] rebuilding @ http://localhost:3000/_next/static/chunks/node_modules_next_dist_f3530cac._.js:2297
[27671873ms] [LOG] [Fast Refresh] done in 106ms @ http://localhost:3000/_next/static/chunks/node_modules_next_dist_f3530cac._.js:2297
[27671974ms] [LOG] [Fast Refresh] rebuilding @ http://localhost:3000/_next/static/chunks/node_modules_next_dist_f3530cac._.js:2297
[27671978ms] [LOG] [Fast Refresh] done in 104ms @ http://localhost:3000/_next/static/chunks/node_modules_next_dist_f3530cac._.js:2297
[27672078ms] [LOG] [Fast Refresh] rebuilding @ http://localhost:3000/_next/static/chunks/node_modules_next_dist_f3530cac._.js:2297
[27672083ms] [LOG] [Fast Refresh] done in 104ms @ http://localhost:3000/_next/static/chunks/node_modules_next_dist_f3530cac._.js:2297
[27672184ms] [LOG] [Fast Refresh] rebuilding @ http://localhost:3000/_next/static/chunks/node_modules_next_dist_f3530cac._.js:2297
[27672244ms] [LOG] [Fast Refresh] done in 160ms @ http://localhost:3000/_next/static/chunks/node_modules_next_dist_f3530cac._.js:2297
[27672645ms] [LOG] [Fast Refresh] rebuilding @ http://localhost:3000/_next/static/chunks/node_modules_next_dist_f3530cac._.js:2297
[27672709ms] [LOG] [Fast Refresh] done in 169ms @ http://localhost:3000/_next/static/chunks/node_modules_next_dist_f3530cac._.js:2297
[27673091ms] [LOG] [Fast Refresh] rebuilding @ http://localhost:3000/_next/static/chunks/node_modules_next_dist_f3530cac._.js:2297
[27673111ms] [LOG] [Fast Refresh] done in 120ms @ http://localhost:3000/_next/static/chunks/node_modules_next_dist_f3530cac._.js:2297
[27673387ms] [LOG] [Fast Refresh] rebuilding @ http://localhost:3000/_next/static/chunks/node_modules_next_dist_f3530cac._.js:2297
[27673402ms] [LOG] [Fast Refresh] done in 116ms @ http://localhost:3000/_next/static/chunks/node_modules_next_dist_f3530cac._.js:2297
[27673502ms] [LOG] [Fast Refresh] rebuilding @ http://localhost:3000/_next/static/chunks/node_modules_next_dist_f3530cac._.js:2297
[27673904ms] [LOG] [Fast Refresh] done in 501ms @ http://localhost:3000/_next/static/chunks/node_modules_next_dist_f3530cac._.js:2297
[27674845ms] [LOG] [Fast Refresh] rebuilding @ http://localhost:3000/_next/static/chunks/node_modules_next_dist_f3530cac._.js:2297
[27674864ms] [LOG] [Fast Refresh] done in 119ms @ http://localhost:3000/_next/static/chunks/node_modules_next_dist_f3530cac._.js:2297
[27674965ms] [LOG] [Fast Refresh] rebuilding @ http://localhost:3000/_next/static/chunks/node_modules_next_dist_f3530cac._.js:2297
[27674998ms] [LOG] [Fast Refresh] done in 134ms @ http://localhost:3000/_next/static/chunks/node_modules_next_dist_f3530cac._.js:2297
[27676100ms] [LOG] [Fast Refresh] rebuilding @ http://localhost:3000/_next/static/chunks/node_modules_next_dist_f3530cac._.js:2297
[27676133ms] [LOG] [Fast Refresh] done in 133ms @ http://localhost:3000/_next/static/chunks/node_modules_next_dist_f3530cac._.js:2297
[27676233ms] [LOG] [Fast Refresh] rebuilding @ http://localhost:3000/_next/static/chunks/node_modules_next_dist_f3530cac._.js:2297
[27676279ms] [LOG] [Fast Refresh] done in 146ms @ http://localhost:3000/_next/static/chunks/node_modules_next_dist_f3530cac._.js:2297
[27676380ms] [LOG] [Fast Refresh] rebuilding @ http://localhost:3000/_next/static/chunks/node_modules_next_dist_f3530cac._.js:2297
[27676397ms] [LOG] [Fast Refresh] done in 117ms @ http://localhost:3000/_next/static/chunks/node_modules_next_dist_f3530cac._.js:2297
[27677629ms] [LOG] [Fast Refresh] rebuilding @ http://localhost:3000/_next/static/chunks/node_modules_next_dist_f3530cac._.js:2297
[27677638ms] [LOG] [Fast Refresh] done in 111ms @ http://localhost:3000/_next/static/chunks/node_modules_next_dist_f3530cac._.js:2297
[27678170ms] [LOG] [Fast Refresh] rebuilding @ http://localhost:3000/_next/static/chunks/node_modules_next_dist_f3530cac._.js:2297
[27678186ms] [LOG] [Fast Refresh] done in 117ms @ http://localhost:3000/_next/static/chunks/node_modules_next_dist_f3530cac._.js:2297
[27678310ms] [LOG] [Fast Refresh] rebuilding @ http://localhost:3000/_next/static/chunks/node_modules_next_dist_f3530cac._.js:2297
[27678423ms] [LOG] [Fast Refresh] done in 214ms @ http://localhost:3000/_next/static/chunks/node_modules_next_dist_f3530cac._.js:2297
[27678525ms] [LOG] [Fast Refresh] rebuilding @ http://localhost:3000/_next/static/chunks/node_modules_next_dist_f3530cac._.js:2297
[27679920ms] [LOG] [Fast Refresh] done in 1495ms @ http://localhost:3000/_next/static/chunks/node_modules_next_dist_f3530cac._.js:2297
[27680318ms] [LOG] [Fast Refresh] rebuilding @ http://localhost:3000/_next/static/chunks/node_modules_next_dist_f3530cac._.js:2297
[27680437ms] [LOG] [Fast Refresh] done in 220ms @ http://localhost:3000/_next/static/chunks/node_modules_next_dist_f3530cac._.js:2297
[27680687ms] [LOG] [Fast Refresh] rebuilding @ http://localhost:3000/_next/static/chunks/node_modules_next_dist_f3530cac._.js:2297
[27680687ms] [LOG] [Fast Refresh] done in 161ms @ http://localhost:3000/_next/static/chunks/node_modules_next_dist_f3530cac._.js:2297
[27681932ms] [LOG] [Fast Refresh] rebuilding @ http://localhost:3000/_next/static/chunks/node_modules_next_dist_f3530cac._.js:2297
[27681966ms] [LOG] [Fast Refresh] done in 135ms @ http://localhost:3000/_next/static/chunks/node_modules_next_dist_f3530cac._.js:2297
[27682068ms] [LOG] [Fast Refresh] rebuilding @ http://localhost:3000/_next/static/chunks/node_modules_next_dist_f3530cac._.js:2297
[27682117ms] [LOG] [Fast Refresh] done in 151ms @ http://localhost:3000/_next/static/chunks/node_modules_next_dist_f3530cac._.js:2297
[27682972ms] [LOG] [Fast Refresh] rebuilding @ http://localhost:3000/_next/static/chunks/node_modules_next_dist_f3530cac._.js:2297
[27683020ms] [LOG] [Fast Refresh] done in 151ms @ http://localhost:3000/_next/static/chunks/node_modules_next_dist_f3530cac._.js:2297
[27684221ms] [LOG] [Fast Refresh] rebuilding @ http://localhost:3000/_next/static/chunks/node_modules_next_dist_f3530cac._.js:2297
[27684357ms] [LOG] [Fast Refresh] done in 236ms @ http://localhost:3000/_next/static/chunks/node_modules_next_dist_f3530cac._.js:2297
[27684516ms] [LOG] [Fast Refresh] rebuilding @ http://localhost:3000/_next/static/chunks/node_modules_next_dist_f3530cac._.js:2297
[27684574ms] [LOG] [Fast Refresh] done in 160ms @ http://localhost:3000/_next/static/chunks/node_modules_next_dist_f3530cac._.js:2297
[27684871ms] [LOG] [Fast Refresh] rebuilding @ http://localhost:3000/_next/static/chunks/node_modules_next_dist_f3530cac._.js:2297
[27684935ms] [LOG] [Fast Refresh] done in 166ms @ http://localhost:3000/_next/static/chunks/node_modules_next_dist_f3530cac._.js:2297
[27685176ms] [LOG] [Fast Refresh] rebuilding @ http://localhost:3000/_next/static/chunks/node_modules_next_dist_f3530cac._.js:2297
[27685196ms] [LOG] [Fast Refresh] done in 120ms @ http://localhost:3000/_next/static/chunks/node_modules_next_dist_f3530cac._.js:2297
[27685297ms] [LOG] [Fast Refresh] rebuilding @ http://localhost:3000/_next/static/chunks/node_modules_next_dist_f3530cac._.js:2297
[27685338ms] [LOG] [Fast Refresh] done in 141ms @ http://localhost:3000/_next/static/chunks/node_modules_next_dist_f3530cac._.js:2297
[27685439ms] [LOG] [Fast Refresh] rebuilding @ http://localhost:3000/_next/static/chunks/node_modules_next_dist_f3530cac._.js:2297
[27685449ms] [LOG] [Fast Refresh] done in 110ms @ http://localhost:3000/_next/static/chunks/node_modules_next_dist_f3530cac._.js:2297
[27685550ms] [LOG] [Fast Refresh] rebuilding @ http://localhost:3000/_next/static/chunks/node_modules_next_dist_f3530cac._.js:2297
[27685605ms] [LOG] [Fast Refresh] done in 156ms @ http://localhost:3000/_next/static/chunks/node_modules_next_dist_f3530cac._.js:2297
[27685995ms] [LOG] [Fast Refresh] rebuilding @ http://localhost:3000/_next/static/chunks/node_modules_next_dist_f3530cac._.js:2297
[27685998ms] [LOG] [Fast Refresh] done in 104ms @ http://localhost:3000/_next/static/chunks/node_modules_next_dist_f3530cac._.js:2297
[27686176ms] [LOG] [Fast Refresh] rebuilding @ http://localhost:3000/_next/static/chunks/node_modules_next_dist_f3530cac._.js:2297
[27686178ms] [LOG] [Fast Refresh] done in 101ms @ http://localhost:3000/_next/static/chunks/node_modules_next_dist_f3530cac._.js:2297
[27687757ms] [LOG] [Fast Refresh] rebuilding @ http://localhost:3000/_next/static/chunks/node_modules_next_dist_f3530cac._.js:2297
[27687762ms] [LOG] [Fast Refresh] done in 107ms @ http://localhost:3000/_next/static/chunks/node_modules_next_dist_f3530cac._.js:2297
[27687863ms] [LOG] [Fast Refresh] rebuilding @ http://localhost:3000/_next/static/chunks/node_modules_next_dist_f3530cac._.js:2297
[27687869ms] [LOG] [Fast Refresh] done in 107ms @ http://localhost:3000/_next/static/chunks/node_modules_next_dist_f3530cac._.js:2297
[27688234ms] [LOG] [Fast Refresh] rebuilding @ http://localhost:3000/_next/static/chunks/node_modules_next_dist_f3530cac._.js:2297
[27688372ms] [LOG] [Fast Refresh] done in 238ms @ http://localhost:3000/_next/static/chunks/node_modules_next_dist_f3530cac._.js:2297
[27688554ms] [LOG] [Fast Refresh] rebuilding @ http://localhost:3000/_next/static/chunks/node_modules_next_dist_f3530cac._.js:2297
[27688561ms] [LOG] [Fast Refresh] done in 109ms @ http://localhost:3000/_next/static/chunks/node_modules_next_dist_f3530cac._.js:2297
[27688663ms] [LOG] [Fast Refresh] rebuilding @ http://localhost:3000/_next/static/chunks/node_modules_next_dist_f3530cac._.js:2297
[27688725ms] [LOG] [Fast Refresh] done in 165ms @ http://localhost:3000/_next/static/chunks/node_modules_next_dist_f3530cac._.js:2297
[27688835ms] [LOG] [Fast Refresh] rebuilding @ http://localhost:3000/_next/static/chunks/node_modules_next_dist_f3530cac._.js:2297
[27689155ms] [LOG] [Fast Refresh] done in 419ms @ http://localhost:3000/_next/static/chunks/node_modules_next_dist_f3530cac._.js:2297
[27689454ms] [LOG] [Fast Refresh] rebuilding @ http://localhost:3000/_next/static/chunks/node_modules_next_dist_f3530cac._.js:2297
[27689509ms] [LOG] [Fast Refresh] done in 154ms @ http://localhost:3000/_next/static/chunks/node_modules_next_dist_f3530cac._.js:2297
[27689651ms] [LOG] [Fast Refresh] rebuilding @ http://localhost:3000/_next/static/chunks/node_modules_next_dist_f3530cac._.js:2297
[27689675ms] [LOG] [Fast Refresh] done in 125ms @ http://localhost:3000/_next/static/chunks/node_modules_next_dist_f3530cac._.js:2297
[27690172ms] [LOG] [Fast Refresh] rebuilding @ http://localhost:3000/_next/static/chunks/node_modules_next_dist_f3530cac._.js:2297
[27690185ms] [LOG] [Fast Refresh] done in 114ms @ http://localhost:3000/_next/static/chunks/node_modules_next_dist_f3530cac._.js:2297
[27690488ms] [LOG] [Fast Refresh] rebuilding @ http://localhost:3000/_next/static/chunks/node_modules_next_dist_f3530cac._.js:2297
[27690503ms] [LOG] [Fast Refresh] done in 117ms @ http://localhost:3000/_next/static/chunks/node_modules_next_dist_f3530cac._.js:2297
[27691118ms] [LOG] [Fast Refresh] rebuilding @ http://localhost:3000/_next/static/chunks/node_modules_next_dist_f3530cac._.js:2297
[27691180ms] [LOG] [Fast Refresh] done in 162ms @ http://localhost:3000/_next/static/chunks/node_modules_next_dist_f3530cac._.js:2297
[27691910ms] [LOG] [Fast Refresh] rebuilding @ http://localhost:3000/_next/static/chunks/node_modules_next_dist_f3530cac._.js:2297
[27691917ms] [LOG] [Fast Refresh] done in 108ms @ http://localhost:3000/_next/static/chunks/node_modules_next_dist_f3530cac._.js:2297
[27692173ms] [LOG] [Fast Refresh] rebuilding @ http://localhost:3000/_next/static/chunks/node_modules_next_dist_f3530cac._.js:2297
[27692199ms] [LOG] [Fast Refresh] done in 126ms @ http://localhost:3000/_next/static/chunks/node_modules_next_dist_f3530cac._.js:2297
[27692300ms] [LOG] [Fast Refresh] rebuilding @ http://localhost:3000/_next/static/chunks/node_modules_next_dist_f3530cac._.js:2297
[27692346ms] [LOG] [Fast Refresh] done in 147ms @ http://localhost:3000/_next/static/chunks/node_modules_next_dist_f3530cac._.js:2297
[27692603ms] [LOG] [Fast Refresh] rebuilding @ http://localhost:3000/_next/static/chunks/node_modules_next_dist_f3530cac._.js:2297
[27692614ms] [LOG] [Fast Refresh] done in 68ms @ http://localhost:3000/_next/static/chunks/node_modules_next_dist_f3530cac._.js:2297
[27692781ms] [LOG] [Fast Refresh] rebuilding @ http://localhost:3000/_next/static/chunks/node_modules_next_dist_f3530cac._.js:2297
[27692883ms] [LOG] [Fast Refresh] done in 202ms @ http://localhost:3000/_next/static/chunks/node_modules_next_dist_f3530cac._.js:2297
[27694063ms] [LOG] [Fast Refresh] rebuilding @ http://localhost:3000/_next/static/chunks/node_modules_next_dist_f3530cac._.js:2297
[27694112ms] [LOG] [Fast Refresh] done in 150ms @ http://localhost:3000/_next/static/chunks/node_modules_next_dist_f3530cac._.js:2297
[27694272ms] [LOG] [Fast Refresh] rebuilding @ http://localhost:3000/_next/static/chunks/node_modules_next_dist_f3530cac._.js:2297
[27694283ms] [LOG] [Fast Refresh] done in 113ms @ http://localhost:3000/_next/static/chunks/node_modules_next_dist_f3530cac._.js:2297
[27694385ms] [LOG] [Fast Refresh] rebuilding @ http://localhost:3000/_next/static/chunks/node_modules_next_dist_f3530cac._.js:2297
[27694390ms] [LOG] [Fast Refresh] done in 106ms @ http://localhost:3000/_next/static/chunks/node_modules_next_dist_f3530cac._.js:2297
[27696530ms] [LOG] [Fast Refresh] rebuilding @ http://localhost:3000/_next/static/chunks/node_modules_next_dist_f3530cac._.js:2297
[27696531ms] [LOG] [Fast Refresh] done in 101ms @ http://localhost:3000/_next/static/chunks/node_modules_next_dist_f3530cac._.js:2297
[27696632ms] [LOG] [Fast Refresh] rebuilding @ http://localhost:3000/_next/static/chunks/node_modules_next_dist_f3530cac._.js:2297
[27696644ms] [LOG] [Fast Refresh] done in 112ms @ http://localhost:3000/_next/static/chunks/node_modules_next_dist_f3530cac._.js:2297
[27696745ms] [LOG] [Fast Refresh] rebuilding @ http://localhost:3000/_next/static/chunks/node_modules_next_dist_f3530cac._.js:2297
[27696757ms] [LOG] [Fast Refresh] done in 113ms @ http://localhost:3000/_next/static/chunks/node_modules_next_dist_f3530cac._.js:2297
[27696858ms] [LOG] [Fast Refresh] rebuilding @ http://localhost:3000/_next/static/chunks/node_modules_next_dist_f3530cac._.js:2297
[27696880ms] [LOG] [Fast Refresh] done in 122ms @ http://localhost:3000/_next/static/chunks/node_modules_next_dist_f3530cac._.js:2297
[27697637ms] [LOG] [Fast Refresh] rebuilding @ http://localhost:3000/_next/static/chunks/node_modules_next_dist_f3530cac._.js:2297
[27697656ms] [LOG] [Fast Refresh] done in 121ms @ http://localhost:3000/_next/static/chunks/node_modules_next_dist_f3530cac._.js:2297
[27697757ms] [LOG] [Fast Refresh] rebuilding @ http://localhost:3000/_next/static/chunks/node_modules_next_dist_f3530cac._.js:2297
[27697766ms] [LOG] [Fast Refresh] done in 110ms @ http://localhost:3000/_next/static/chunks/node_modules_next_dist_f3530cac._.js:2297
[27697867ms] [LOG] [Fast Refresh] rebuilding @ http://localhost:3000/_next/static/chunks/node_modules_next_dist_f3530cac._.js:2297
[27697877ms] [LOG] [Fast Refresh] done in 111ms @ http://localhost:3000/_next/static/chunks/node_modules_next_dist_f3530cac._.js:2297
[27697978ms] [LOG] [Fast Refresh] rebuilding @ http://localhost:3000/_next/static/chunks/node_modules_next_dist_f3530cac._.js:2297
[27698030ms] [LOG] [Fast Refresh] done in 153ms @ http://localhost:3000/_next/static/chunks/node_modules_next_dist_f3530cac._.js:2297
[27698137ms] [LOG] [Fast Refresh] rebuilding @ http://localhost:3000/_next/static/chunks/node_modules_next_dist_f3530cac._.js:2297
[27698141ms] [LOG] [Fast Refresh] done in 104ms @ http://localhost:3000/_next/static/chunks/node_modules_next_dist_f3530cac._.js:2297
[27698242ms] [LOG] [Fast Refresh] rebuilding @ http://localhost:3000/_next/static/chunks/node_modules_next_dist_f3530cac._.js:2297
[27698246ms] [LOG] [Fast Refresh] done in 104ms @ http://localhost:3000/_next/static/chunks/node_modules_next_dist_f3530cac._.js:2297
[27698561ms] [LOG] [Fast Refresh] rebuilding @ http://localhost:3000/_next/static/chunks/node_modules_next_dist_f3530cac._.js:2297
[27698563ms] [LOG] [Fast Refresh] done in 102ms @ http://localhost:3000/_next/static/chunks/node_modules_next_dist_f3530cac._.js:2297
[27698665ms] [LOG] [Fast Refresh] rebuilding @ http://localhost:3000/_next/static/chunks/node_modules_next_dist_f3530cac._.js:2297
[27698818ms] [LOG] [Fast Refresh] done in 255ms @ http://localhost:3000/_next/static/chunks/node_modules_next_dist_f3530cac._.js:2297
[27699162ms] [LOG] [Fast Refresh] rebuilding @ http://localhost:3000/_next/static/chunks/node_modules_next_dist_f3530cac._.js:2297
[27699186ms] [LOG] [Fast Refresh] done in 125ms @ http://localhost:3000/_next/static/chunks/node_modules_next_dist_f3530cac._.js:2297
[27699695ms] [LOG] [Fast Refresh] rebuilding @ http://localhost:3000/_next/static/chunks/node_modules_next_dist_f3530cac._.js:2297
[27699715ms] [LOG] [Fast Refresh] done in 121ms @ http://localhost:3000/_next/static/chunks/node_modules_next_dist_f3530cac._.js:2297
[27700094ms] [LOG] [Fast Refresh] rebuilding @ http://localhost:3000/_next/static/chunks/node_modules_next_dist_f3530cac._.js:2297
[27700105ms] [LOG] [Fast Refresh] done in 111ms @ http://localhost:3000/_next/static/chunks/node_modules_next_dist_f3530cac._.js:2297
[27703393ms] [LOG] [Fast Refresh] rebuilding @ http://localhost:3000/_next/static/chunks/node_modules_next_dist_f3530cac._.js:2297
[27703731ms] [LOG] [Fast Refresh] done in 438ms @ http://localhost:3000/_next/static/chunks/node_modules_next_dist_f3530cac._.js:2297
[27706991ms] [LOG] [Fast Refresh] rebuilding @ http://localhost:3000/_next/static/chunks/node_modules_next_dist_f3530cac._.js:2297
[27707517ms] [LOG] [Fast Refresh] done in 627ms @ http://localhost:3000/_next/static/chunks/node_modules_next_dist_f3530cac._.js:2297
[27708353ms] [LOG] [Fast Refresh] rebuilding @ http://localhost:3000/_next/static/chunks/node_modules_next_dist_f3530cac._.js:2297
[27708378ms] [LOG] [Fast Refresh] done in 126ms @ http://localhost:3000/_next/static/chunks/node_modules_next_dist_f3530cac._.js:2297
[27709486ms] [LOG] [Fast Refresh] rebuilding @ http://localhost:3000/_next/static/chunks/node_modules_next_dist_f3530cac._.js:2297
[27709497ms] [LOG] [Fast Refresh] done in 112ms @ http://localhost:3000/_next/static/chunks/node_modules_next_dist_f3530cac._.js:2297
[27717301ms] [LOG] [Fast Refresh] rebuilding @ http://localhost:3000/_next/static/chunks/node_modules_next_dist_f3530cac._.js:2297
[27717835ms] [LOG] [Fast Refresh] done in 610ms @ http://localhost:3000/_next/static/chunks/node_modules_next_dist_f3530cac._.js:2297
[27728163ms] [LOG] [Fast Refresh] rebuilding @ http://localhost:3000/_next/static/chunks/node_modules_next_dist_f3530cac._.js:2297
[27728211ms] [LOG] [Fast Refresh] done in 100ms @ http://localhost:3000/_next/static/chunks/node_modules_next_dist_f3530cac._.js:2297
[27728316ms] [LOG] [Fast Refresh] rebuilding @ http://localhost:3000/_next/static/chunks/node_modules_next_dist_f3530cac._.js:2297
[27728405ms] [LOG] [Fast Refresh] done in 190ms @ http://localhost:3000/_next/static/chunks/node_modules_next_dist_f3530cac._.js:2297
[27734429ms] [LOG] [Fast Refresh] rebuilding @ http://localhost:3000/_next/static/chunks/node_modules_next_dist_f3530cac._.js:2297
[27734525ms] [LOG] [Fast Refresh] done in 114ms @ http://localhost:3000/_next/static/chunks/node_modules_next_dist_f3530cac._.js:2297
[27734670ms] [LOG] [Fast Refresh] rebuilding @ http://localhost:3000/_next/static/chunks/node_modules_next_dist_f3530cac._.js:2297
[27734776ms] [LOG] [Fast Refresh] done in 208ms @ http://localhost:3000/_next/static/chunks/node_modules_next_dist_f3530cac._.js:2297
[27739130ms] [LOG] [Fast Refresh] rebuilding @ http://localhost:3000/_next/static/chunks/node_modules_next_dist_f3530cac._.js:2297
[27739326ms] [LOG] [Fast Refresh] done in 100ms @ http://localhost:3000/_next/static/chunks/node_modules_next_dist_f3530cac._.js:2297
[27739949ms] [LOG] [Fast Refresh] rebuilding @ http://localhost:3000/_next/static/chunks/node_modules_next_dist_f3530cac._.js:2297
[27739960ms] [LOG] [Fast Refresh] done in 113ms @ http://localhost:3000/_next/static/chunks/node_modules_next_dist_f3530cac._.js:2297
[27746941ms] [LOG] [Fast Refresh] rebuilding @ http://localhost:3000/_next/static/chunks/node_modules_next_dist_f3530cac._.js:2297
[27747060ms] [LOG] [Fast Refresh] done in 115ms @ http://localhost:3000/_next/static/chunks/node_modules_next_dist_f3530cac._.js:2297
[27747661ms] [LOG] [Fast Refresh] rebuilding @ http://localhost:3000/_next/static/chunks/node_modules_next_dist_f3530cac._.js:2297
[27747690ms] [LOG] [Fast Refresh] done in 129ms @ http://localhost:3000/_next/static/chunks/node_modules_next_dist_f3530cac._.js:2297
[27757396ms] [LOG] [Fast Refresh] rebuilding @ http://localhost:3000/_next/static/chunks/node_modules_next_dist_f3530cac._.js:2297
[27757519ms] [LOG] [Fast Refresh] done in 198ms @ http://localhost:3000/_next/static/chunks/node_modules_next_dist_f3530cac._.js:2297
[27759446ms] [LOG] [Fast Refresh] rebuilding @ http://localhost:3000/_next/static/chunks/node_modules_next_dist_f3530cac._.js:2297
[27762333ms] [LOG] [Fast Refresh] done in 2989ms @ http://localhost:3000/_next/static/chunks/node_modules_next_dist_f3530cac._.js:2297
[27772419ms] [LOG] [Fast Refresh] rebuilding @ http://localhost:3000/_next/static/chunks/node_modules_next_dist_f3530cac._.js:2297
[27772549ms] [LOG] [Fast Refresh] done in 208ms @ http://localhost:3000/_next/static/chunks/node_modules_next_dist_f3530cac._.js:2297
[27782031ms] [LOG] [Fast Refresh] rebuilding @ http://localhost:3000/_next/static/chunks/node_modules_next_dist_f3530cac._.js:2297
[27782090ms] [LOG] [Fast Refresh] done in 141ms @ http://localhost:3000/_next/static/chunks/node_modules_next_dist_f3530cac._.js:2297
[27801212ms] [LOG] [Fast Refresh] rebuilding @ http://localhost:3000/_next/static/chunks/node_modules_next_dist_f3530cac._.js:2297
[27801308ms] [LOG] [Fast Refresh] done in 197ms @ http://localhost:3000/_next/static/chunks/node_modules_next_dist_f3530cac._.js:2297
[27801511ms] [LOG] [Fast Refresh] rebuilding @ http://localhost:3000/_next/static/chunks/node_modules_next_dist_f3530cac._.js:2297
[27802946ms] [LOG] [Fast Refresh] done in 1526ms @ http://localhost:3000/_next/static/chunks/node_modules_next_dist_f3530cac._.js:2297
[27806007ms] [LOG] [Fast Refresh] rebuilding @ http://localhost:3000/_next/static/chunks/node_modules_next_dist_f3530cac._.js:2297
[27806074ms] [LOG] [Fast Refresh] done in 168ms @ http://localhost:3000/_next/static/chunks/node_modules_next_dist_f3530cac._.js:2297
[27810457ms] [LOG] [Fast Refresh] rebuilding @ http://localhost:3000/_next/static/chunks/node_modules_next_dist_f3530cac._.js:2297
[27810482ms] [LOG] [Fast Refresh] done in 127ms @ http://localhost:3000/_next/static/chunks/node_modules_next_dist_f3530cac._.js:2297
[27811132ms] [LOG] [Fast Refresh] rebuilding @ http://localhost:3000/_next/static/chunks/node_modules_next_dist_f3530cac._.js:2297
[27811190ms] [LOG] [Fast Refresh] done in 159ms @ http://localhost:3000/_next/static/chunks/node_modules_next_dist_f3530cac._.js:2297
[27832995ms] [LOG] [Fast Refresh] rebuilding @ http://localhost:3000/_next/static/chunks/node_modules_next_dist_f3530cac._.js:2297
[27833886ms] [LOG] [Fast Refresh] done in 178ms @ http://localhost:3000/_next/static/chunks/node_modules_next_dist_f3530cac._.js:2297
[27834064ms] [LOG] [Fast Refresh] rebuilding @ http://localhost:3000/_next/static/chunks/node_modules_next_dist_f3530cac._.js:2297
[27834181ms] [LOG] [Fast Refresh] done in 219ms @ http://localhost:3000/_next/static/chunks/node_modules_next_dist_f3530cac._.js:2297
[27834465ms] [LOG] [Fast Refresh] rebuilding @ http://localhost:3000/_next/static/chunks/node_modules_next_dist_f3530cac._.js:2297
[27834474ms] [LOG] [Fast Refresh] done in 110ms @ http://localhost:3000/_next/static/chunks/node_modules_next_dist_f3530cac._.js:2297
[27834673ms] [LOG] [Fast Refresh] rebuilding @ http://localhost:3000/_next/static/chunks/node_modules_next_dist_f3530cac._.js:2297
[27834719ms] [LOG] [Fast Refresh] done in 148ms @ http://localhost:3000/_next/static/chunks/node_modules_next_dist_f3530cac._.js:2297
[27840653ms] [LOG] [Fast Refresh] rebuilding @ http://localhost:3000/_next/static/chunks/node_modules_next_dist_f3530cac._.js:2297
[27840866ms] [LOG] [Fast Refresh] done in 315ms @ http://localhost:3000/_next/static/chunks/node_modules_next_dist_f3530cac._.js:2297
[27846760ms] [LOG] [Fast Refresh] rebuilding @ http://localhost:3000/_next/static/chunks/node_modules_next_dist_f3530cac._.js:2297
[27846985ms] [LOG] [Fast Refresh] done in 326ms @ http://localhost:3000/_next/static/chunks/node_modules_next_dist_f3530cac._.js:2297
[27875850ms] [LOG] [Fast Refresh] rebuilding @ http://localhost:3000/_next/static/chunks/node_modules_next_dist_f3530cac._.js:2297
[27876074ms] [LOG] [Fast Refresh] done in 326ms @ http://localhost:3000/_next/static/chunks/node_modules_next_dist_f3530cac._.js:2297
[27877366ms] [LOG] [Fast Refresh] rebuilding @ http://localhost:3000/_next/static/chunks/node_modules_next_dist_f3530cac._.js:2297
[27877590ms] [LOG] [Fast Refresh] done in 329ms @ http://localhost:3000/_next/static/chunks/node_modules_next_dist_f3530cac._.js:2297
[27891440ms] [LOG] [Fast Refresh] rebuilding @ http://localhost:3000/_next/static/chunks/node_modules_next_dist_f3530cac._.js:2297
[27891551ms] [LOG] [Fast Refresh] done in 213ms @ http://localhost:3000/_next/static/chunks/node_modules_next_dist_f3530cac._.js:2297
[27891653ms] [LOG] [Fast Refresh] rebuilding @ http://localhost:3000/_next/static/chunks/node_modules_next_dist_f3530cac._.js:2297
[27891665ms] [LOG] [Fast Refresh] done in 113ms @ http://localhost:3000/_next/static/chunks/node_modules_next_dist_f3530cac._.js:2297
[27892419ms] [LOG] [Fast Refresh] rebuilding @ http://localhost:3000/_next/static/chunks/node_modules_next_dist_f3530cac._.js:2297
[27892976ms] [LOG] [Fast Refresh] done in 79ms @ http://localhost:3000/_next/static/chunks/node_modules_next_dist_f3530cac._.js:2297
[27893456ms] [LOG] [Fast Refresh] rebuilding @ http://localhost:3000/_next/static/chunks/node_modules_next_dist_f3530cac._.js:2297
[27899500ms] [LOG] [Fast Refresh] done in 6144ms @ http://localhost:3000/_next/static/chunks/node_modules_next_dist_f3530cac._.js:2297
[27902358ms] [LOG] [Fast Refresh] rebuilding @ http://localhost:3000/_next/static/chunks/node_modules_next_dist_f3530cac._.js:2297
[27902713ms] [LOG] [Fast Refresh] done in 457ms @ http://localhost:3000/_next/static/chunks/node_modules_next_dist_f3530cac._.js:2297
[27907444ms] [LOG] [Fast Refresh] rebuilding @ http://localhost:3000/_next/static/chunks/node_modules_next_dist_f3530cac._.js:2297
[27907449ms] [LOG] [Fast Refresh] done in 106ms @ http://localhost:3000/_next/static/chunks/node_modules_next_dist_f3530cac._.js:2297
[27909850ms] [LOG] [Fast Refresh] rebuilding @ http://localhost:3000/_next/static/chunks/node_modules_next_dist_f3530cac._.js:2297
[27909857ms] [LOG] [Fast Refresh] done in 109ms @ http://localhost:3000/_next/static/chunks/node_modules_next_dist_f3530cac._.js:2297
[27913302ms] [LOG] [Fast Refresh] rebuilding @ http://localhost:3000/_next/static/chunks/node_modules_next_dist_f3530cac._.js:2297
[27913487ms] [LOG] [Fast Refresh] done in 286ms @ http://localhost:3000/_next/static/chunks/node_modules_next_dist_f3530cac._.js:2297
[27915457ms] [LOG] [Fast Refresh] rebuilding @ http://localhost:3000/_next/static/chunks/node_modules_next_dist_f3530cac._.js:2297
[27915552ms] [LOG] [Fast Refresh] done in 196ms @ http://localhost:3000/_next/static/chunks/node_modules_next_dist_f3530cac._.js:2297
[27918430ms] [LOG] [Fast Refresh] rebuilding @ http://localhost:3000/_next/static/chunks/node_modules_next_dist_f3530cac._.js:2297
[27918473ms] [LOG] [Fast Refresh] done in 143ms @ http://localhost:3000/_next/static/chunks/node_modules_next_dist_f3530cac._.js:2297
[27925337ms] [LOG] [Fast Refresh] rebuilding @ http://localhost:3000/_next/static/chunks/node_modules_next_dist_f3530cac._.js:2297
[27925414ms] [LOG] [Fast Refresh] done in 181ms @ http://localhost:3000/_next/static/chunks/node_modules_next_dist_f3530cac._.js:2297
[27929819ms] [LOG] [Fast Refresh] rebuilding @ http://localhost:3000/_next/static/chunks/node_modules_next_dist_f3530cac._.js:2297
[27929902ms] [LOG] [Fast Refresh] done in 183ms @ http://localhost:3000/_next/static/chunks/node_modules_next_dist_f3530cac._.js:2297
[27931593ms] [LOG] [Fast Refresh] rebuilding @ http://localhost:3000/_next/static/chunks/node_modules_next_dist_f3530cac._.js:2297
[27931613ms] [LOG] [Fast Refresh] done in 122ms @ http://localhost:3000/_next/static/chunks/node_modules_next_dist_f3530cac._.js:2297
[27935338ms] [LOG] [Fast Refresh] rebuilding @ http://localhost:3000/_next/static/chunks/node_modules_next_dist_f3530cac._.js:2297
[27935495ms] [LOG] [Fast Refresh] done in 258ms @ http://localhost:3000/_next/static/chunks/node_modules_next_dist_f3530cac._.js:2297
[27935998ms] [LOG] [Fast Refresh] rebuilding @ http://localhost:3000/_next/static/chunks/node_modules_next_dist_f3530cac._.js:2297
[27936049ms] [LOG] [Fast Refresh] done in 153ms @ http://localhost:3000/_next/static/chunks/node_modules_next_dist_f3530cac._.js:2297
[27942153ms] [LOG] [Fast Refresh] rebuilding @ http://localhost:3000/_next/static/chunks/node_modules_next_dist_f3530cac._.js:2297
[27944003ms] [LOG] [Fast Refresh] done in 1202ms @ http://localhost:3000/_next/static/chunks/node_modules_next_dist_f3530cac._.js:2297
[27945055ms] [LOG] [Fast Refresh] rebuilding @ http://localhost:3000/_next/static/chunks/node_modules_next_dist_f3530cac._.js:2297
[27945055ms] [LOG] [Fast Refresh] done in 298ms @ http://localhost:3000/_next/static/chunks/node_modules_next_dist_f3530cac._.js:2297
[27947700ms] [LOG] [Fast Refresh] rebuilding @ http://localhost:3000/_next/static/chunks/node_modules_next_dist_f3530cac._.js:2297
[27947712ms] [LOG] [Fast Refresh] done in 112ms @ http://localhost:3000/_next/static/chunks/node_modules_next_dist_f3530cac._.js:2297
[27950804ms] [LOG] [Fast Refresh] rebuilding @ http://localhost:3000/_next/static/chunks/node_modules_next_dist_f3530cac._.js:2297
[27950809ms] [LOG] [Fast Refresh] done in 268ms @ http://localhost:3000/_next/static/chunks/node_modules_next_dist_f3530cac._.js:2297
[27958753ms] [LOG] [Fast Refresh] rebuilding @ http://localhost:3000/_next/static/chunks/node_modules_next_dist_f3530cac._.js:2297
[27958796ms] [LOG] [Fast Refresh] done in 144ms @ http://localhost:3000/_next/static/chunks/node_modules_next_dist_f3530cac._.js:2297
[27959313ms] [LOG] [Fast Refresh] rebuilding @ http://localhost:3000/_next/static/chunks/node_modules_next_dist_f3530cac._.js:2297
[27959571ms] [LOG] [Fast Refresh] done in 359ms @ http://localhost:3000/_next/static/chunks/node_modules_next_dist_f3530cac._.js:2297
[27962672ms] [LOG] [Fast Refresh] rebuilding @ http://localhost:3000/_next/static/chunks/node_modules_next_dist_f3530cac._.js:2297
[27965524ms] [LOG] [Fast Refresh] done in 1277ms @ http://localhost:3000/_next/static/chunks/node_modules_next_dist_f3530cac._.js:2297
[27968235ms] [LOG] [Fast Refresh] rebuilding @ http://localhost:3000/_next/static/chunks/node_modules_next_dist_f3530cac._.js:2297
[27969376ms] [LOG] [Fast Refresh] done in 1246ms @ http://localhost:3000/_next/static/chunks/node_modules_next_dist_f3530cac._.js:2297
[27975763ms] [LOG] [Fast Refresh] rebuilding @ http://localhost:3000/_next/static/chunks/node_modules_next_dist_f3530cac._.js:2297
[27976317ms] [LOG] [Fast Refresh] done in 656ms @ http://localhost:3000/_next/static/chunks/node_modules_next_dist_f3530cac._.js:2297
[27980798ms] [LOG] [Fast Refresh] rebuilding @ http://localhost:3000/_next/static/chunks/node_modules_next_dist_f3530cac._.js:2297
[27981050ms] [ERROR] Failed to load resource: net::ERR_INCOMPLETE_CHUNKED_ENCODING @ http://localhost:3000/contracts/d9258b20-b3c3-4101-ad68-f4fb6775ad6f?_rsc=1bsdz:0
[27981060ms] [ERROR] Failed to load resource: net::ERR_INCOMPLETE_CHUNKED_ENCODING @ http://localhost:3000/contracts/d9258b20-b3c3-4101-ad68-f4fb6775ad6f?_rsc=1bsdz:0
[27981067ms] [ERROR] Failed to fetch RSC payload for http://localhost:3000/contracts/d9258b20-b3c3-4101-ad68-f4fb6775ad6f. Falling back to browser navigation. TypeError: network error @ http://localhost:3000/_next/static/chunks/node_modules_next_dist_f3530cac._.js:3127
[27981091ms] [ERROR] Failed to load resource: net::ERR_INCOMPLETE_CHUNKED_ENCODING @ http://localhost:3000/contracts/d9258b20-b3c3-4101-ad68-f4fb6775ad6f?_rsc=1bsdz:0
[27981091ms] [ERROR] Failed to fetch RSC payload for http://localhost:3000/contracts/d9258b20-b3c3-4101-ad68-f4fb6775ad6f. Falling back to browser navigation. TypeError: network error @ http://localhost:3000/_next/static/chunks/node_modules_next_dist_f3530cac._.js:3127
[27981098ms] [ERROR] Failed to load resource: net::ERR_INCOMPLETE_CHUNKED_ENCODING @ http://localhost:3000/contracts/d9258b20-b3c3-4101-ad68-f4fb6775ad6f?_rsc=1bsdz:0
[27981272ms] [ERROR] Failed to load resource: net::ERR_CONNECTION_RESET @ http://localhost:3000/contracts/d9258b20-b3c3-4101-ad68-f4fb6775ad6f?_rsc=1bsdz:0
[27981272ms] [ERROR] Failed to fetch RSC payload for http://localhost:3000/contracts/d9258b20-b3c3-4101-ad68-f4fb6775ad6f. Falling back to browser navigation. TypeError: Failed to fetch
    at createFetch (http://localhost:3000/_next/static/chunks/node_modules_next_dist_client_17643121._.js:2588:24)
    at fetchServerResponse (http://localhost:3000/_next/static/chunks/node_modules_next_dist_client_17643121._.js:2490:27)
    at fetchMissingDynamicData (http://localhost:3000/_next/static/chunks/node_modules_next_dist_client_17643121._.js:3654:75)
    at spawnDynamicRequests (http://localhost:3000/_next/static/chunks/node_modules_next_dist_client_17643121._.js:3501:35)
    at navigateToSeededRoute (http://localhost:3000/_next/static/chunks/node_modules_next_dist_client_17643121._.js:7741:50)
    at refreshDynamicData (http://localhost:3000/_next/static/chunks/node_modules_next_dist_client_17643121._.js:8347:58)
    at hmrRefreshReducer (http://localhost:3000/_next/static/chunks/node_modules_next_dist_client_17643121._.js:8513:51)
    at clientReducer (http://localhost:3000/_next/static/chunks/node_modules_next_dist_client_17643121._.js:9081:65)
    at Object.action (http://localhost:3000/_next/static/chunks/node_modules_next_dist_client_17643121._.js:9310:55)
    at runAction (http://localhost:3000/_next/static/chunks/node_modules_next_dist_client_17643121._.js:9215:38)
    at dispatchAction (http://localhost:3000/_next/static/chunks/node_modules_next_dist_client_17643121._.js:9278:9)
    at Object.dispatch (http://localhost:3000/_next/static/chunks/node_modules_next_dist_client_17643121._.js:9308:40)
    at http://localhost:3000/_next/static/chunks/node_modules_next_dist_client_17643121._.js:1489:29
    at startTransition (http://localhost:3000/_next/static/chunks/node_modules_next_dist_compiled_react-dom_1e674e59._.js:5500:31)
    at dispatch (http://localhost:3000/_next/static/chunks/node_modules_next_dist_client_17643121._.js:1488:13)
    at dispatchAppRouterAction (http://localhost:3000/_next/static/chunks/node_modules_next_dist_client_17643121._.js:1470:5)
    at http://localhost:3000/_next/static/chunks/node_modules_next_dist_client_17643121._.js:9439:61
    at startTransition (http://localhost:3000/_next/static/chunks/node_modules_next_dist_compiled_a0e4c7b4._.js:1279:31)
    at Object.hmrRefresh (http://localhost:3000/_next/static/chunks/node_modules_next_dist_client_17643121._.js:9438:40)
    at processMessage (http://localhost:3000/_next/static/chunks/node_modules_next_dist_client_17643121._.js:11643:67)
    at WebSocket.handleMessage (http://localhost:3000/_next/static/chunks/node_modules_next_dist_client_17643121._.js:10914:52) @ http://localhost:3000/_next/static/chunks/node_modules_next_dist_f3530cac._.js:3127
[27981273ms] [ERROR] Failed to load resource: net::ERR_CONNECTION_REFUSED @ http://localhost:3000/contracts/d9258b20-b3c3-4101-ad68-f4fb6775ad6f?_rsc=1bsdz:0
[27981274ms] [ERROR] Failed to fetch RSC payload for http://localhost:3000/contracts/d9258b20-b3c3-4101-ad68-f4fb6775ad6f. Falling back to browser navigation. TypeError: Failed to fetch
    at createFetch (http://localhost:3000/_next/static/chunks/node_modules_next_dist_client_17643121._.js:2588:24)
    at fetchServerResponse (http://localhost:3000/_next/static/chunks/node_modules_next_dist_client_17643121._.js:2490:27)
    at fetchMissingDynamicData (http://localhost:3000/_next/static/chunks/node_modules_next_dist_client_17643121._.js:3654:75)
    at spawnDynamicRequests (http://localhost:3000/_next/static/chunks/node_modules_next_dist_client_17643121._.js:3501:35)
    at navigateToSeededRoute (http://localhost:3000/_next/static/chunks/node_modules_next_dist_client_17643121._.js:7741:50)
    at refreshDynamicData (http://localhost:3000/_next/static/chunks/node_modules_next_dist_client_17643121._.js:8347:58)
    at hmrRefreshReducer (http://localhost:3000/_next/static/chunks/node_modules_next_dist_client_17643121._.js:8513:51)
    at clientReducer (http://localhost:3000/_next/static/chunks/node_modules_next_dist_client_17643121._.js:9081:65)
    at Object.action (http://localhost:3000/_next/static/chunks/node_modules_next_dist_client_17643121._.js:9310:55)
    at runAction (http://localhost:3000/_next/static/chunks/node_modules_next_dist_client_17643121._.js:9215:38)
    at dispatchAction (http://localhost:3000/_next/static/chunks/node_modules_next_dist_client_17643121._.js:9278:9)
    at Object.dispatch (http://localhost:3000/_next/static/chunks/node_modules_next_dist_client_17643121._.js:9308:40)
    at http://localhost:3000/_next/static/chunks/node_modules_next_dist_client_17643121._.js:1489:29
    at startTransition (http://localhost:3000/_next/static/chunks/node_modules_next_dist_compiled_react-dom_1e674e59._.js:5500:31)
    at dispatch (http://localhost:3000/_next/static/chunks/node_modules_next_dist_client_17643121._.js:1488:13)
    at dispatchAppRouterAction (http://localhost:3000/_next/static/chunks/node_modules_next_dist_client_17643121._.js:1470:5)
    at http://localhost:3000/_next/static/chunks/node_modules_next_dist_client_17643121._.js:9439:61
    at startTransition (http://localhost:3000/_next/static/chunks/node_modules_next_dist_compiled_a0e4c7b4._.js:1279:31)
    at Object.hmrRefresh (http://localhost:3000/_next/static/chunks/node_modules_next_dist_client_17643121._.js:9438:40)
    at processMessage (http://localhost:3000/_next/static/chunks/node_modules_next_dist_client_17643121._.js:11643:67)
    at WebSocket.handleMessage (http://localhost:3000/_next/static/chunks/node_modules_next_dist_client_17643121._.js:10914:52) @ http://localhost:3000/_next/static/chunks/node_modules_next_dist_f3530cac._.js:3127
[27981275ms] [ERROR] Failed to load resource: net::ERR_CONNECTION_REFUSED @ http://localhost:3000/contracts/d9258b20-b3c3-4101-ad68-f4fb6775ad6f?_rsc=1bsdz:0
[27981275ms] [ERROR] Failed to fetch RSC payload for http://localhost:3000/contracts/d9258b20-b3c3-4101-ad68-f4fb6775ad6f. Falling back to browser navigation. TypeError: Failed to fetch
    at createFetch (http://localhost:3000/_next/static/chunks/node_modules_next_dist_client_17643121._.js:2588:24)
    at fetchServerResponse (http://localhost:3000/_next/static/chunks/node_modules_next_dist_client_17643121._.js:2490:27)
    at fetchMissingDynamicData (http://localhost:3000/_next/static/chunks/node_modules_next_dist_client_17643121._.js:3654:75)
    at spawnDynamicRequests (http://localhost:3000/_next/static/chunks/node_modules_next_dist_client_17643121._.js:3501:35)
    at navigateToSeededRoute (http://localhost:3000/_next/static/chunks/node_modules_next_dist_client_17643121._.js:7741:50)
    at refreshDynamicData (http://localhost:3000/_next/static/chunks/node_modules_next_dist_client_17643121._.js:8347:58)
    at hmrRefreshReducer (http://localhost:3000/_next/static/chunks/node_modules_next_dist_client_17643121._.js:8513:51)
    at clientReducer (http://localhost:3000/_next/static/chunks/node_modules_next_dist_client_17643121._.js:9081:65)
    at Object.action (http://localhost:3000/_next/static/chunks/node_modules_next_dist_client_17643121._.js:9310:55)
    at runAction (http://localhost:3000/_next/static/chunks/node_modules_next_dist_client_17643121._.js:9215:38)
    at dispatchAction (http://localhost:3000/_next/static/chunks/node_modules_next_dist_client_17643121._.js:9278:9)
    at Object.dispatch (http://localhost:3000/_next/static/chunks/node_modules_next_dist_client_17643121._.js:9308:40)
    at http://localhost:3000/_next/static/chunks/node_modules_next_dist_client_17643121._.js:1489:29
    at startTransition (http://localhost:3000/_next/static/chunks/node_modules_next_dist_compiled_react-dom_1e674e59._.js:5500:31)
    at dispatch (http://localhost:3000/_next/static/chunks/node_modules_next_dist_client_17643121._.js:1488:13)
    at dispatchAppRouterAction (http://localhost:3000/_next/static/chunks/node_modules_next_dist_client_17643121._.js:1470:5)
    at http://localhost:3000/_next/static/chunks/node_modules_next_dist_client_17643121._.js:9439:61
    at startTransition (http://localhost:3000/_next/static/chunks/node_modules_next_dist_compiled_a0e4c7b4._.js:1279:31)
    at Object.hmrRefresh (http://localhost:3000/_next/static/chunks/node_modules_next_dist_client_17643121._.js:9438:40)
    at processMessage (http://localhost:3000/_next/static/chunks/node_modules_next_dist_client_17643121._.js:11643:67)
    at WebSocket.handleMessage (http://localhost:3000/_next/static/chunks/node_modules_next_dist_client_17643121._.js:10914:52) @ http://localhost:3000/_next/static/chunks/node_modules_next_dist_f3530cac._.js:3127
[27981278ms] [ERROR] Failed to load resource: net::ERR_CONNECTION_REFUSED @ http://localhost:3000/contracts/d9258b20-b3c3-4101-ad68-f4fb6775ad6f?_rsc=1bsdz:0
[27981278ms] [ERROR] Failed to fetch RSC payload for http://localhost:3000/contracts/d9258b20-b3c3-4101-ad68-f4fb6775ad6f. Falling back to browser navigation. TypeError: Failed to fetch
    at createFetch (http://localhost:3000/_next/static/chunks/node_modules_next_dist_client_17643121._.js:2588:24)
    at fetchServerResponse (http://localhost:3000/_next/static/chunks/node_modules_next_dist_client_17643121._.js:2490:27)
    at fetchMissingDynamicData (http://localhost:3000/_next/static/chunks/node_modules_next_dist_client_17643121._.js:3654:75)
    at spawnDynamicRequests (http://localhost:3000/_next/static/chunks/node_modules_next_dist_client_17643121._.js:3501:35)
    at navigateToSeededRoute (http://localhost:3000/_next/static/chunks/node_modules_next_dist_client_17643121._.js:7741:50)
    at refreshDynamicData (http://localhost:3000/_next/static/chunks/node_modules_next_dist_client_17643121._.js:8347:58)
    at hmrRefreshReducer (http://localhost:3000/_next/static/chunks/node_modules_next_dist_client_17643121._.js:8513:51)
    at clientReducer (http://localhost:3000/_next/static/chunks/node_modules_next_dist_client_17643121._.js:9081:65)
    at Object.action (http://localhost:3000/_next/static/chunks/node_modules_next_dist_client_17643121._.js:9310:55)
    at runAction (http://localhost:3000/_next/static/chunks/node_modules_next_dist_client_17643121._.js:9215:38)
    at dispatchAction (http://localhost:3000/_next/static/chunks/node_modules_next_dist_client_17643121._.js:9278:9)
    at Object.dispatch (http://localhost:3000/_next/static/chunks/node_modules_next_dist_client_17643121._.js:9308:40)
    at http://localhost:3000/_next/static/chunks/node_modules_next_dist_client_17643121._.js:1489:29
    at startTransition (http://localhost:3000/_next/static/chunks/node_modules_next_dist_compiled_react-dom_1e674e59._.js:5500:31)
    at dispatch (http://localhost:3000/_next/static/chunks/node_modules_next_dist_client_17643121._.js:1488:13)
    at dispatchAppRouterAction (http://localhost:3000/_next/static/chunks/node_modules_next_dist_client_17643121._.js:1470:5)
    at http://localhost:3000/_next/static/chunks/node_modules_next_dist_client_17643121._.js:9439:61
    at startTransition (http://localhost:3000/_next/static/chunks/node_modules_next_dist_compiled_a0e4c7b4._.js:1279:31)
    at Object.hmrRefresh (http://localhost:3000/_next/static/chunks/node_modules_next_dist_client_17643121._.js:9438:40)
    at processMessage (http://localhost:3000/_next/static/chunks/node_modules_next_dist_client_17643121._.js:11643:67)
    at WebSocket.handleMessage (http://localhost:3000/_next/static/chunks/node_modules_next_dist_client_17643121._.js:10914:52) @ http://localhost:3000/_next/static/chunks/node_modules_next_dist_f3530cac._.js:3127
[27981278ms] [ERROR] Failed to load resource: net::ERR_CONNECTION_REFUSED @ http://localhost:3000/__nextjs_original-stack-frames:0
[27981279ms] [ERROR] Failed to load resource: net::ERR_CONNECTION_REFUSED @ http://localhost:3000/contracts/d9258b20-b3c3-4101-ad68-f4fb6775ad6f?_rsc=1bsdz:0
[27981279ms] [ERROR] Failed to fetch RSC payload for http://localhost:3000/contracts/d9258b20-b3c3-4101-ad68-f4fb6775ad6f. Falling back to browser navigation. TypeError: Failed to fetch
    at createFetch (http://localhost:3000/_next/static/chunks/node_modules_next_dist_client_17643121._.js:2588:24)
    at fetchServerResponse (http://localhost:3000/_next/static/chunks/node_modules_next_dist_client_17643121._.js:2490:27)
    at fetchMissingDynamicData (http://localhost:3000/_next/static/chunks/node_modules_next_dist_client_17643121._.js:3654:75)
    at spawnDynamicRequests (http://localhost:3000/_next/static/chunks/node_modules_next_dist_client_17643121._.js:3501:35)
    at navigateToSeededRoute (http://localhost:3000/_next/static/chunks/node_modules_next_dist_client_17643121._.js:7741:50)
    at refreshDynamicData (http://localhost:3000/_next/static/chunks/node_modules_next_dist_client_17643121._.js:8347:58)
    at hmrRefreshReducer (http://localhost:3000/_next/static/chunks/node_modules_next_dist_client_17643121._.js:8513:51)
    at clientReducer (http://localhost:3000/_next/static/chunks/node_modules_next_dist_client_17643121._.js:9081:65)
    at Object.action (http://localhost:3000/_next/static/chunks/node_modules_next_dist_client_17643121._.js:9310:55)
    at runAction (http://localhost:3000/_next/static/chunks/node_modules_next_dist_client_17643121._.js:9215:38)
    at dispatchAction (http://localhost:3000/_next/static/chunks/node_modules_next_dist_client_17643121._.js:9278:9)
    at Object.dispatch (http://localhost:3000/_next/static/chunks/node_modules_next_dist_client_17643121._.js:9308:40)
    at http://localhost:3000/_next/static/chunks/node_modules_next_dist_client_17643121._.js:1489:29
    at startTransition (http://localhost:3000/_next/static/chunks/node_modules_next_dist_compiled_react-dom_1e674e59._.js:5500:31)
    at dispatch (http://localhost:3000/_next/static/chunks/node_modules_next_dist_client_17643121._.js:1488:13)
    at dispatchAppRouterAction (http://localhost:3000/_next/static/chunks/node_modules_next_dist_client_17643121._.js:1470:5)
    at http://localhost:3000/_next/static/chunks/node_modules_next_dist_client_17643121._.js:9439:61
    at startTransition (http://localhost:3000/_next/static/chunks/node_modules_next_dist_compiled_a0e4c7b4._.js:1279:31)
    at Object.hmrRefresh (http://localhost:3000/_next/static/chunks/node_modules_next_dist_client_17643121._.js:9438:40)
    at processMessage (http://localhost:3000/_next/static/chunks/node_modules_next_dist_client_17643121._.js:11643:67)
    at WebSocket.handleMessage (http://localhost:3000/_next/static/chunks/node_modules_next_dist_client_17643121._.js:10914:52) @ http://localhost:3000/_next/static/chunks/node_modules_next_dist_f3530cac._.js:3127
[27981279ms] [ERROR] Failed to load resource: net::ERR_CONNECTION_REFUSED @ http://localhost:3000/contracts/d9258b20-b3c3-4101-ad68-f4fb6775ad6f?_rsc=1bsdz:0
[27981279ms] [ERROR] Failed to fetch RSC payload for http://localhost:3000/contracts/d9258b20-b3c3-4101-ad68-f4fb6775ad6f. Falling back to browser navigation. TypeError: Failed to fetch
    at createFetch (http://localhost:3000/_next/static/chunks/node_modules_next_dist_client_17643121._.js:2588:24)
    at fetchServerResponse (http://localhost:3000/_next/static/chunks/node_modules_next_dist_client_17643121._.js:2490:27)
    at fetchMissingDynamicData (http://localhost:3000/_next/static/chunks/node_modules_next_dist_client_17643121._.js:3654:75)
    at spawnDynamicRequests (http://localhost:3000/_next/static/chunks/node_modules_next_dist_client_17643121._.js:3501:35)
    at navigateToSeededRoute (http://localhost:3000/_next/static/chunks/node_modules_next_dist_client_17643121._.js:7741:50)
    at refreshDynamicData (http://localhost:3000/_next/static/chunks/node_modules_next_dist_client_17643121._.js:8347:58)
    at hmrRefreshReducer (http://localhost:3000/_next/static/chunks/node_modules_next_dist_client_17643121._.js:8513:51)
    at clientReducer (http://localhost:3000/_next/static/chunks/node_modules_next_dist_client_17643121._.js:9081:65)
    at Object.action (http://localhost:3000/_next/static/chunks/node_modules_next_dist_client_17643121._.js:9310:55)
    at runAction (http://localhost:3000/_next/static/chunks/node_modules_next_dist_client_17643121._.js:9215:38)
    at dispatchAction (http://localhost:3000/_next/static/chunks/node_modules_next_dist_client_17643121._.js:9278:9)
    at Object.dispatch (http://localhost:3000/_next/static/chunks/node_modules_next_dist_client_17643121._.js:9308:40)
    at http://localhost:3000/_next/static/chunks/node_modules_next_dist_client_17643121._.js:1489:29
    at startTransition (http://localhost:3000/_next/static/chunks/node_modules_next_dist_compiled_react-dom_1e674e59._.js:5500:31)
    at dispatch (http://localhost:3000/_next/static/chunks/node_modules_next_dist_client_17643121._.js:1488:13)
    at dispatchAppRouterAction (http://localhost:3000/_next/static/chunks/node_modules_next_dist_client_17643121._.js:1470:5)
    at http://localhost:3000/_next/static/chunks/node_modules_next_dist_client_17643121._.js:9439:61
    at startTransition (http://localhost:3000/_next/static/chunks/node_modules_next_dist_compiled_a0e4c7b4._.js:1279:31)
    at Object.hmrRefresh (http://localhost:3000/_next/static/chunks/node_modules_next_dist_client_17643121._.js:9438:40)
    at processMessage (http://localhost:3000/_next/static/chunks/node_modules_next_dist_client_17643121._.js:11643:67)
    at WebSocket.handleMessage (http://localhost:3000/_next/static/chunks/node_modules_next_dist_client_17643121._.js:10914:52) @ http://localhost:3000/_next/static/chunks/node_modules_next_dist_f3530cac._.js:3127
[27981280ms] [ERROR] Failed to load resource: net::ERR_CONNECTION_REFUSED @ http://localhost:3000/contracts/d9258b20-b3c3-4101-ad68-f4fb6775ad6f?_rsc=1bsdz:0
[27981280ms] [ERROR] Failed to fetch RSC payload for http://localhost:3000/contracts/d9258b20-b3c3-4101-ad68-f4fb6775ad6f. Falling back to browser navigation. TypeError: Failed to fetch
    at createFetch (http://localhost:3000/_next/static/chunks/node_modules_next_dist_client_17643121._.js:2588:24)
    at fetchServerResponse (http://localhost:3000/_next/static/chunks/node_modules_next_dist_client_17643121._.js:2490:27)
    at fetchMissingDynamicData (http://localhost:3000/_next/static/chunks/node_modules_next_dist_client_17643121._.js:3654:75)
    at spawnDynamicRequests (http://localhost:3000/_next/static/chunks/node_modules_next_dist_client_17643121._.js:3501:35)
    at navigateToSeededRoute (http://localhost:3000/_next/static/chunks/node_modules_next_dist_client_17643121._.js:7741:50)
    at refreshDynamicData (http://localhost:3000/_next/static/chunks/node_modules_next_dist_client_17643121._.js:8347:58)
    at hmrRefreshReducer (http://localhost:3000/_next/static/chunks/node_modules_next_dist_client_17643121._.js:8513:51)
    at clientReducer (http://localhost:3000/_next/static/chunks/node_modules_next_dist_client_17643121._.js:9081:65)
    at Object.action (http://localhost:3000/_next/static/chunks/node_modules_next_dist_client_17643121._.js:9310:55)
    at runAction (http://localhost:3000/_next/static/chunks/node_modules_next_dist_client_17643121._.js:9215:38)
    at dispatchAction (http://localhost:3000/_next/static/chunks/node_modules_next_dist_client_17643121._.js:9278:9)
    at Object.dispatch (http://localhost:3000/_next/static/chunks/node_modules_next_dist_client_17643121._.js:9308:40)
    at http://localhost:3000/_next/static/chunks/node_modules_next_dist_client_17643121._.js:1489:29
    at startTransition (http://localhost:3000/_next/static/chunks/node_modules_next_dist_compiled_react-dom_1e674e59._.js:5500:31)
    at dispatch (http://localhost:3000/_next/static/chunks/node_modules_next_dist_client_17643121._.js:1488:13)
    at dispatchAppRouterAction (http://localhost:3000/_next/static/chunks/node_modules_next_dist_client_17643121._.js:1470:5)
    at http://localhost:3000/_next/static/chunks/node_modules_next_dist_client_17643121._.js:9439:61
    at startTransition (http://localhost:3000/_next/static/chunks/node_modules_next_dist_compiled_a0e4c7b4._.js:1279:31)
    at Object.hmrRefresh (http://localhost:3000/_next/static/chunks/node_modules_next_dist_client_17643121._.js:9438:40)
    at processMessage (http://localhost:3000/_next/static/chunks/node_modules_next_dist_client_17643121._.js:11643:67)
    at WebSocket.handleMessage (http://localhost:3000/_next/static/chunks/node_modules_next_dist_client_17643121._.js:10914:52) @ http://localhost:3000/_next/static/chunks/node_modules_next_dist_f3530cac._.js:3127
[27981280ms] [ERROR] Failed to load resource: net::ERR_CONNECTION_REFUSED @ http://localhost:3000/contracts/d9258b20-b3c3-4101-ad68-f4fb6775ad6f?_rsc=1bsdz:0
[27981280ms] [ERROR] Failed to fetch RSC payload for http://localhost:3000/contracts/d9258b20-b3c3-4101-ad68-f4fb6775ad6f. Falling back to browser navigation. TypeError: Failed to fetch
    at createFetch (http://localhost:3000/_next/static/chunks/node_modules_next_dist_client_17643121._.js:2588:24)
    at fetchServerResponse (http://localhost:3000/_next/static/chunks/node_modules_next_dist_client_17643121._.js:2490:27)
    at fetchMissingDynamicData (http://localhost:3000/_next/static/chunks/node_modules_next_dist_client_17643121._.js:3654:75)
    at spawnDynamicRequests (http://localhost:3000/_next/static/chunks/node_modules_next_dist_client_17643121._.js:3501:35)
    at navigateToSeededRoute (http://localhost:3000/_next/static/chunks/node_modules_next_dist_client_17643121._.js:7741:50)
    at refreshDynamicData (http://localhost:3000/_next/static/chunks/node_modules_next_dist_client_17643121._.js:8347:58)
    at hmrRefreshReducer (http://localhost:3000/_next/static/chunks/node_modules_next_dist_client_17643121._.js:8513:51)
    at clientReducer (http://localhost:3000/_next/static/chunks/node_modules_next_dist_client_17643121._.js:9081:65)
    at Object.action (http://localhost:3000/_next/static/chunks/node_modules_next_dist_client_17643121._.js:9310:55)
    at runAction (http://localhost:3000/_next/static/chunks/node_modules_next_dist_client_17643121._.js:9215:38)
    at dispatchAction (http://localhost:3000/_next/static/chunks/node_modules_next_dist_client_17643121._.js:9278:9)
    at Object.dispatch (http://localhost:3000/_next/static/chunks/node_modules_next_dist_client_17643121._.js:9308:40)
    at http://localhost:3000/_next/static/chunks/node_modules_next_dist_client_17643121._.js:1489:29
    at startTransition (http://localhost:3000/_next/static/chunks/node_modules_next_dist_compiled_react-dom_1e674e59._.js:5500:31)
    at dispatch (http://localhost:3000/_next/static/chunks/node_modules_next_dist_client_17643121._.js:1488:13)
    at dispatchAppRouterAction (http://localhost:3000/_next/static/chunks/node_modules_next_dist_client_17643121._.js:1470:5)
    at http://localhost:3000/_next/static/chunks/node_modules_next_dist_client_17643121._.js:9439:61
    at startTransition (http://localhost:3000/_next/static/chunks/node_modules_next_dist_compiled_a0e4c7b4._.js:1279:31)
    at Object.hmrRefresh (http://localhost:3000/_next/static/chunks/node_modules_next_dist_client_17643121._.js:9438:40)
    at processMessage (http://localhost:3000/_next/static/chunks/node_modules_next_dist_client_17643121._.js:11643:67)
    at WebSocket.handleMessage (http://localhost:3000/_next/static/chunks/node_modules_next_dist_client_17643121._.js:10914:52) @ http://localhost:3000/_next/static/chunks/node_modules_next_dist_f3530cac._.js:3127
[27981281ms] [ERROR] Failed to load resource: net::ERR_CONNECTION_REFUSED @ http://localhost:3000/contracts/d9258b20-b3c3-4101-ad68-f4fb6775ad6f?_rsc=1bsdz:0
[27981281ms] [ERROR] Failed to fetch RSC payload for http://localhost:3000/contracts/d9258b20-b3c3-4101-ad68-f4fb6775ad6f. Falling back to browser navigation. TypeError: Failed to fetch
    at createFetch (http://localhost:3000/_next/static/chunks/node_modules_next_dist_client_17643121._.js:2588:24)
    at fetchServerResponse (http://localhost:3000/_next/static/chunks/node_modules_next_dist_client_17643121._.js:2490:27)
    at fetchMissingDynamicData (http://localhost:3000/_next/static/chunks/node_modules_next_dist_client_17643121._.js:3654:75)
    at spawnDynamicRequests (http://localhost:3000/_next/static/chunks/node_modules_next_dist_client_17643121._.js:3501:35)
    at navigateToSeededRoute (http://localhost:3000/_next/static/chunks/node_modules_next_dist_client_17643121._.js:7741:50)
    at refreshDynamicData (http://localhost:3000/_next/static/chunks/node_modules_next_dist_client_17643121._.js:8347:58)
    at hmrRefreshReducer (http://localhost:3000/_next/static/chunks/node_modules_next_dist_client_17643121._.js:8513:51)
    at clientReducer (http://localhost:3000/_next/static/chunks/node_modules_next_dist_client_17643121._.js:9081:65)
    at Object.action (http://localhost:3000/_next/static/chunks/node_modules_next_dist_client_17643121._.js:9310:55)
    at runAction (http://localhost:3000/_next/static/chunks/node_modules_next_dist_client_17643121._.js:9215:38)
    at dispatchAction (http://localhost:3000/_next/static/chunks/node_modules_next_dist_client_17643121._.js:9278:9)
    at Object.dispatch (http://localhost:3000/_next/static/chunks/node_modules_next_dist_client_17643121._.js:9308:40)
    at http://localhost:3000/_next/static/chunks/node_modules_next_dist_client_17643121._.js:1489:29
    at startTransition (http://localhost:3000/_next/static/chunks/node_modules_next_dist_compiled_react-dom_1e674e59._.js:5500:31)
    at dispatch (http://localhost:3000/_next/static/chunks/node_modules_next_dist_client_17643121._.js:1488:13)
    at dispatchAppRouterAction (http://localhost:3000/_next/static/chunks/node_modules_next_dist_client_17643121._.js:1470:5)
    at http://localhost:3000/_next/static/chunks/node_modules_next_dist_client_17643121._.js:9439:61
    at startTransition (http://localhost:3000/_next/static/chunks/node_modules_next_dist_compiled_a0e4c7b4._.js:1279:31)
    at Object.hmrRefresh (http://localhost:3000/_next/static/chunks/node_modules_next_dist_client_17643121._.js:9438:40)
    at processMessage (http://localhost:3000/_next/static/chunks/node_modules_next_dist_client_17643121._.js:11643:67)
    at WebSocket.handleMessage (http://localhost:3000/_next/static/chunks/node_modules_next_dist_client_17643121._.js:10914:52) @ http://localhost:3000/_next/static/chunks/node_modules_next_dist_f3530cac._.js:3127
[27981281ms] [ERROR] Failed to load resource: net::ERR_CONNECTION_REFUSED @ http://localhost:3000/contracts/d9258b20-b3c3-4101-ad68-f4fb6775ad6f?_rsc=1bsdz:0
[27981281ms] [ERROR] Failed to fetch RSC payload for http://localhost:3000/contracts/d9258b20-b3c3-4101-ad68-f4fb6775ad6f. Falling back to browser navigation. TypeError: Failed to fetch
    at createFetch (http://localhost:3000/_next/static/chunks/node_modules_next_dist_client_17643121._.js:2588:24)
    at fetchServerResponse (http://localhost:3000/_next/static/chunks/node_modules_next_dist_client_17643121._.js:2490:27)
    at fetchMissingDynamicData (http://localhost:3000/_next/static/chunks/node_modules_next_dist_client_17643121._.js:3654:75)
    at spawnDynamicRequests (http://localhost:3000/_next/static/chunks/node_modules_next_dist_client_17643121._.js:3501:35)
    at navigateToSeededRoute (http://localhost:3000/_next/static/chunks/node_modules_next_dist_client_17643121._.js:7741:50)
    at refreshDynamicData (http://localhost:3000/_next/static/chunks/node_modules_next_dist_client_17643121._.js:8347:58)
    at hmrRefreshReducer (http://localhost:3000/_next/static/chunks/node_modules_next_dist_client_17643121._.js:8513:51)
    at clientReducer (http://localhost:3000/_next/static/chunks/node_modules_next_dist_client_17643121._.js:9081:65)
    at Object.action (http://localhost:3000/_next/static/chunks/node_modules_next_dist_client_17643121._.js:9310:55)
    at runAction (http://localhost:3000/_next/static/chunks/node_modules_next_dist_client_17643121._.js:9215:38)
    at dispatchAction (http://localhost:3000/_next/static/chunks/node_modules_next_dist_client_17643121._.js:9278:9)
    at Object.dispatch (http://localhost:3000/_next/static/chunks/node_modules_next_dist_client_17643121._.js:9308:40)
    at http://localhost:3000/_next/static/chunks/node_modules_next_dist_client_17643121._.js:1489:29
    at startTransition (http://localhost:3000/_next/static/chunks/node_modules_next_dist_compiled_react-dom_1e674e59._.js:5500:31)
    at dispatch (http://localhost:3000/_next/static/chunks/node_modules_next_dist_client_17643121._.js:1488:13)
    at dispatchAppRouterAction (http://localhost:3000/_next/static/chunks/node_modules_next_dist_client_17643121._.js:1470:5)
    at http://localhost:3000/_next/static/chunks/node_modules_next_dist_client_17643121._.js:9439:61
    at startTransition (http://localhost:3000/_next/static/chunks/node_modules_next_dist_compiled_a0e4c7b4._.js:1279:31)
    at Object.hmrRefresh (http://localhost:3000/_next/static/chunks/node_modules_next_dist_client_17643121._.js:9438:40)
    at processMessage (http://localhost:3000/_next/static/chunks/node_modules_next_dist_client_17643121._.js:11643:67)
    at WebSocket.handleMessage (http://localhost:3000/_next/static/chunks/node_modules_next_dist_client_17643121._.js:10914:52) @ http://localhost:3000/_next/static/chunks/node_modules_next_dist_f3530cac._.js:3127
[27981281ms] [ERROR] Failed to load resource: net::ERR_CONNECTION_REFUSED @ http://localhost:3000/contracts/d9258b20-b3c3-4101-ad68-f4fb6775ad6f?_rsc=1bsdz:0
[27981281ms] [ERROR] Failed to fetch RSC payload for http://localhost:3000/contracts/d9258b20-b3c3-4101-ad68-f4fb6775ad6f. Falling back to browser navigation. TypeError: Failed to fetch
    at createFetch (http://localhost:3000/_next/static/chunks/node_modules_next_dist_client_17643121._.js:2588:24)
    at fetchServerResponse (http://localhost:3000/_next/static/chunks/node_modules_next_dist_client_17643121._.js:2490:27)
    at fetchMissingDynamicData (http://localhost:3000/_next/static/chunks/node_modules_next_dist_client_17643121._.js:3654:75)
    at spawnDynamicRequests (http://localhost:3000/_next/static/chunks/node_modules_next_dist_client_17643121._.js:3501:35)
    at navigateToSeededRoute (http://localhost:3000/_next/static/chunks/node_modules_next_dist_client_17643121._.js:7741:50)
    at refreshDynamicData (http://localhost:3000/_next/static/chunks/node_modules_next_dist_client_17643121._.js:8347:58)
    at hmrRefreshReducer (http://localhost:3000/_next/static/chunks/node_modules_next_dist_client_17643121._.js:8513:51)
    at clientReducer (http://localhost:3000/_next/static/chunks/node_modules_next_dist_client_17643121._.js:9081:65)
    at Object.action (http://localhost:3000/_next/static/chunks/node_modules_next_dist_client_17643121._.js:9310:55)
    at runAction (http://localhost:3000/_next/static/chunks/node_modules_next_dist_client_17643121._.js:9215:38)
    at dispatchAction (http://localhost:3000/_next/static/chunks/node_modules_next_dist_client_17643121._.js:9278:9)
    at Object.dispatch (http://localhost:3000/_next/static/chunks/node_modules_next_dist_client_17643121._.js:9308:40)
    at http://localhost:3000/_next/static/chunks/node_modules_next_dist_client_17643121._.js:1489:29
    at startTransition (http://localhost:3000/_next/static/chunks/node_modules_next_dist_compiled_react-dom_1e674e59._.js:5500:31)
    at dispatch (http://localhost:3000/_next/static/chunks/node_modules_next_dist_client_17643121._.js:1488:13)
    at dispatchAppRouterAction (http://localhost:3000/_next/static/chunks/node_modules_next_dist_client_17643121._.js:1470:5)
    at http://localhost:3000/_next/static/chunks/node_modules_next_dist_client_17643121._.js:9439:61
    at startTransition (http://localhost:3000/_next/static/chunks/node_modules_next_dist_compiled_a0e4c7b4._.js:1279:31)
    at Object.hmrRefresh (http://localhost:3000/_next/static/chunks/node_modules_next_dist_client_17643121._.js:9438:40)
    at processMessage (http://localhost:3000/_next/static/chunks/node_modules_next_dist_client_17643121._.js:11643:67)
    at WebSocket.handleMessage (http://localhost:3000/_next/static/chunks/node_modules_next_dist_client_17643121._.js:10914:52) @ http://localhost:3000/_next/static/chunks/node_modules_next_dist_f3530cac._.js:3127
[27981287ms] [ERROR] Failed to load resource: net::ERR_CONNECTION_REFUSED @ http://localhost:3000/contracts/d9258b20-b3c3-4101-ad68-f4fb6775ad6f?_rsc=1bsdz:0
[27981287ms] [ERROR] Failed to fetch RSC payload for http://localhost:3000/contracts/d9258b20-b3c3-4101-ad68-f4fb6775ad6f. Falling back to browser navigation. TypeError: Failed to fetch
    at createFetch (http://localhost:3000/_next/static/chunks/node_modules_next_dist_client_17643121._.js:2588:24)
    at fetchServerResponse (http://localhost:3000/_next/static/chunks/node_modules_next_dist_client_17643121._.js:2490:27)
    at fetchMissingDynamicData (http://localhost:3000/_next/static/chunks/node_modules_next_dist_client_17643121._.js:3654:75)
    at spawnDynamicRequests (http://localhost:3000/_next/static/chunks/node_modules_next_dist_client_17643121._.js:3501:35)
    at navigateToSeededRoute (http://localhost:3000/_next/static/chunks/node_modules_next_dist_client_17643121._.js:7741:50)
    at refreshDynamicData (http://localhost:3000/_next/static/chunks/node_modules_next_dist_client_17643121._.js:8347:58)
    at hmrRefreshReducer (http://localhost:3000/_next/static/chunks/node_modules_next_dist_client_17643121._.js:8513:51)
    at clientReducer (http://localhost:3000/_next/static/chunks/node_modules_next_dist_client_17643121._.js:9081:65)
    at Object.action (http://localhost:3000/_next/static/chunks/node_modules_next_dist_client_17643121._.js:9310:55)
    at runAction (http://localhost:3000/_next/static/chunks/node_modules_next_dist_client_17643121._.js:9215:38)
    at dispatchAction (http://localhost:3000/_next/static/chunks/node_modules_next_dist_client_17643121._.js:9278:9)
    at Object.dispatch (http://localhost:3000/_next/static/chunks/node_modules_next_dist_client_17643121._.js:9308:40)
    at http://localhost:3000/_next/static/chunks/node_modules_next_dist_client_17643121._.js:1489:29
    at startTransition (http://localhost:3000/_next/static/chunks/node_modules_next_dist_compiled_react-dom_1e674e59._.js:5500:31)
    at dispatch (http://localhost:3000/_next/static/chunks/node_modules_next_dist_client_17643121._.js:1488:13)
    at dispatchAppRouterAction (http://localhost:3000/_next/static/chunks/node_modules_next_dist_client_17643121._.js:1470:5)
    at http://localhost:3000/_next/static/chunks/node_modules_next_dist_client_17643121._.js:9439:61
    at startTransition (http://localhost:3000/_next/static/chunks/node_modules_next_dist_compiled_a0e4c7b4._.js:1279:31)
    at Object.hmrRefresh (http://localhost:3000/_next/static/chunks/node_modules_next_dist_client_17643121._.js:9438:40)
    at processMessage (http://localhost:3000/_next/static/chunks/node_modules_next_dist_client_17643121._.js:11643:67)
    at WebSocket.handleMessage (http://localhost:3000/_next/static/chunks/node_modules_next_dist_client_17643121._.js:10914:52) @ http://localhost:3000/_next/static/chunks/node_modules_next_dist_f3530cac._.js:3127
[27981287ms] [ERROR] Failed to load resource: net::ERR_CONNECTION_REFUSED @ http://localhost:3000/contracts/d9258b20-b3c3-4101-ad68-f4fb6775ad6f?_rsc=1bsdz:0
[27981288ms] [ERROR] Failed to fetch RSC payload for http://localhost:3000/contracts/d9258b20-b3c3-4101-ad68-f4fb6775ad6f. Falling back to browser navigation. TypeError: Failed to fetch
    at createFetch (http://localhost:3000/_next/static/chunks/node_modules_next_dist_client_17643121._.js:2588:24)
    at fetchServerResponse (http://localhost:3000/_next/static/chunks/node_modules_next_dist_client_17643121._.js:2490:27)
    at fetchMissingDynamicData (http://localhost:3000/_next/static/chunks/node_modules_next_dist_client_17643121._.js:3654:75)
    at spawnDynamicRequests (http://localhost:3000/_next/static/chunks/node_modules_next_dist_client_17643121._.js:3501:35)
    at navigateToSeededRoute (http://localhost:3000/_next/static/chunks/node_modules_next_dist_client_17643121._.js:7741:50)
    at refreshDynamicData (http://localhost:3000/_next/static/chunks/node_modules_next_dist_client_17643121._.js:8347:58)
    at hmrRefreshReducer (http://localhost:3000/_next/static/chunks/node_modules_next_dist_client_17643121._.js:8513:51)
    at clientReducer (http://localhost:3000/_next/static/chunks/node_modules_next_dist_client_17643121._.js:9081:65)
    at Object.action (http://localhost:3000/_next/static/chunks/node_modules_next_dist_client_17643121._.js:9310:55)
    at runAction (http://localhost:3000/_next/static/chunks/node_modules_next_dist_client_17643121._.js:9215:38)
    at dispatchAction (http://localhost:3000/_next/static/chunks/node_modules_next_dist_client_17643121._.js:9278:9)
    at Object.dispatch (http://localhost:3000/_next/static/chunks/node_modules_next_dist_client_17643121._.js:9308:40)
    at http://localhost:3000/_next/static/chunks/node_modules_next_dist_client_17643121._.js:1489:29
    at startTransition (http://localhost:3000/_next/static/chunks/node_modules_next_dist_compiled_react-dom_1e674e59._.js:5500:31)
    at dispatch (http://localhost:3000/_next/static/chunks/node_modules_next_dist_client_17643121._.js:1488:13)
    at dispatchAppRouterAction (http://localhost:3000/_next/static/chunks/node_modules_next_dist_client_17643121._.js:1470:5)
    at http://localhost:3000/_next/static/chunks/node_modules_next_dist_client_17643121._.js:9439:61
    at startTransition (http://localhost:3000/_next/static/chunks/node_modules_next_dist_compiled_a0e4c7b4._.js:1279:31)
    at Object.hmrRefresh (http://localhost:3000/_next/static/chunks/node_modules_next_dist_client_17643121._.js:9438:40)
    at processMessage (http://localhost:3000/_next/static/chunks/node_modules_next_dist_client_17643121._.js:11643:67)
    at WebSocket.handleMessage (http://localhost:3000/_next/static/chunks/node_modules_next_dist_client_17643121._.js:10914:52) @ http://localhost:3000/_next/static/chunks/node_modules_next_dist_f3530cac._.js:3127
[27981289ms] [ERROR] Failed to load resource: net::ERR_CONNECTION_REFUSED @ http://localhost:3000/contracts/d9258b20-b3c3-4101-ad68-f4fb6775ad6f?_rsc=1bsdz:0
[27981289ms] [ERROR] Failed to fetch RSC payload for http://localhost:3000/contracts/d9258b20-b3c3-4101-ad68-f4fb6775ad6f. Falling back to browser navigation. TypeError: Failed to fetch
    at createFetch (http://localhost:3000/_next/static/chunks/node_modules_next_dist_client_17643121._.js:2588:24)
    at fetchServerResponse (http://localhost:3000/_next/static/chunks/node_modules_next_dist_client_17643121._.js:2490:27)
    at fetchMissingDynamicData (http://localhost:3000/_next/static/chunks/node_modules_next_dist_client_17643121._.js:3654:75)
    at spawnDynamicRequests (http://localhost:3000/_next/static/chunks/node_modules_next_dist_client_17643121._.js:3501:35)
    at navigateToSeededRoute (http://localhost:3000/_next/static/chunks/node_modules_next_dist_client_17643121._.js:7741:50)
    at refreshDynamicData (http://localhost:3000/_next/static/chunks/node_modules_next_dist_client_17643121._.js:8347:58)
    at hmrRefreshReducer (http://localhost:3000/_next/static/chunks/node_modules_next_dist_client_17643121._.js:8513:51)
    at clientReducer (http://localhost:3000/_next/static/chunks/node_modules_next_dist_client_17643121._.js:9081:65)
    at Object.action (http://localhost:3000/_next/static/chunks/node_modules_next_dist_client_17643121._.js:9310:55)
    at runAction (http://localhost:3000/_next/static/chunks/node_modules_next_dist_client_17643121._.js:9215:38)
    at dispatchAction (http://localhost:3000/_next/static/chunks/node_modules_next_dist_client_17643121._.js:9278:9)
    at Object.dispatch (http://localhost:3000/_next/static/chunks/node_modules_next_dist_client_17643121._.js:9308:40)
    at http://localhost:3000/_next/static/chunks/node_modules_next_dist_client_17643121._.js:1489:29
    at startTransition (http://localhost:3000/_next/static/chunks/node_modules_next_dist_compiled_react-dom_1e674e59._.js:5500:31)
    at dispatch (http://localhost:3000/_next/static/chunks/node_modules_next_dist_client_17643121._.js:1488:13)
    at dispatchAppRouterAction (http://localhost:3000/_next/static/chunks/node_modules_next_dist_client_17643121._.js:1470:5)
    at http://localhost:3000/_next/static/chunks/node_modules_next_dist_client_17643121._.js:9439:61
    at startTransition (http://localhost:3000/_next/static/chunks/node_modules_next_dist_compiled_a0e4c7b4._.js:1279:31)
    at Object.hmrRefresh (http://localhost:3000/_next/static/chunks/node_modules_next_dist_client_17643121._.js:9438:40)
    at processMessage (http://localhost:3000/_next/static/chunks/node_modules_next_dist_client_17643121._.js:11643:67)
    at WebSocket.handleMessage (http://localhost:3000/_next/static/chunks/node_modules_next_dist_client_17643121._.js:10914:52) @ http://localhost:3000/_next/static/chunks/node_modules_next_dist_f3530cac._.js:3127
[27981290ms] [ERROR] Failed to load resource: net::ERR_CONNECTION_REFUSED @ http://localhost:3000/contracts/d9258b20-b3c3-4101-ad68-f4fb6775ad6f?_rsc=1bsdz:0
[27981290ms] [ERROR] Failed to fetch RSC payload for http://localhost:3000/contracts/d9258b20-b3c3-4101-ad68-f4fb6775ad6f. Falling back to browser navigation. TypeError: Failed to fetch
    at createFetch (http://localhost:3000/_next/static/chunks/node_modules_next_dist_client_17643121._.js:2588:24)
    at fetchServerResponse (http://localhost:3000/_next/static/chunks/node_modules_next_dist_client_17643121._.js:2490:27)
    at fetchMissingDynamicData (http://localhost:3000/_next/static/chunks/node_modules_next_dist_client_17643121._.js:3654:75)
    at spawnDynamicRequests (http://localhost:3000/_next/static/chunks/node_modules_next_dist_client_17643121._.js:3501:35)
    at navigateToSeededRoute (http://localhost:3000/_next/static/chunks/node_modules_next_dist_client_17643121._.js:7741:50)
    at refreshDynamicData (http://localhost:3000/_next/static/chunks/node_modules_next_dist_client_17643121._.js:8347:58)
    at hmrRefreshReducer (http://localhost:3000/_next/static/chunks/node_modules_next_dist_client_17643121._.js:8513:51)
    at clientReducer (http://localhost:3000/_next/static/chunks/node_modules_next_dist_client_17643121._.js:9081:65)
    at Object.action (http://localhost:3000/_next/static/chunks/node_modules_next_dist_client_17643121._.js:9310:55)
    at runAction (http://localhost:3000/_next/static/chunks/node_modules_next_dist_client_17643121._.js:9215:38)
    at dispatchAction (http://localhost:3000/_next/static/chunks/node_modules_next_dist_client_17643121._.js:9278:9)
    at Object.dispatch (http://localhost:3000/_next/static/chunks/node_modules_next_dist_client_17643121._.js:9308:40)
    at http://localhost:3000/_next/static/chunks/node_modules_next_dist_client_17643121._.js:1489:29
    at startTransition (http://localhost:3000/_next/static/chunks/node_modules_next_dist_compiled_react-dom_1e674e59._.js:5500:31)
    at dispatch (http://localhost:3000/_next/static/chunks/node_modules_next_dist_client_17643121._.js:1488:13)
    at dispatchAppRouterAction (http://localhost:3000/_next/static/chunks/node_modules_next_dist_client_17643121._.js:1470:5)
    at http://localhost:3000/_next/static/chunks/node_modules_next_dist_client_17643121._.js:9439:61
    at startTransition (http://localhost:3000/_next/static/chunks/node_modules_next_dist_compiled_a0e4c7b4._.js:1279:31)
    at Object.hmrRefresh (http://localhost:3000/_next/static/chunks/node_modules_next_dist_client_17643121._.js:9438:40)
    at processMessage (http://localhost:3000/_next/static/chunks/node_modules_next_dist_client_17643121._.js:11643:67)
    at WebSocket.handleMessage (http://localhost:3000/_next/static/chunks/node_modules_next_dist_client_17643121._.js:10914:52) @ http://localhost:3000/_next/static/chunks/node_modules_next_dist_f3530cac._.js:3127
[27981292ms] [ERROR] Failed to load resource: net::ERR_CONNECTION_REFUSED @ http://localhost:3000/contracts/d9258b20-b3c3-4101-ad68-f4fb6775ad6f?_rsc=1bsdz:0
[27981292ms] [ERROR] Failed to fetch RSC payload for http://localhost:3000/contracts/d9258b20-b3c3-4101-ad68-f4fb6775ad6f. Falling back to browser navigation. TypeError: Failed to fetch
    at createFetch (http://localhost:3000/_next/static/chunks/node_modules_next_dist_client_17643121._.js:2588:24)
    at fetchServerResponse (http://localhost:3000/_next/static/chunks/node_modules_next_dist_client_17643121._.js:2490:27)
    at fetchMissingDynamicData (http://localhost:3000/_next/static/chunks/node_modules_next_dist_client_17643121._.js:3654:75)
    at spawnDynamicRequests (http://localhost:3000/_next/static/chunks/node_modules_next_dist_client_17643121._.js:3501:35)
    at navigateToSeededRoute (http://localhost:3000/_next/static/chunks/node_modules_next_dist_client_17643121._.js:7741:50)
    at refreshDynamicData (http://localhost:3000/_next/static/chunks/node_modules_next_dist_client_17643121._.js:8347:58)
    at hmrRefreshReducer (http://localhost:3000/_next/static/chunks/node_modules_next_dist_client_17643121._.js:8513:51)
    at clientReducer (http://localhost:3000/_next/static/chunks/node_modules_next_dist_client_17643121._.js:9081:65)
    at Object.action (http://localhost:3000/_next/static/chunks/node_modules_next_dist_client_17643121._.js:9310:55)
    at runAction (http://localhost:3000/_next/static/chunks/node_modules_next_dist_client_17643121._.js:9215:38)
    at dispatchAction (http://localhost:3000/_next/static/chunks/node_modules_next_dist_client_17643121._.js:9278:9)
    at Object.dispatch (http://localhost:3000/_next/static/chunks/node_modules_next_dist_client_17643121._.js:9308:40)
    at http://localhost:3000/_next/static/chunks/node_modules_next_dist_client_17643121._.js:1489:29
    at startTransition (http://localhost:3000/_next/static/chunks/node_modules_next_dist_compiled_react-dom_1e674e59._.js:5500:31)
    at dispatch (http://localhost:3000/_next/static/chunks/node_modules_next_dist_client_17643121._.js:1488:13)
    at dispatchAppRouterAction (http://localhost:3000/_next/static/chunks/node_modules_next_dist_client_17643121._.js:1470:5)
    at http://localhost:3000/_next/static/chunks/node_modules_next_dist_client_17643121._.js:9439:61
    at startTransition (http://localhost:3000/_next/static/chunks/node_modules_next_dist_compiled_a0e4c7b4._.js:1279:31)
    at Object.hmrRefresh (http://localhost:3000/_next/static/chunks/node_modules_next_dist_client_17643121._.js:9438:40)
    at processMessage (http://localhost:3000/_next/static/chunks/node_modules_next_dist_client_17643121._.js:11643:67)
    at WebSocket.handleMessage (http://localhost:3000/_next/static/chunks/node_modules_next_dist_client_17643121._.js:10914:52) @ http://localhost:3000/_next/static/chunks/node_modules_next_dist_f3530cac._.js:3127
[27981293ms] [ERROR] Failed to load resource: net::ERR_CONNECTION_REFUSED @ http://localhost:3000/contracts/d9258b20-b3c3-4101-ad68-f4fb6775ad6f?_rsc=1bsdz:0
[27981293ms] [ERROR] Failed to fetch RSC payload for http://localhost:3000/contracts/d9258b20-b3c3-4101-ad68-f4fb6775ad6f. Falling back to browser navigation. TypeError: Failed to fetch
    at createFetch (http://localhost:3000/_next/static/chunks/node_modules_next_dist_client_17643121._.js:2588:24)
    at fetchServerResponse (http://localhost:3000/_next/static/chunks/node_modules_next_dist_client_17643121._.js:2490:27)
    at fetchMissingDynamicData (http://localhost:3000/_next/static/chunks/node_modules_next_dist_client_17643121._.js:3654:75)
    at spawnDynamicRequests (http://localhost:3000/_next/static/chunks/node_modules_next_dist_client_17643121._.js:3501:35)
    at navigateToSeededRoute (http://localhost:3000/_next/static/chunks/node_modules_next_dist_client_17643121._.js:7741:50)
    at refreshDynamicData (http://localhost:3000/_next/static/chunks/node_modules_next_dist_client_17643121._.js:8347:58)
    at hmrRefreshReducer (http://localhost:3000/_next/static/chunks/node_modules_next_dist_client_17643121._.js:8513:51)
    at clientReducer (http://localhost:3000/_next/static/chunks/node_modules_next_dist_client_17643121._.js:9081:65)
    at Object.action (http://localhost:3000/_next/static/chunks/node_modules_next_dist_client_17643121._.js:9310:55)
    at runAction (http://localhost:3000/_next/static/chunks/node_modules_next_dist_client_17643121._.js:9215:38)
    at dispatchAction (http://localhost:3000/_next/static/chunks/node_modules_next_dist_client_17643121._.js:9278:9)
    at Object.dispatch (http://localhost:3000/_next/static/chunks/node_modules_next_dist_client_17643121._.js:9308:40)
    at http://localhost:3000/_next/static/chunks/node_modules_next_dist_client_17643121._.js:1489:29
    at startTransition (http://localhost:3000/_next/static/chunks/node_modules_next_dist_compiled_react-dom_1e674e59._.js:5500:31)
    at dispatch (http://localhost:3000/_next/static/chunks/node_modules_next_dist_client_17643121._.js:1488:13)
    at dispatchAppRouterAction (http://localhost:3000/_next/static/chunks/node_modules_next_dist_client_17643121._.js:1470:5)
    at http://localhost:3000/_next/static/chunks/node_modules_next_dist_client_17643121._.js:9439:61
    at startTransition (http://localhost:3000/_next/static/chunks/node_modules_next_dist_compiled_a0e4c7b4._.js:1279:31)
    at Object.hmrRefresh (http://localhost:3000/_next/static/chunks/node_modules_next_dist_client_17643121._.js:9438:40)
    at processMessage (http://localhost:3000/_next/static/chunks/node_modules_next_dist_client_17643121._.js:11643:67)
    at WebSocket.handleMessage (http://localhost:3000/_next/static/chunks/node_modules_next_dist_client_17643121._.js:10914:52) @ http://localhost:3000/_next/static/chunks/node_modules_next_dist_f3530cac._.js:3127
[27981293ms] [ERROR] Failed to load resource: net::ERR_CONNECTION_REFUSED @ http://localhost:3000/contracts/d9258b20-b3c3-4101-ad68-f4fb6775ad6f?_rsc=1bsdz:0
[27981293ms] [ERROR] Failed to fetch RSC payload for http://localhost:3000/contracts/d9258b20-b3c3-4101-ad68-f4fb6775ad6f. Falling back to browser navigation. TypeError: Failed to fetch
    at createFetch (http://localhost:3000/_next/static/chunks/node_modules_next_dist_client_17643121._.js:2588:24)
    at fetchServerResponse (http://localhost:3000/_next/static/chunks/node_modules_next_dist_client_17643121._.js:2490:27)
    at fetchMissingDynamicData (http://localhost:3000/_next/static/chunks/node_modules_next_dist_client_17643121._.js:3654:75)
    at spawnDynamicRequests (http://localhost:3000/_next/static/chunks/node_modules_next_dist_client_17643121._.js:3501:35)
    at navigateToSeededRoute (http://localhost:3000/_next/static/chunks/node_modules_next_dist_client_17643121._.js:7741:50)
    at refreshDynamicData (http://localhost:3000/_next/static/chunks/node_modules_next_dist_client_17643121._.js:8347:58)
    at hmrRefreshReducer (http://localhost:3000/_next/static/chunks/node_modules_next_dist_client_17643121._.js:8513:51)
    at clientReducer (http://localhost:3000/_next/static/chunks/node_modules_next_dist_client_17643121._.js:9081:65)
    at Object.action (http://localhost:3000/_next/static/chunks/node_modules_next_dist_client_17643121._.js:9310:55)
    at runAction (http://localhost:3000/_next/static/chunks/node_modules_next_dist_client_17643121._.js:9215:38)
    at dispatchAction (http://localhost:3000/_next/static/chunks/node_modules_next_dist_client_17643121._.js:9278:9)
    at Object.dispatch (http://localhost:3000/_next/static/chunks/node_modules_next_dist_client_17643121._.js:9308:40)
    at http://localhost:3000/_next/static/chunks/node_modules_next_dist_client_17643121._.js:1489:29
    at startTransition (http://localhost:3000/_next/static/chunks/node_modules_next_dist_compiled_react-dom_1e674e59._.js:5500:31)
    at dispatch (http://localhost:3000/_next/static/chunks/node_modules_next_dist_client_17643121._.js:1488:13)
    at dispatchAppRouterAction (http://localhost:3000/_next/static/chunks/node_modules_next_dist_client_17643121._.js:1470:5)
    at http://localhost:3000/_next/static/chunks/node_modules_next_dist_client_17643121._.js:9439:61
    at startTransition (http://localhost:3000/_next/static/chunks/node_modules_next_dist_compiled_a0e4c7b4._.js:1279:31)
    at Object.hmrRefresh (http://localhost:3000/_next/static/chunks/node_modules_next_dist_client_17643121._.js:9438:40)
    at processMessage (http://localhost:3000/_next/static/chunks/node_modules_next_dist_client_17643121._.js:11643:67)
    at WebSocket.handleMessage (http://localhost:3000/_next/static/chunks/node_modules_next_dist_client_17643121._.js:10914:52) @ http://localhost:3000/_next/static/chunks/node_modules_next_dist_f3530cac._.js:3127
[27981294ms] [ERROR] Failed to load resource: net::ERR_CONNECTION_REFUSED @ http://localhost:3000/contracts/d9258b20-b3c3-4101-ad68-f4fb6775ad6f?_rsc=1bsdz:0
[27981294ms] [ERROR] Failed to fetch RSC payload for http://localhost:3000/contracts/d9258b20-b3c3-4101-ad68-f4fb6775ad6f. Falling back to browser navigation. TypeError: Failed to fetch
    at createFetch (http://localhost:3000/_next/static/chunks/node_modules_next_dist_client_17643121._.js:2588:24)
    at fetchServerResponse (http://localhost:3000/_next/static/chunks/node_modules_next_dist_client_17643121._.js:2490:27)
    at fetchMissingDynamicData (http://localhost:3000/_next/static/chunks/node_modules_next_dist_client_17643121._.js:3654:75)
    at spawnDynamicRequests (http://localhost:3000/_next/static/chunks/node_modules_next_dist_client_17643121._.js:3501:35)
    at navigateToSeededRoute (http://localhost:3000/_next/static/chunks/node_modules_next_dist_client_17643121._.js:7741:50)
    at refreshDynamicData (http://localhost:3000/_next/static/chunks/node_modules_next_dist_client_17643121._.js:8347:58)
    at hmrRefreshReducer (http://localhost:3000/_next/static/chunks/node_modules_next_dist_client_17643121._.js:8513:51)
    at clientReducer (http://localhost:3000/_next/static/chunks/node_modules_next_dist_client_17643121._.js:9081:65)
    at Object.action (http://localhost:3000/_next/static/chunks/node_modules_next_dist_client_17643121._.js:9310:55)
    at runAction (http://localhost:3000/_next/static/chunks/node_modules_next_dist_client_17643121._.js:9215:38)
    at dispatchAction (http://localhost:3000/_next/static/chunks/node_modules_next_dist_client_17643121._.js:9278:9)
    at Object.dispatch (http://localhost:3000/_next/static/chunks/node_modules_next_dist_client_17643121._.js:9308:40)
    at http://localhost:3000/_next/static/chunks/node_modules_next_dist_client_17643121._.js:1489:29
    at startTransition (http://localhost:3000/_next/static/chunks/node_modules_next_dist_compiled_react-dom_1e674e59._.js:5500:31)
    at dispatch (http://localhost:3000/_next/static/chunks/node_modules_next_dist_client_17643121._.js:1488:13)
    at dispatchAppRouterAction (http://localhost:3000/_next/static/chunks/node_modules_next_dist_client_17643121._.js:1470:5)
    at http://localhost:3000/_next/static/chunks/node_modules_next_dist_client_17643121._.js:9439:61
    at startTransition (http://localhost:3000/_next/static/chunks/node_modules_next_dist_compiled_a0e4c7b4._.js:1279:31)
    at Object.hmrRefresh (http://localhost:3000/_next/static/chunks/node_modules_next_dist_client_17643121._.js:9438:40)
    at processMessage (http://localhost:3000/_next/static/chunks/node_modules_next_dist_client_17643121._.js:11643:67)
    at WebSocket.handleMessage (http://localhost:3000/_next/static/chunks/node_modules_next_dist_client_17643121._.js:10914:52) @ http://localhost:3000/_next/static/chunks/node_modules_next_dist_f3530cac._.js:3127
[27981295ms] [ERROR] Failed to load resource: net::ERR_CONNECTION_REFUSED @ http://localhost:3000/contracts/d9258b20-b3c3-4101-ad68-f4fb6775ad6f?_rsc=1bsdz:0
[27981295ms] [ERROR] Failed to fetch RSC payload for http://localhost:3000/contracts/d9258b20-b3c3-4101-ad68-f4fb6775ad6f. Falling back to browser navigation. TypeError: Failed to fetch
    at createFetch (http://localhost:3000/_next/static/chunks/node_modules_next_dist_client_17643121._.js:2588:24)
    at fetchServerResponse (http://localhost:3000/_next/static/chunks/node_modules_next_dist_client_17643121._.js:2490:27)
    at fetchMissingDynamicData (http://localhost:3000/_next/static/chunks/node_modules_next_dist_client_17643121._.js:3654:75)
    at spawnDynamicRequests (http://localhost:3000/_next/static/chunks/node_modules_next_dist_client_17643121._.js:3501:35)
    at navigateToSeededRoute (http://localhost:3000/_next/static/chunks/node_modules_next_dist_client_17643121._.js:7741:50)
    at refreshDynamicData (http://localhost:3000/_next/static/chunks/node_modules_next_dist_client_17643121._.js:8347:58)
    at hmrRefreshReducer (http://localhost:3000/_next/static/chunks/node_modules_next_dist_client_17643121._.js:8513:51)
    at clientReducer (http://localhost:3000/_next/static/chunks/node_modules_next_dist_client_17643121._.js:9081:65)
    at Object.action (http://localhost:3000/_next/static/chunks/node_modules_next_dist_client_17643121._.js:9310:55)
    at runAction (http://localhost:3000/_next/static/chunks/node_modules_next_dist_client_17643121._.js:9215:38)
    at dispatchAction (http://localhost:3000/_next/static/chunks/node_modules_next_dist_client_17643121._.js:9278:9)
    at Object.dispatch (http://localhost:3000/_next/static/chunks/node_modules_next_dist_client_17643121._.js:9308:40)
    at http://localhost:3000/_next/static/chunks/node_modules_next_dist_client_17643121._.js:1489:29
    at startTransition (http://localhost:3000/_next/static/chunks/node_modules_next_dist_compiled_react-dom_1e674e59._.js:5500:31)
    at dispatch (http://localhost:3000/_next/static/chunks/node_modules_next_dist_client_17643121._.js:1488:13)
    at dispatchAppRouterAction (http://localhost:3000/_next/static/chunks/node_modules_next_dist_client_17643121._.js:1470:5)
    at http://localhost:3000/_next/static/chunks/node_modules_next_dist_client_17643121._.js:9439:61
    at startTransition (http://localhost:3000/_next/static/chunks/node_modules_next_dist_compiled_a0e4c7b4._.js:1279:31)
    at Object.hmrRefresh (http://localhost:3000/_next/static/chunks/node_modules_next_dist_client_17643121._.js:9438:40)
    at processMessage (http://localhost:3000/_next/static/chunks/node_modules_next_dist_client_17643121._.js:11643:67)
    at WebSocket.handleMessage (http://localhost:3000/_next/static/chunks/node_modules_next_dist_client_17643121._.js:10914:52) @ http://localhost:3000/_next/static/chunks/node_modules_next_dist_f3530cac._.js:3127
[27981295ms] [ERROR] Failed to load resource: net::ERR_CONNECTION_REFUSED @ http://localhost:3000/contracts/d9258b20-b3c3-4101-ad68-f4fb6775ad6f?_rsc=1bsdz:0
[27981295ms] [ERROR] Failed to fetch RSC payload for http://localhost:3000/contracts/d9258b20-b3c3-4101-ad68-f4fb6775ad6f. Falling back to browser navigation. TypeError: Failed to fetch
    at createFetch (http://localhost:3000/_next/static/chunks/node_modules_next_dist_client_17643121._.js:2588:24)
    at fetchServerResponse (http://localhost:3000/_next/static/chunks/node_modules_next_dist_client_17643121._.js:2490:27)
    at fetchMissingDynamicData (http://localhost:3000/_next/static/chunks/node_modules_next_dist_client_17643121._.js:3654:75)
    at spawnDynamicRequests (http://localhost:3000/_next/static/chunks/node_modules_next_dist_client_17643121._.js:3501:35)
    at navigateToSeededRoute (http://localhost:3000/_next/static/chunks/node_modules_next_dist_client_17643121._.js:7741:50)
    at refreshDynamicData (http://localhost:3000/_next/static/chunks/node_modules_next_dist_client_17643121._.js:8347:58)
    at hmrRefreshReducer (http://localhost:3000/_next/static/chunks/node_modules_next_dist_client_17643121._.js:8513:51)
    at clientReducer (http://localhost:3000/_next/static/chunks/node_modules_next_dist_client_17643121._.js:9081:65)
    at Object.action (http://localhost:3000/_next/static/chunks/node_modules_next_dist_client_17643121._.js:9310:55)
    at runAction (http://localhost:3000/_next/static/chunks/node_modules_next_dist_client_17643121._.js:9215:38)
    at dispatchAction (http://localhost:3000/_next/static/chunks/node_modules_next_dist_client_17643121._.js:9278:9)
    at Object.dispatch (http://localhost:3000/_next/static/chunks/node_modules_next_dist_client_17643121._.js:9308:40)
    at http://localhost:3000/_next/static/chunks/node_modules_next_dist_client_17643121._.js:1489:29
    at startTransition (http://localhost:3000/_next/static/chunks/node_modules_next_dist_compiled_react-dom_1e674e59._.js:5500:31)
    at dispatch (http://localhost:3000/_next/static/chunks/node_modules_next_dist_client_17643121._.js:1488:13)
    at dispatchAppRouterAction (http://localhost:3000/_next/static/chunks/node_modules_next_dist_client_17643121._.js:1470:5)
    at http://localhost:3000/_next/static/chunks/node_modules_next_dist_client_17643121._.js:9439:61
    at startTransition (http://localhost:3000/_next/static/chunks/node_modules_next_dist_compiled_a0e4c7b4._.js:1279:31)
    at Object.hmrRefresh (http://localhost:3000/_next/static/chunks/node_modules_next_dist_client_17643121._.js:9438:40)
    at processMessage (http://localhost:3000/_next/static/chunks/node_modules_next_dist_client_17643121._.js:11643:67)
    at WebSocket.handleMessage (http://localhost:3000/_next/static/chunks/node_modules_next_dist_client_17643121._.js:10914:52) @ http://localhost:3000/_next/static/chunks/node_modules_next_dist_f3530cac._.js:3127
[27981295ms] [ERROR] Failed to load resource: net::ERR_CONNECTION_REFUSED @ http://localhost:3000/contracts/d9258b20-b3c3-4101-ad68-f4fb6775ad6f?_rsc=1bsdz:0
[27981295ms] [ERROR] Failed to fetch RSC payload for http://localhost:3000/contracts/d9258b20-b3c3-4101-ad68-f4fb6775ad6f. Falling back to browser navigation. TypeError: Failed to fetch
    at createFetch (http://localhost:3000/_next/static/chunks/node_modules_next_dist_client_17643121._.js:2588:24)
    at fetchServerResponse (http://localhost:3000/_next/static/chunks/node_modules_next_dist_client_17643121._.js:2490:27)
    at fetchMissingDynamicData (http://localhost:3000/_next/static/chunks/node_modules_next_dist_client_17643121._.js:3654:75)
    at spawnDynamicRequests (http://localhost:3000/_next/static/chunks/node_modules_next_dist_client_17643121._.js:3501:35)
    at navigateToSeededRoute (http://localhost:3000/_next/static/chunks/node_modules_next_dist_client_17643121._.js:7741:50)
    at refreshDynamicData (http://localhost:3000/_next/static/chunks/node_modules_next_dist_client_17643121._.js:8347:58)
    at hmrRefreshReducer (http://localhost:3000/_next/static/chunks/node_modules_next_dist_client_17643121._.js:8513:51)
    at clientReducer (http://localhost:3000/_next/static/chunks/node_modules_next_dist_client_17643121._.js:9081:65)
    at Object.action (http://localhost:3000/_next/static/chunks/node_modules_next_dist_client_17643121._.js:9310:55)
    at runAction (http://localhost:3000/_next/static/chunks/node_modules_next_dist_client_17643121._.js:9215:38)
    at dispatchAction (http://localhost:3000/_next/static/chunks/node_modules_next_dist_client_17643121._.js:9278:9)
    at Object.dispatch (http://localhost:3000/_next/static/chunks/node_modules_next_dist_client_17643121._.js:9308:40)
    at http://localhost:3000/_next/static/chunks/node_modules_next_dist_client_17643121._.js:1489:29
    at startTransition (http://localhost:3000/_next/static/chunks/node_modules_next_dist_compiled_react-dom_1e674e59._.js:5500:31)
    at dispatch (http://localhost:3000/_next/static/chunks/node_modules_next_dist_client_17643121._.js:1488:13)
    at dispatchAppRouterAction (http://localhost:3000/_next/static/chunks/node_modules_next_dist_client_17643121._.js:1470:5)
    at http://localhost:3000/_next/static/chunks/node_modules_next_dist_client_17643121._.js:9439:61
    at startTransition (http://localhost:3000/_next/static/chunks/node_modules_next_dist_compiled_a0e4c7b4._.js:1279:31)
    at Object.hmrRefresh (http://localhost:3000/_next/static/chunks/node_modules_next_dist_client_17643121._.js:9438:40)
    at processMessage (http://localhost:3000/_next/static/chunks/node_modules_next_dist_client_17643121._.js:11643:67)
    at WebSocket.handleMessage (http://localhost:3000/_next/static/chunks/node_modules_next_dist_client_17643121._.js:10914:52) @ http://localhost:3000/_next/static/chunks/node_modules_next_dist_f3530cac._.js:3127
[27981296ms] [ERROR] Failed to load resource: net::ERR_CONNECTION_REFUSED @ http://localhost:3000/contracts/d9258b20-b3c3-4101-ad68-f4fb6775ad6f?_rsc=1bsdz:0
[27981296ms] [ERROR] Failed to fetch RSC payload for http://localhost:3000/contracts/d9258b20-b3c3-4101-ad68-f4fb6775ad6f. Falling back to browser navigation. TypeError: Failed to fetch
    at createFetch (http://localhost:3000/_next/static/chunks/node_modules_next_dist_client_17643121._.js:2588:24)
    at fetchServerResponse (http://localhost:3000/_next/static/chunks/node_modules_next_dist_client_17643121._.js:2490:27)
    at fetchMissingDynamicData (http://localhost:3000/_next/static/chunks/node_modules_next_dist_client_17643121._.js:3654:75)
    at spawnDynamicRequests (http://localhost:3000/_next/static/chunks/node_modules_next_dist_client_17643121._.js:3501:35)
    at navigateToSeededRoute (http://localhost:3000/_next/static/chunks/node_modules_next_dist_client_17643121._.js:7741:50)
    at refreshDynamicData (http://localhost:3000/_next/static/chunks/node_modules_next_dist_client_17643121._.js:8347:58)
    at hmrRefreshReducer (http://localhost:3000/_next/static/chunks/node_modules_next_dist_client_17643121._.js:8513:51)
    at clientReducer (http://localhost:3000/_next/static/chunks/node_modules_next_dist_client_17643121._.js:9081:65)
    at Object.action (http://localhost:3000/_next/static/chunks/node_modules_next_dist_client_17643121._.js:9310:55)
    at runAction (http://localhost:3000/_next/static/chunks/node_modules_next_dist_client_17643121._.js:9215:38)
    at dispatchAction (http://localhost:3000/_next/static/chunks/node_modules_next_dist_client_17643121._.js:9278:9)
    at Object.dispatch (http://localhost:3000/_next/static/chunks/node_modules_next_dist_client_17643121._.js:9308:40)
    at http://localhost:3000/_next/static/chunks/node_modules_next_dist_client_17643121._.js:1489:29
    at startTransition (http://localhost:3000/_next/static/chunks/node_modules_next_dist_compiled_react-dom_1e674e59._.js:5500:31)
    at dispatch (http://localhost:3000/_next/static/chunks/node_modules_next_dist_client_17643121._.js:1488:13)
    at dispatchAppRouterAction (http://localhost:3000/_next/static/chunks/node_modules_next_dist_client_17643121._.js:1470:5)
    at http://localhost:3000/_next/static/chunks/node_modules_next_dist_client_17643121._.js:9439:61
    at startTransition (http://localhost:3000/_next/static/chunks/node_modules_next_dist_compiled_a0e4c7b4._.js:1279:31)
    at Object.hmrRefresh (http://localhost:3000/_next/static/chunks/node_modules_next_dist_client_17643121._.js:9438:40)
    at processMessage (http://localhost:3000/_next/static/chunks/node_modules_next_dist_client_17643121._.js:11643:67)
    at WebSocket.handleMessage (http://localhost:3000/_next/static/chunks/node_modules_next_dist_client_17643121._.js:10914:52) @ http://localhost:3000/_next/static/chunks/node_modules_next_dist_f3530cac._.js:3127
[27981310ms] [ERROR] Failed to load resource: net::ERR_CONNECTION_REFUSED @ http://localhost:3000/contracts/d9258b20-b3c3-4101-ad68-f4fb6775ad6f?_rsc=1bsdz:0
[27981310ms] [ERROR] Failed to fetch RSC payload for http://localhost:3000/contracts/d9258b20-b3c3-4101-ad68-f4fb6775ad6f. Falling back to browser navigation. TypeError: Failed to fetch
    at createFetch (http://localhost:3000/_next/static/chunks/node_modules_next_dist_client_17643121._.js:2588:24)
    at fetchServerResponse (http://localhost:3000/_next/static/chunks/node_modules_next_dist_client_17643121._.js:2490:27)
    at fetchMissingDynamicData (http://localhost:3000/_next/static/chunks/node_modules_next_dist_client_17643121._.js:3654:75)
    at spawnDynamicRequests (http://localhost:3000/_next/static/chunks/node_modules_next_dist_client_17643121._.js:3501:35)
    at navigateToSeededRoute (http://localhost:3000/_next/static/chunks/node_modules_next_dist_client_17643121._.js:7741:50)
    at refreshDynamicData (http://localhost:3000/_next/static/chunks/node_modules_next_dist_client_17643121._.js:8347:58)
    at hmrRefreshReducer (http://localhost:3000/_next/static/chunks/node_modules_next_dist_client_17643121._.js:8513:51)
    at clientReducer (http://localhost:3000/_next/static/chunks/node_modules_next_dist_client_17643121._.js:9081:65)
    at Object.action (http://localhost:3000/_next/static/chunks/node_modules_next_dist_client_17643121._.js:9310:55)
    at runAction (http://localhost:3000/_next/static/chunks/node_modules_next_dist_client_17643121._.js:9215:38)
    at dispatchAction (http://localhost:3000/_next/static/chunks/node_modules_next_dist_client_17643121._.js:9278:9)
    at Object.dispatch (http://localhost:3000/_next/static/chunks/node_modules_next_dist_client_17643121._.js:9308:40)
    at http://localhost:3000/_next/static/chunks/node_modules_next_dist_client_17643121._.js:1489:29
    at startTransition (http://localhost:3000/_next/static/chunks/node_modules_next_dist_compiled_react-dom_1e674e59._.js:5500:31)
    at dispatch (http://localhost:3000/_next/static/chunks/node_modules_next_dist_client_17643121._.js:1488:13)
    at dispatchAppRouterAction (http://localhost:3000/_next/static/chunks/node_modules_next_dist_client_17643121._.js:1470:5)
    at http://localhost:3000/_next/static/chunks/node_modules_next_dist_client_17643121._.js:9439:61
    at startTransition (http://localhost:3000/_next/static/chunks/node_modules_next_dist_compiled_a0e4c7b4._.js:1279:31)
    at Object.hmrRefresh (http://localhost:3000/_next/static/chunks/node_modules_next_dist_client_17643121._.js:9438:40)
    at processMessage (http://localhost:3000/_next/static/chunks/node_modules_next_dist_client_17643121._.js:11643:67)
    at WebSocket.handleMessage (http://localhost:3000/_next/static/chunks/node_modules_next_dist_client_17643121._.js:10914:52) @ http://localhost:3000/_next/static/chunks/node_modules_next_dist_f3530cac._.js:3127
[27981311ms] [ERROR] Failed to load resource: net::ERR_CONNECTION_REFUSED @ http://localhost:3000/contracts/d9258b20-b3c3-4101-ad68-f4fb6775ad6f?_rsc=1bsdz:0
[27981311ms] [ERROR] Failed to fetch RSC payload for http://localhost:3000/contracts/d9258b20-b3c3-4101-ad68-f4fb6775ad6f. Falling back to browser navigation. TypeError: Failed to fetch
    at createFetch (http://localhost:3000/_next/static/chunks/node_modules_next_dist_client_17643121._.js:2588:24)
    at fetchServerResponse (http://localhost:3000/_next/static/chunks/node_modules_next_dist_client_17643121._.js:2490:27)
    at fetchMissingDynamicData (http://localhost:3000/_next/static/chunks/node_modules_next_dist_client_17643121._.js:3654:75)
    at spawnDynamicRequests (http://localhost:3000/_next/static/chunks/node_modules_next_dist_client_17643121._.js:3501:35)
    at navigateToSeededRoute (http://localhost:3000/_next/static/chunks/node_modules_next_dist_client_17643121._.js:7741:50)
    at refreshDynamicData (http://localhost:3000/_next/static/chunks/node_modules_next_dist_client_17643121._.js:8347:58)
    at hmrRefreshReducer (http://localhost:3000/_next/static/chunks/node_modules_next_dist_client_17643121._.js:8513:51)
    at clientReducer (http://localhost:3000/_next/static/chunks/node_modules_next_dist_client_17643121._.js:9081:65)
    at Object.action (http://localhost:3000/_next/static/chunks/node_modules_next_dist_client_17643121._.js:9310:55)
    at runAction (http://localhost:3000/_next/static/chunks/node_modules_next_dist_client_17643121._.js:9215:38)
    at dispatchAction (http://localhost:3000/_next/static/chunks/node_modules_next_dist_client_17643121._.js:9278:9)
    at Object.dispatch (http://localhost:3000/_next/static/chunks/node_modules_next_dist_client_17643121._.js:9308:40)
    at http://localhost:3000/_next/static/chunks/node_modules_next_dist_client_17643121._.js:1489:29
    at startTransition (http://localhost:3000/_next/static/chunks/node_modules_next_dist_compiled_react-dom_1e674e59._.js:5500:31)
    at dispatch (http://localhost:3000/_next/static/chunks/node_modules_next_dist_client_17643121._.js:1488:13)
    at dispatchAppRouterAction (http://localhost:3000/_next/static/chunks/node_modules_next_dist_client_17643121._.js:1470:5)
    at http://localhost:3000/_next/static/chunks/node_modules_next_dist_client_17643121._.js:9439:61
    at startTransition (http://localhost:3000/_next/static/chunks/node_modules_next_dist_compiled_a0e4c7b4._.js:1279:31)
    at Object.hmrRefresh (http://localhost:3000/_next/static/chunks/node_modules_next_dist_client_17643121._.js:9438:40)
    at processMessage (http://localhost:3000/_next/static/chunks/node_modules_next_dist_client_17643121._.js:11643:67)
    at WebSocket.handleMessage (http://localhost:3000/_next/static/chunks/node_modules_next_dist_client_17643121._.js:10914:52) @ http://localhost:3000/_next/static/chunks/node_modules_next_dist_f3530cac._.js:3127
[27981311ms] [ERROR] Failed to load resource: net::ERR_CONNECTION_REFUSED @ http://localhost:3000/contracts/d9258b20-b3c3-4101-ad68-f4fb6775ad6f?_rsc=1bsdz:0
[27981311ms] [ERROR] Failed to fetch RSC payload for http://localhost:3000/contracts/d9258b20-b3c3-4101-ad68-f4fb6775ad6f. Falling back to browser navigation. TypeError: Failed to fetch
    at createFetch (http://localhost:3000/_next/static/chunks/node_modules_next_dist_client_17643121._.js:2588:24)
    at fetchServerResponse (http://localhost:3000/_next/static/chunks/node_modules_next_dist_client_17643121._.js:2490:27)
    at fetchMissingDynamicData (http://localhost:3000/_next/static/chunks/node_modules_next_dist_client_17643121._.js:3654:75)
    at spawnDynamicRequests (http://localhost:3000/_next/static/chunks/node_modules_next_dist_client_17643121._.js:3501:35)
    at navigateToSeededRoute (http://localhost:3000/_next/static/chunks/node_modules_next_dist_client_17643121._.js:7741:50)
    at refreshDynamicData (http://localhost:3000/_next/static/chunks/node_modules_next_dist_client_17643121._.js:8347:58)
    at hmrRefreshReducer (http://localhost:3000/_next/static/chunks/node_modules_next_dist_client_17643121._.js:8513:51)
    at clientReducer (http://localhost:3000/_next/static/chunks/node_modules_next_dist_client_17643121._.js:9081:65)
    at Object.action (http://localhost:3000/_next/static/chunks/node_modules_next_dist_client_17643121._.js:9310:55)
    at runAction (http://localhost:3000/_next/static/chunks/node_modules_next_dist_client_17643121._.js:9215:38)
    at dispatchAction (http://localhost:3000/_next/static/chunks/node_modules_next_dist_client_17643121._.js:9278:9)
    at Object.dispatch (http://localhost:3000/_next/static/chunks/node_modules_next_dist_client_17643121._.js:9308:40)
    at http://localhost:3000/_next/static/chunks/node_modules_next_dist_client_17643121._.js:1489:29
    at startTransition (http://localhost:3000/_next/static/chunks/node_modules_next_dist_compiled_react-dom_1e674e59._.js:5500:31)
    at dispatch (http://localhost:3000/_next/static/chunks/node_modules_next_dist_client_17643121._.js:1488:13)
    at dispatchAppRouterAction (http://localhost:3000/_next/static/chunks/node_modules_next_dist_client_17643121._.js:1470:5)
    at http://localhost:3000/_next/static/chunks/node_modules_next_dist_client_17643121._.js:9439:61
    at startTransition (http://localhost:3000/_next/static/chunks/node_modules_next_dist_compiled_a0e4c7b4._.js:1279:31)
    at Object.hmrRefresh (http://localhost:3000/_next/static/chunks/node_modules_next_dist_client_17643121._.js:9438:40)
    at processMessage (http://localhost:3000/_next/static/chunks/node_modules_next_dist_client_17643121._.js:11643:67)
    at WebSocket.handleMessage (http://localhost:3000/_next/static/chunks/node_modules_next_dist_client_17643121._.js:10914:52) @ http://localhost:3000/_next/static/chunks/node_modules_next_dist_f3530cac._.js:3127
[27981311ms] [ERROR] Failed to load resource: net::ERR_CONNECTION_REFUSED @ http://localhost:3000/contracts/d9258b20-b3c3-4101-ad68-f4fb6775ad6f?_rsc=1bsdz:0
[27981311ms] [ERROR] Failed to fetch RSC payload for http://localhost:3000/contracts/d9258b20-b3c3-4101-ad68-f4fb6775ad6f. Falling back to browser navigation. TypeError: Failed to fetch
    at createFetch (http://localhost:3000/_next/static/chunks/node_modules_next_dist_client_17643121._.js:2588:24)
    at fetchServerResponse (http://localhost:3000/_next/static/chunks/node_modules_next_dist_client_17643121._.js:2490:27)
    at fetchMissingDynamicData (http://localhost:3000/_next/static/chunks/node_modules_next_dist_client_17643121._.js:3654:75)
    at spawnDynamicRequests (http://localhost:3000/_next/static/chunks/node_modules_next_dist_client_17643121._.js:3501:35)
    at navigateToSeededRoute (http://localhost:3000/_next/static/chunks/node_modules_next_dist_client_17643121._.js:7741:50)
    at refreshDynamicData (http://localhost:3000/_next/static/chunks/node_modules_next_dist_client_17643121._.js:8347:58)
    at hmrRefreshReducer (http://localhost:3000/_next/static/chunks/node_modules_next_dist_client_17643121._.js:8513:51)
    at clientReducer (http://localhost:3000/_next/static/chunks/node_modules_next_dist_client_17643121._.js:9081:65)
    at Object.action (http://localhost:3000/_next/static/chunks/node_modules_next_dist_client_17643121._.js:9310:55)
    at runAction (http://localhost:3000/_next/static/chunks/node_modules_next_dist_client_17643121._.js:9215:38)
    at dispatchAction (http://localhost:3000/_next/static/chunks/node_modules_next_dist_client_17643121._.js:9278:9)
    at Object.dispatch (http://localhost:3000/_next/static/chunks/node_modules_next_dist_client_17643121._.js:9308:40)
    at http://localhost:3000/_next/static/chunks/node_modules_next_dist_client_17643121._.js:1489:29
    at startTransition (http://localhost:3000/_next/static/chunks/node_modules_next_dist_compiled_react-dom_1e674e59._.js:5500:31)
    at dispatch (http://localhost:3000/_next/static/chunks/node_modules_next_dist_client_17643121._.js:1488:13)
    at dispatchAppRouterAction (http://localhost:3000/_next/static/chunks/node_modules_next_dist_client_17643121._.js:1470:5)
    at http://localhost:3000/_next/static/chunks/node_modules_next_dist_client_17643121._.js:9439:61
    at startTransition (http://localhost:3000/_next/static/chunks/node_modules_next_dist_compiled_a0e4c7b4._.js:1279:31)
    at Object.hmrRefresh (http://localhost:3000/_next/static/chunks/node_modules_next_dist_client_17643121._.js:9438:40)
    at processMessage (http://localhost:3000/_next/static/chunks/node_modules_next_dist_client_17643121._.js:11643:67)
    at WebSocket.handleMessage (http://localhost:3000/_next/static/chunks/node_modules_next_dist_client_17643121._.js:10914:52) @ http://localhost:3000/_next/static/chunks/node_modules_next_dist_f3530cac._.js:3127
[27981312ms] [ERROR] Failed to load resource: net::ERR_CONNECTION_REFUSED @ http://localhost:3000/contracts/d9258b20-b3c3-4101-ad68-f4fb6775ad6f?_rsc=1bsdz:0
[27981312ms] [ERROR] Failed to fetch RSC payload for http://localhost:3000/contracts/d9258b20-b3c3-4101-ad68-f4fb6775ad6f. Falling back to browser navigation. TypeError: Failed to fetch
    at createFetch (http://localhost:3000/_next/static/chunks/node_modules_next_dist_client_17643121._.js:2588:24)
    at fetchServerResponse (http://localhost:3000/_next/static/chunks/node_modules_next_dist_client_17643121._.js:2490:27)
    at fetchMissingDynamicData (http://localhost:3000/_next/static/chunks/node_modules_next_dist_client_17643121._.js:3654:75)
    at spawnDynamicRequests (http://localhost:3000/_next/static/chunks/node_modules_next_dist_client_17643121._.js:3501:35)
    at navigateToSeededRoute (http://localhost:3000/_next/static/chunks/node_modules_next_dist_client_17643121._.js:7741:50)
    at refreshDynamicData (http://localhost:3000/_next/static/chunks/node_modules_next_dist_client_17643121._.js:8347:58)
    at hmrRefreshReducer (http://localhost:3000/_next/static/chunks/node_modules_next_dist_client_17643121._.js:8513:51)
    at clientReducer (http://localhost:3000/_next/static/chunks/node_modules_next_dist_client_17643121._.js:9081:65)
    at Object.action (http://localhost:3000/_next/static/chunks/node_modules_next_dist_client_17643121._.js:9310:55)
    at runAction (http://localhost:3000/_next/static/chunks/node_modules_next_dist_client_17643121._.js:9215:38)
    at dispatchAction (http://localhost:3000/_next/static/chunks/node_modules_next_dist_client_17643121._.js:9278:9)
    at Object.dispatch (http://localhost:3000/_next/static/chunks/node_modules_next_dist_client_17643121._.js:9308:40)
    at http://localhost:3000/_next/static/chunks/node_modules_next_dist_client_17643121._.js:1489:29
    at startTransition (http://localhost:3000/_next/static/chunks/node_modules_next_dist_compiled_react-dom_1e674e59._.js:5500:31)
    at dispatch (http://localhost:3000/_next/static/chunks/node_modules_next_dist_client_17643121._.js:1488:13)
    at dispatchAppRouterAction (http://localhost:3000/_next/static/chunks/node_modules_next_dist_client_17643121._.js:1470:5)
    at http://localhost:3000/_next/static/chunks/node_modules_next_dist_client_17643121._.js:9439:61
    at startTransition (http://localhost:3000/_next/static/chunks/node_modules_next_dist_compiled_a0e4c7b4._.js:1279:31)
    at Object.hmrRefresh (http://localhost:3000/_next/static/chunks/node_modules_next_dist_client_17643121._.js:9438:40)
    at processMessage (http://localhost:3000/_next/static/chunks/node_modules_next_dist_client_17643121._.js:11643:67)
    at WebSocket.handleMessage (http://localhost:3000/_next/static/chunks/node_modules_next_dist_client_17643121._.js:10914:52) @ http://localhost:3000/_next/static/chunks/node_modules_next_dist_f3530cac._.js:3127
[27981312ms] [ERROR] Failed to load resource: net::ERR_CONNECTION_REFUSED @ http://localhost:3000/contracts/d9258b20-b3c3-4101-ad68-f4fb6775ad6f?_rsc=1bsdz:0
[27981312ms] [ERROR] Failed to fetch RSC payload for http://localhost:3000/contracts/d9258b20-b3c3-4101-ad68-f4fb6775ad6f. Falling back to browser navigation. TypeError: Failed to fetch
    at createFetch (http://localhost:3000/_next/static/chunks/node_modules_next_dist_client_17643121._.js:2588:24)
    at fetchServerResponse (http://localhost:3000/_next/static/chunks/node_modules_next_dist_client_17643121._.js:2490:27)
    at fetchMissingDynamicData (http://localhost:3000/_next/static/chunks/node_modules_next_dist_client_17643121._.js:3654:75)
    at spawnDynamicRequests (http://localhost:3000/_next/static/chunks/node_modules_next_dist_client_17643121._.js:3501:35)
    at navigateToSeededRoute (http://localhost:3000/_next/static/chunks/node_modules_next_dist_client_17643121._.js:7741:50)
    at refreshDynamicData (http://localhost:3000/_next/static/chunks/node_modules_next_dist_client_17643121._.js:8347:58)
    at hmrRefreshReducer (http://localhost:3000/_next/static/chunks/node_modules_next_dist_client_17643121._.js:8513:51)
    at clientReducer (http://localhost:3000/_next/static/chunks/node_modules_next_dist_client_17643121._.js:9081:65)
    at Object.action (http://localhost:3000/_next/static/chunks/node_modules_next_dist_client_17643121._.js:9310:55)
    at runAction (http://localhost:3000/_next/static/chunks/node_modules_next_dist_client_17643121._.js:9215:38)
    at dispatchAction (http://localhost:3000/_next/static/chunks/node_modules_next_dist_client_17643121._.js:9278:9)
    at Object.dispatch (http://localhost:3000/_next/static/chunks/node_modules_next_dist_client_17643121._.js:9308:40)
    at http://localhost:3000/_next/static/chunks/node_modules_next_dist_client_17643121._.js:1489:29
    at startTransition (http://localhost:3000/_next/static/chunks/node_modules_next_dist_compiled_react-dom_1e674e59._.js:5500:31)
    at dispatch (http://localhost:3000/_next/static/chunks/node_modules_next_dist_client_17643121._.js:1488:13)
    at dispatchAppRouterAction (http://localhost:3000/_next/static/chunks/node_modules_next_dist_client_17643121._.js:1470:5)
    at http://localhost:3000/_next/static/chunks/node_modules_next_dist_client_17643121._.js:9439:61
    at startTransition (http://localhost:3000/_next/static/chunks/node_modules_next_dist_compiled_a0e4c7b4._.js:1279:31)
    at Object.hmrRefresh (http://localhost:3000/_next/static/chunks/node_modules_next_dist_client_17643121._.js:9438:40)
    at processMessage (http://localhost:3000/_next/static/chunks/node_modules_next_dist_client_17643121._.js:11643:67)
    at WebSocket.handleMessage (http://localhost:3000/_next/static/chunks/node_modules_next_dist_client_17643121._.js:10914:52) @ http://localhost:3000/_next/static/chunks/node_modules_next_dist_f3530cac._.js:3127
[27981312ms] [ERROR] Failed to load resource: net::ERR_CONNECTION_REFUSED @ http://localhost:3000/contracts/d9258b20-b3c3-4101-ad68-f4fb6775ad6f?_rsc=1bsdz:0
[27981312ms] [ERROR] Failed to fetch RSC payload for http://localhost:3000/contracts/d9258b20-b3c3-4101-ad68-f4fb6775ad6f. Falling back to browser navigation. TypeError: Failed to fetch
    at createFetch (http://localhost:3000/_next/static/chunks/node_modules_next_dist_client_17643121._.js:2588:24)
    at fetchServerResponse (http://localhost:3000/_next/static/chunks/node_modules_next_dist_client_17643121._.js:2490:27)
    at fetchMissingDynamicData (http://localhost:3000/_next/static/chunks/node_modules_next_dist_client_17643121._.js:3654:75)
    at spawnDynamicRequests (http://localhost:3000/_next/static/chunks/node_modules_next_dist_client_17643121._.js:3501:35)
    at navigateToSeededRoute (http://localhost:3000/_next/static/chunks/node_modules_next_dist_client_17643121._.js:7741:50)
    at refreshDynamicData (http://localhost:3000/_next/static/chunks/node_modules_next_dist_client_17643121._.js:8347:58)
    at hmrRefreshReducer (http://localhost:3000/_next/static/chunks/node_modules_next_dist_client_17643121._.js:8513:51)
    at clientReducer (http://localhost:3000/_next/static/chunks/node_modules_next_dist_client_17643121._.js:9081:65)
    at Object.action (http://localhost:3000/_next/static/chunks/node_modules_next_dist_client_17643121._.js:9310:55)
    at runAction (http://localhost:3000/_next/static/chunks/node_modules_next_dist_client_17643121._.js:9215:38)
    at dispatchAction (http://localhost:3000/_next/static/chunks/node_modules_next_dist_client_17643121._.js:9278:9)
    at Object.dispatch (http://localhost:3000/_next/static/chunks/node_modules_next_dist_client_17643121._.js:9308:40)
    at http://localhost:3000/_next/static/chunks/node_modules_next_dist_client_17643121._.js:1489:29
    at startTransition (http://localhost:3000/_next/static/chunks/node_modules_next_dist_compiled_react-dom_1e674e59._.js:5500:31)
    at dispatch (http://localhost:3000/_next/static/chunks/node_modules_next_dist_client_17643121._.js:1488:13)
    at dispatchAppRouterAction (http://localhost:3000/_next/static/chunks/node_modules_next_dist_client_17643121._.js:1470:5)
    at http://localhost:3000/_next/static/chunks/node_modules_next_dist_client_17643121._.js:9439:61
    at startTransition (http://localhost:3000/_next/static/chunks/node_modules_next_dist_compiled_a0e4c7b4._.js:1279:31)
    at Object.hmrRefresh (http://localhost:3000/_next/static/chunks/node_modules_next_dist_client_17643121._.js:9438:40)
    at processMessage (http://localhost:3000/_next/static/chunks/node_modules_next_dist_client_17643121._.js:11643:67)
    at WebSocket.handleMessage (http://localhost:3000/_next/static/chunks/node_modules_next_dist_client_17643121._.js:10914:52) @ http://localhost:3000/_next/static/chunks/node_modules_next_dist_f3530cac._.js:3127
[27981313ms] [ERROR] Failed to load resource: net::ERR_CONNECTION_REFUSED @ http://localhost:3000/contracts/d9258b20-b3c3-4101-ad68-f4fb6775ad6f?_rsc=1bsdz:0
[27981313ms] [ERROR] Failed to fetch RSC payload for http://localhost:3000/contracts/d9258b20-b3c3-4101-ad68-f4fb6775ad6f. Falling back to browser navigation. TypeError: Failed to fetch
    at createFetch (http://localhost:3000/_next/static/chunks/node_modules_next_dist_client_17643121._.js:2588:24)
    at fetchServerResponse (http://localhost:3000/_next/static/chunks/node_modules_next_dist_client_17643121._.js:2490:27)
    at fetchMissingDynamicData (http://localhost:3000/_next/static/chunks/node_modules_next_dist_client_17643121._.js:3654:75)
    at spawnDynamicRequests (http://localhost:3000/_next/static/chunks/node_modules_next_dist_client_17643121._.js:3501:35)
    at navigateToSeededRoute (http://localhost:3000/_next/static/chunks/node_modules_next_dist_client_17643121._.js:7741:50)
    at refreshDynamicData (http://localhost:3000/_next/static/chunks/node_modules_next_dist_client_17643121._.js:8347:58)
    at hmrRefreshReducer (http://localhost:3000/_next/static/chunks/node_modules_next_dist_client_17643121._.js:8513:51)
    at clientReducer (http://localhost:3000/_next/static/chunks/node_modules_next_dist_client_17643121._.js:9081:65)
    at Object.action (http://localhost:3000/_next/static/chunks/node_modules_next_dist_client_17643121._.js:9310:55)
    at runAction (http://localhost:3000/_next/static/chunks/node_modules_next_dist_client_17643121._.js:9215:38)
    at dispatchAction (http://localhost:3000/_next/static/chunks/node_modules_next_dist_client_17643121._.js:9278:9)
    at Object.dispatch (http://localhost:3000/_next/static/chunks/node_modules_next_dist_client_17643121._.js:9308:40)
    at http://localhost:3000/_next/static/chunks/node_modules_next_dist_client_17643121._.js:1489:29
    at startTransition (http://localhost:3000/_next/static/chunks/node_modules_next_dist_compiled_react-dom_1e674e59._.js:5500:31)
    at dispatch (http://localhost:3000/_next/static/chunks/node_modules_next_dist_client_17643121._.js:1488:13)
    at dispatchAppRouterAction (http://localhost:3000/_next/static/chunks/node_modules_next_dist_client_17643121._.js:1470:5)
    at http://localhost:3000/_next/static/chunks/node_modules_next_dist_client_17643121._.js:9439:61
    at startTransition (http://localhost:3000/_next/static/chunks/node_modules_next_dist_compiled_a0e4c7b4._.js:1279:31)
    at Object.hmrRefresh (http://localhost:3000/_next/static/chunks/node_modules_next_dist_client_17643121._.js:9438:40)
    at processMessage (http://localhost:3000/_next/static/chunks/node_modules_next_dist_client_17643121._.js:11643:67)
    at WebSocket.handleMessage (http://localhost:3000/_next/static/chunks/node_modules_next_dist_client_17643121._.js:10914:52) @ http://localhost:3000/_next/static/chunks/node_modules_next_dist_f3530cac._.js:3127
[27981313ms] [ERROR] Failed to load resource: net::ERR_CONNECTION_REFUSED @ http://localhost:3000/contracts/d9258b20-b3c3-4101-ad68-f4fb6775ad6f?_rsc=1bsdz:0
[27981313ms] [ERROR] Failed to fetch RSC payload for http://localhost:3000/contracts/d9258b20-b3c3-4101-ad68-f4fb6775ad6f. Falling back to browser navigation. TypeError: Failed to fetch
    at createFetch (http://localhost:3000/_next/static/chunks/node_modules_next_dist_client_17643121._.js:2588:24)
    at fetchServerResponse (http://localhost:3000/_next/static/chunks/node_modules_next_dist_client_17643121._.js:2490:27)
    at fetchMissingDynamicData (http://localhost:3000/_next/static/chunks/node_modules_next_dist_client_17643121._.js:3654:75)
    at spawnDynamicRequests (http://localhost:3000/_next/static/chunks/node_modules_next_dist_client_17643121._.js:3501:35)
    at navigateToSeededRoute (http://localhost:3000/_next/static/chunks/node_modules_next_dist_client_17643121._.js:7741:50)
    at refreshDynamicData (http://localhost:3000/_next/static/chunks/node_modules_next_dist_client_17643121._.js:8347:58)
    at hmrRefreshReducer (http://localhost:3000/_next/static/chunks/node_modules_next_dist_client_17643121._.js:8513:51)
    at clientReducer (http://localhost:3000/_next/static/chunks/node_modules_next_dist_client_17643121._.js:9081:65)
    at Object.action (http://localhost:3000/_next/static/chunks/node_modules_next_dist_client_17643121._.js:9310:55)
    at runAction (http://localhost:3000/_next/static/chunks/node_modules_next_dist_client_17643121._.js:9215:38)
    at dispatchAction (http://localhost:3000/_next/static/chunks/node_modules_next_dist_client_17643121._.js:9278:9)
    at Object.dispatch (http://localhost:3000/_next/static/chunks/node_modules_next_dist_client_17643121._.js:9308:40)
    at http://localhost:3000/_next/static/chunks/node_modules_next_dist_client_17643121._.js:1489:29
    at startTransition (http://localhost:3000/_next/static/chunks/node_modules_next_dist_compiled_react-dom_1e674e59._.js:5500:31)
    at dispatch (http://localhost:3000/_next/static/chunks/node_modules_next_dist_client_17643121._.js:1488:13)
    at dispatchAppRouterAction (http://localhost:3000/_next/static/chunks/node_modules_next_dist_client_17643121._.js:1470:5)
    at http://localhost:3000/_next/static/chunks/node_modules_next_dist_client_17643121._.js:9439:61
    at startTransition (http://localhost:3000/_next/static/chunks/node_modules_next_dist_compiled_a0e4c7b4._.js:1279:31)
    at Object.hmrRefresh (http://localhost:3000/_next/static/chunks/node_modules_next_dist_client_17643121._.js:9438:40)
    at processMessage (http://localhost:3000/_next/static/chunks/node_modules_next_dist_client_17643121._.js:11643:67)
    at WebSocket.handleMessage (http://localhost:3000/_next/static/chunks/node_modules_next_dist_client_17643121._.js:10914:52) @ http://localhost:3000/_next/static/chunks/node_modules_next_dist_f3530cac._.js:3127
[27981313ms] [ERROR] Failed to load resource: net::ERR_CONNECTION_REFUSED @ http://localhost:3000/contracts/d9258b20-b3c3-4101-ad68-f4fb6775ad6f?_rsc=1bsdz:0
[27981313ms] [ERROR] Failed to fetch RSC payload for http://localhost:3000/contracts/d9258b20-b3c3-4101-ad68-f4fb6775ad6f. Falling back to browser navigation. TypeError: Failed to fetch
    at createFetch (http://localhost:3000/_next/static/chunks/node_modules_next_dist_client_17643121._.js:2588:24)
    at fetchServerResponse (http://localhost:3000/_next/static/chunks/node_modules_next_dist_client_17643121._.js:2490:27)
    at fetchMissingDynamicData (http://localhost:3000/_next/static/chunks/node_modules_next_dist_client_17643121._.js:3654:75)
    at spawnDynamicRequests (http://localhost:3000/_next/static/chunks/node_modules_next_dist_client_17643121._.js:3501:35)
    at navigateToSeededRoute (http://localhost:3000/_next/static/chunks/node_modules_next_dist_client_17643121._.js:7741:50)
    at refreshDynamicData (http://localhost:3000/_next/static/chunks/node_modules_next_dist_client_17643121._.js:8347:58)
    at hmrRefreshReducer (http://localhost:3000/_next/static/chunks/node_modules_next_dist_client_17643121._.js:8513:51)
    at clientReducer (http://localhost:3000/_next/static/chunks/node_modules_next_dist_client_17643121._.js:9081:65)
    at Object.action (http://localhost:3000/_next/static/chunks/node_modules_next_dist_client_17643121._.js:9310:55)
    at runAction (http://localhost:3000/_next/static/chunks/node_modules_next_dist_client_17643121._.js:9215:38)
    at dispatchAction (http://localhost:3000/_next/static/chunks/node_modules_next_dist_client_17643121._.js:9278:9)
    at Object.dispatch (http://localhost:3000/_next/static/chunks/node_modules_next_dist_client_17643121._.js:9308:40)
    at http://localhost:3000/_next/static/chunks/node_modules_next_dist_client_17643121._.js:1489:29
    at startTransition (http://localhost:3000/_next/static/chunks/node_modules_next_dist_compiled_react-dom_1e674e59._.js:5500:31)
    at dispatch (http://localhost:3000/_next/static/chunks/node_modules_next_dist_client_17643121._.js:1488:13)
    at dispatchAppRouterAction (http://localhost:3000/_next/static/chunks/node_modules_next_dist_client_17643121._.js:1470:5)
    at http://localhost:3000/_next/static/chunks/node_modules_next_dist_client_17643121._.js:9439:61
    at startTransition (http://localhost:3000/_next/static/chunks/node_modules_next_dist_compiled_a0e4c7b4._.js:1279:31)
    at Object.hmrRefresh (http://localhost:3000/_next/static/chunks/node_modules_next_dist_client_17643121._.js:9438:40)
    at processMessage (http://localhost:3000/_next/static/chunks/node_modules_next_dist_client_17643121._.js:11643:67)
    at WebSocket.handleMessage (http://localhost:3000/_next/static/chunks/node_modules_next_dist_client_17643121._.js:10914:52) @ http://localhost:3000/_next/static/chunks/node_modules_next_dist_f3530cac._.js:3127
[27981314ms] [ERROR] Failed to load resource: net::ERR_CONNECTION_REFUSED @ http://localhost:3000/contracts/d9258b20-b3c3-4101-ad68-f4fb6775ad6f?_rsc=1bsdz:0
[27981314ms] [ERROR] Failed to fetch RSC payload for http://localhost:3000/contracts/d9258b20-b3c3-4101-ad68-f4fb6775ad6f. Falling back to browser navigation. TypeError: Failed to fetch
    at createFetch (http://localhost:3000/_next/static/chunks/node_modules_next_dist_client_17643121._.js:2588:24)
    at fetchServerResponse (http://localhost:3000/_next/static/chunks/node_modules_next_dist_client_17643121._.js:2490:27)
    at fetchMissingDynamicData (http://localhost:3000/_next/static/chunks/node_modules_next_dist_client_17643121._.js:3654:75)
    at spawnDynamicRequests (http://localhost:3000/_next/static/chunks/node_modules_next_dist_client_17643121._.js:3501:35)
    at navigateToSeededRoute (http://localhost:3000/_next/static/chunks/node_modules_next_dist_client_17643121._.js:7741:50)
    at refreshDynamicData (http://localhost:3000/_next/static/chunks/node_modules_next_dist_client_17643121._.js:8347:58)
    at hmrRefreshReducer (http://localhost:3000/_next/static/chunks/node_modules_next_dist_client_17643121._.js:8513:51)
    at clientReducer (http://localhost:3000/_next/static/chunks/node_modules_next_dist_client_17643121._.js:9081:65)
    at Object.action (http://localhost:3000/_next/static/chunks/node_modules_next_dist_client_17643121._.js:9310:55)
    at runAction (http://localhost:3000/_next/static/chunks/node_modules_next_dist_client_17643121._.js:9215:38)
    at dispatchAction (http://localhost:3000/_next/static/chunks/node_modules_next_dist_client_17643121._.js:9278:9)
    at Object.dispatch (http://localhost:3000/_next/static/chunks/node_modules_next_dist_client_17643121._.js:9308:40)
    at http://localhost:3000/_next/static/chunks/node_modules_next_dist_client_17643121._.js:1489:29
    at startTransition (http://localhost:3000/_next/static/chunks/node_modules_next_dist_compiled_react-dom_1e674e59._.js:5500:31)
    at dispatch (http://localhost:3000/_next/static/chunks/node_modules_next_dist_client_17643121._.js:1488:13)
    at dispatchAppRouterAction (http://localhost:3000/_next/static/chunks/node_modules_next_dist_client_17643121._.js:1470:5)
    at http://localhost:3000/_next/static/chunks/node_modules_next_dist_client_17643121._.js:9439:61
    at startTransition (http://localhost:3000/_next/static/chunks/node_modules_next_dist_compiled_a0e4c7b4._.js:1279:31)
    at Object.hmrRefresh (http://localhost:3000/_next/static/chunks/node_modules_next_dist_client_17643121._.js:9438:40)
    at processMessage (http://localhost:3000/_next/static/chunks/node_modules_next_dist_client_17643121._.js:11643:67)
    at WebSocket.handleMessage (http://localhost:3000/_next/static/chunks/node_modules_next_dist_client_17643121._.js:10914:52) @ http://localhost:3000/_next/static/chunks/node_modules_next_dist_f3530cac._.js:3127
[27981314ms] [ERROR] Failed to load resource: net::ERR_CONNECTION_REFUSED @ http://localhost:3000/contracts/d9258b20-b3c3-4101-ad68-f4fb6775ad6f?_rsc=1bsdz:0
[27981314ms] [ERROR] Failed to fetch RSC payload for http://localhost:3000/contracts/d9258b20-b3c3-4101-ad68-f4fb6775ad6f. Falling back to browser navigation. TypeError: Failed to fetch
    at createFetch (http://localhost:3000/_next/static/chunks/node_modules_next_dist_client_17643121._.js:2588:24)
    at fetchServerResponse (http://localhost:3000/_next/static/chunks/node_modules_next_dist_client_17643121._.js:2490:27)
    at fetchMissingDynamicData (http://localhost:3000/_next/static/chunks/node_modules_next_dist_client_17643121._.js:3654:75)
    at spawnDynamicRequests (http://localhost:3000/_next/static/chunks/node_modules_next_dist_client_17643121._.js:3501:35)
    at navigateToSeededRoute (http://localhost:3000/_next/static/chunks/node_modules_next_dist_client_17643121._.js:7741:50)
    at refreshDynamicData (http://localhost:3000/_next/static/chunks/node_modules_next_dist_client_17643121._.js:8347:58)
    at hmrRefreshReducer (http://localhost:3000/_next/static/chunks/node_modules_next_dist_client_17643121._.js:8513:51)
    at clientReducer (http://localhost:3000/_next/static/chunks/node_modules_next_dist_client_17643121._.js:9081:65)
    at Object.action (http://localhost:3000/_next/static/chunks/node_modules_next_dist_client_17643121._.js:9310:55)
    at runAction (http://localhost:3000/_next/static/chunks/node_modules_next_dist_client_17643121._.js:9215:38)
    at dispatchAction (http://localhost:3000/_next/static/chunks/node_modules_next_dist_client_17643121._.js:9278:9)
    at Object.dispatch (http://localhost:3000/_next/static/chunks/node_modules_next_dist_client_17643121._.js:9308:40)
    at http://localhost:3000/_next/static/chunks/node_modules_next_dist_client_17643121._.js:1489:29
    at startTransition (http://localhost:3000/_next/static/chunks/node_modules_next_dist_compiled_react-dom_1e674e59._.js:5500:31)
    at dispatch (http://localhost:3000/_next/static/chunks/node_modules_next_dist_client_17643121._.js:1488:13)
    at dispatchAppRouterAction (http://localhost:3000/_next/static/chunks/node_modules_next_dist_client_17643121._.js:1470:5)
    at http://localhost:3000/_next/static/chunks/node_modules_next_dist_client_17643121._.js:9439:61
    at startTransition (http://localhost:3000/_next/static/chunks/node_modules_next_dist_compiled_a0e4c7b4._.js:1279:31)
    at Object.hmrRefresh (http://localhost:3000/_next/static/chunks/node_modules_next_dist_client_17643121._.js:9438:40)
    at processMessage (http://localhost:3000/_next/static/chunks/node_modules_next_dist_client_17643121._.js:11643:67)
    at WebSocket.handleMessage (http://localhost:3000/_next/static/chunks/node_modules_next_dist_client_17643121._.js:10914:52) @ http://localhost:3000/_next/static/chunks/node_modules_next_dist_f3530cac._.js:3127
[27981314ms] [ERROR] Failed to load resource: net::ERR_CONNECTION_REFUSED @ http://localhost:3000/contracts/d9258b20-b3c3-4101-ad68-f4fb6775ad6f?_rsc=1bsdz:0
[27981314ms] [ERROR] Failed to fetch RSC payload for http://localhost:3000/contracts/d9258b20-b3c3-4101-ad68-f4fb6775ad6f. Falling back to browser navigation. TypeError: Failed to fetch
    at createFetch (http://localhost:3000/_next/static/chunks/node_modules_next_dist_client_17643121._.js:2588:24)
    at fetchServerResponse (http://localhost:3000/_next/static/chunks/node_modules_next_dist_client_17643121._.js:2490:27)
    at fetchMissingDynamicData (http://localhost:3000/_next/static/chunks/node_modules_next_dist_client_17643121._.js:3654:75)
    at spawnDynamicRequests (http://localhost:3000/_next/static/chunks/node_modules_next_dist_client_17643121._.js:3501:35)
    at navigateToSeededRoute (http://localhost:3000/_next/static/chunks/node_modules_next_dist_client_17643121._.js:7741:50)
    at refreshDynamicData (http://localhost:3000/_next/static/chunks/node_modules_next_dist_client_17643121._.js:8347:58)
    at hmrRefreshReducer (http://localhost:3000/_next/static/chunks/node_modules_next_dist_client_17643121._.js:8513:51)
    at clientReducer (http://localhost:3000/_next/static/chunks/node_modules_next_dist_client_17643121._.js:9081:65)
    at Object.action (http://localhost:3000/_next/static/chunks/node_modules_next_dist_client_17643121._.js:9310:55)
    at runAction (http://localhost:3000/_next/static/chunks/node_modules_next_dist_client_17643121._.js:9215:38)
    at dispatchAction (http://localhost:3000/_next/static/chunks/node_modules_next_dist_client_17643121._.js:9278:9)
    at Object.dispatch (http://localhost:3000/_next/static/chunks/node_modules_next_dist_client_17643121._.js:9308:40)
    at http://localhost:3000/_next/static/chunks/node_modules_next_dist_client_17643121._.js:1489:29
    at startTransition (http://localhost:3000/_next/static/chunks/node_modules_next_dist_compiled_react-dom_1e674e59._.js:5500:31)
    at dispatch (http://localhost:3000/_next/static/chunks/node_modules_next_dist_client_17643121._.js:1488:13)
    at dispatchAppRouterAction (http://localhost:3000/_next/static/chunks/node_modules_next_dist_client_17643121._.js:1470:5)
    at http://localhost:3000/_next/static/chunks/node_modules_next_dist_client_17643121._.js:9439:61
    at startTransition (http://localhost:3000/_next/static/chunks/node_modules_next_dist_compiled_a0e4c7b4._.js:1279:31)
    at Object.hmrRefresh (http://localhost:3000/_next/static/chunks/node_modules_next_dist_client_17643121._.js:9438:40)
    at processMessage (http://localhost:3000/_next/static/chunks/node_modules_next_dist_client_17643121._.js:11643:67)
    at WebSocket.handleMessage (http://localhost:3000/_next/static/chunks/node_modules_next_dist_client_17643121._.js:10914:52) @ http://localhost:3000/_next/static/chunks/node_modules_next_dist_f3530cac._.js:3127
[27981315ms] [ERROR] Failed to load resource: net::ERR_CONNECTION_REFUSED @ http://localhost:3000/contracts/d9258b20-b3c3-4101-ad68-f4fb6775ad6f?_rsc=1bsdz:0
[27981315ms] [ERROR] Failed to fetch RSC payload for http://localhost:3000/contracts/d9258b20-b3c3-4101-ad68-f4fb6775ad6f. Falling back to browser navigation. TypeError: Failed to fetch
    at createFetch (http://localhost:3000/_next/static/chunks/node_modules_next_dist_client_17643121._.js:2588:24)
    at fetchServerResponse (http://localhost:3000/_next/static/chunks/node_modules_next_dist_client_17643121._.js:2490:27)
    at fetchMissingDynamicData (http://localhost:3000/_next/static/chunks/node_modules_next_dist_client_17643121._.js:3654:75)
    at spawnDynamicRequests (http://localhost:3000/_next/static/chunks/node_modules_next_dist_client_17643121._.js:3501:35)
    at navigateToSeededRoute (http://localhost:3000/_next/static/chunks/node_modules_next_dist_client_17643121._.js:7741:50)
    at refreshDynamicData (http://localhost:3000/_next/static/chunks/node_modules_next_dist_client_17643121._.js:8347:58)
    at hmrRefreshReducer (http://localhost:3000/_next/static/chunks/node_modules_next_dist_client_17643121._.js:8513:51)
    at clientReducer (http://localhost:3000/_next/static/chunks/node_modules_next_dist_client_17643121._.js:9081:65)
    at Object.action (http://localhost:3000/_next/static/chunks/node_modules_next_dist_client_17643121._.js:9310:55)
    at runAction (http://localhost:3000/_next/static/chunks/node_modules_next_dist_client_17643121._.js:9215:38)
    at dispatchAction (http://localhost:3000/_next/static/chunks/node_modules_next_dist_client_17643121._.js:9278:9)
    at Object.dispatch (http://localhost:3000/_next/static/chunks/node_modules_next_dist_client_17643121._.js:9308:40)
    at http://localhost:3000/_next/static/chunks/node_modules_next_dist_client_17643121._.js:1489:29
    at startTransition (http://localhost:3000/_next/static/chunks/node_modules_next_dist_compiled_react-dom_1e674e59._.js:5500:31)
    at dispatch (http://localhost:3000/_next/static/chunks/node_modules_next_dist_client_17643121._.js:1488:13)
    at dispatchAppRouterAction (http://localhost:3000/_next/static/chunks/node_modules_next_dist_client_17643121._.js:1470:5)
    at http://localhost:3000/_next/static/chunks/node_modules_next_dist_client_17643121._.js:9439:61
    at startTransition (http://localhost:3000/_next/static/chunks/node_modules_next_dist_compiled_a0e4c7b4._.js:1279:31)
    at Object.hmrRefresh (http://localhost:3000/_next/static/chunks/node_modules_next_dist_client_17643121._.js:9438:40)
    at processMessage (http://localhost:3000/_next/static/chunks/node_modules_next_dist_client_17643121._.js:11643:67)
    at WebSocket.handleMessage (http://localhost:3000/_next/static/chunks/node_modules_next_dist_client_17643121._.js:10914:52) @ http://localhost:3000/_next/static/chunks/node_modules_next_dist_f3530cac._.js:3127
[27981315ms] [ERROR] Failed to load resource: net::ERR_CONNECTION_REFUSED @ http://localhost:3000/contracts/d9258b20-b3c3-4101-ad68-f4fb6775ad6f?_rsc=1bsdz:0
[27981315ms] [ERROR] Failed to fetch RSC payload for http://localhost:3000/contracts/d9258b20-b3c3-4101-ad68-f4fb6775ad6f. Falling back to browser navigation. TypeError: Failed to fetch
    at createFetch (http://localhost:3000/_next/static/chunks/node_modules_next_dist_client_17643121._.js:2588:24)
    at fetchServerResponse (http://localhost:3000/_next/static/chunks/node_modules_next_dist_client_17643121._.js:2490:27)
    at fetchMissingDynamicData (http://localhost:3000/_next/static/chunks/node_modules_next_dist_client_17643121._.js:3654:75)
    at spawnDynamicRequests (http://localhost:3000/_next/static/chunks/node_modules_next_dist_client_17643121._.js:3501:35)
    at navigateToSeededRoute (http://localhost:3000/_next/static/chunks/node_modules_next_dist_client_17643121._.js:7741:50)
    at refreshDynamicData (http://localhost:3000/_next/static/chunks/node_modules_next_dist_client_17643121._.js:8347:58)
    at hmrRefreshReducer (http://localhost:3000/_next/static/chunks/node_modules_next_dist_client_17643121._.js:8513:51)
    at clientReducer (http://localhost:3000/_next/static/chunks/node_modules_next_dist_client_17643121._.js:9081:65)
    at Object.action (http://localhost:3000/_next/static/chunks/node_modules_next_dist_client_17643121._.js:9310:55)
    at runAction (http://localhost:3000/_next/static/chunks/node_modules_next_dist_client_17643121._.js:9215:38)
    at dispatchAction (http://localhost:3000/_next/static/chunks/node_modules_next_dist_client_17643121._.js:9278:9)
    at Object.dispatch (http://localhost:3000/_next/static/chunks/node_modules_next_dist_client_17643121._.js:9308:40)
    at http://localhost:3000/_next/static/chunks/node_modules_next_dist_client_17643121._.js:1489:29
    at startTransition (http://localhost:3000/_next/static/chunks/node_modules_next_dist_compiled_react-dom_1e674e59._.js:5500:31)
    at dispatch (http://localhost:3000/_next/static/chunks/node_modules_next_dist_client_17643121._.js:1488:13)
    at dispatchAppRouterAction (http://localhost:3000/_next/static/chunks/node_modules_next_dist_client_17643121._.js:1470:5)
    at http://localhost:3000/_next/static/chunks/node_modules_next_dist_client_17643121._.js:9439:61
    at startTransition (http://localhost:3000/_next/static/chunks/node_modules_next_dist_compiled_a0e4c7b4._.js:1279:31)
    at Object.hmrRefresh (http://localhost:3000/_next/static/chunks/node_modules_next_dist_client_17643121._.js:9438:40)
    at processMessage (http://localhost:3000/_next/static/chunks/node_modules_next_dist_client_17643121._.js:11643:67)
    at WebSocket.handleMessage (http://localhost:3000/_next/static/chunks/node_modules_next_dist_client_17643121._.js:10914:52) @ http://localhost:3000/_next/static/chunks/node_modules_next_dist_f3530cac._.js:3127
[27981316ms] [ERROR] Failed to load resource: net::ERR_CONNECTION_REFUSED @ http://localhost:3000/contracts/d9258b20-b3c3-4101-ad68-f4fb6775ad6f?_rsc=1bsdz:0
[27981316ms] [ERROR] Failed to fetch RSC payload for http://localhost:3000/contracts/d9258b20-b3c3-4101-ad68-f4fb6775ad6f. Falling back to browser navigation. TypeError: Failed to fetch
    at createFetch (http://localhost:3000/_next/static/chunks/node_modules_next_dist_client_17643121._.js:2588:24)
    at fetchServerResponse (http://localhost:3000/_next/static/chunks/node_modules_next_dist_client_17643121._.js:2490:27)
    at fetchMissingDynamicData (http://localhost:3000/_next/static/chunks/node_modules_next_dist_client_17643121._.js:3654:75)
    at spawnDynamicRequests (http://localhost:3000/_next/static/chunks/node_modules_next_dist_client_17643121._.js:3501:35)
    at navigateToSeededRoute (http://localhost:3000/_next/static/chunks/node_modules_next_dist_client_17643121._.js:7741:50)
    at refreshDynamicData (http://localhost:3000/_next/static/chunks/node_modules_next_dist_client_17643121._.js:8347:58)
    at hmrRefreshReducer (http://localhost:3000/_next/static/chunks/node_modules_next_dist_client_17643121._.js:8513:51)
    at clientReducer (http://localhost:3000/_next/static/chunks/node_modules_next_dist_client_17643121._.js:9081:65)
    at Object.action (http://localhost:3000/_next/static/chunks/node_modules_next_dist_client_17643121._.js:9310:55)
    at runAction (http://localhost:3000/_next/static/chunks/node_modules_next_dist_client_17643121._.js:9215:38)
    at dispatchAction (http://localhost:3000/_next/static/chunks/node_modules_next_dist_client_17643121._.js:9278:9)
    at Object.dispatch (http://localhost:3000/_next/static/chunks/node_modules_next_dist_client_17643121._.js:9308:40)
    at http://localhost:3000/_next/static/chunks/node_modules_next_dist_client_17643121._.js:1489:29
    at startTransition (http://localhost:3000/_next/static/chunks/node_modules_next_dist_compiled_react-dom_1e674e59._.js:5500:31)
    at dispatch (http://localhost:3000/_next/static/chunks/node_modules_next_dist_client_17643121._.js:1488:13)
    at dispatchAppRouterAction (http://localhost:3000/_next/static/chunks/node_modules_next_dist_client_17643121._.js:1470:5)
    at http://localhost:3000/_next/static/chunks/node_modules_next_dist_client_17643121._.js:9439:61
    at startTransition (http://localhost:3000/_next/static/chunks/node_modules_next_dist_compiled_a0e4c7b4._.js:1279:31)
    at Object.hmrRefresh (http://localhost:3000/_next/static/chunks/node_modules_next_dist_client_17643121._.js:9438:40)
    at processMessage (http://localhost:3000/_next/static/chunks/node_modules_next_dist_client_17643121._.js:11643:67)
    at WebSocket.handleMessage (http://localhost:3000/_next/static/chunks/node_modules_next_dist_client_17643121._.js:10914:52) @ http://localhost:3000/_next/static/chunks/node_modules_next_dist_f3530cac._.js:3127
[27981317ms] [ERROR] Failed to load resource: net::ERR_CONNECTION_REFUSED @ http://localhost:3000/contracts/d9258b20-b3c3-4101-ad68-f4fb6775ad6f?_rsc=1bsdz:0
[27981317ms] [ERROR] Failed to fetch RSC payload for http://localhost:3000/contracts/d9258b20-b3c3-4101-ad68-f4fb6775ad6f. Falling back to browser navigation. TypeError: Failed to fetch
    at createFetch (http://localhost:3000/_next/static/chunks/node_modules_next_dist_client_17643121._.js:2588:24)
    at fetchServerResponse (http://localhost:3000/_next/static/chunks/node_modules_next_dist_client_17643121._.js:2490:27)
    at fetchMissingDynamicData (http://localhost:3000/_next/static/chunks/node_modules_next_dist_client_17643121._.js:3654:75)
    at spawnDynamicRequests (http://localhost:3000/_next/static/chunks/node_modules_next_dist_client_17643121._.js:3501:35)
    at navigateToSeededRoute (http://localhost:3000/_next/static/chunks/node_modules_next_dist_client_17643121._.js:7741:50)
    at refreshDynamicData (http://localhost:3000/_next/static/chunks/node_modules_next_dist_client_17643121._.js:8347:58)
    at hmrRefreshReducer (http://localhost:3000/_next/static/chunks/node_modules_next_dist_client_17643121._.js:8513:51)
    at clientReducer (http://localhost:3000/_next/static/chunks/node_modules_next_dist_client_17643121._.js:9081:65)
    at Object.action (http://localhost:3000/_next/static/chunks/node_modules_next_dist_client_17643121._.js:9310:55)
    at runAction (http://localhost:3000/_next/static/chunks/node_modules_next_dist_client_17643121._.js:9215:38)
    at dispatchAction (http://localhost:3000/_next/static/chunks/node_modules_next_dist_client_17643121._.js:9278:9)
    at Object.dispatch (http://localhost:3000/_next/static/chunks/node_modules_next_dist_client_17643121._.js:9308:40)
    at http://localhost:3000/_next/static/chunks/node_modules_next_dist_client_17643121._.js:1489:29
    at startTransition (http://localhost:3000/_next/static/chunks/node_modules_next_dist_compiled_react-dom_1e674e59._.js:5500:31)
    at dispatch (http://localhost:3000/_next/static/chunks/node_modules_next_dist_client_17643121._.js:1488:13)
    at dispatchAppRouterAction (http://localhost:3000/_next/static/chunks/node_modules_next_dist_client_17643121._.js:1470:5)
    at http://localhost:3000/_next/static/chunks/node_modules_next_dist_client_17643121._.js:9439:61
    at startTransition (http://localhost:3000/_next/static/chunks/node_modules_next_dist_compiled_a0e4c7b4._.js:1279:31)
    at Object.hmrRefresh (http://localhost:3000/_next/static/chunks/node_modules_next_dist_client_17643121._.js:9438:40)
    at processMessage (http://localhost:3000/_next/static/chunks/node_modules_next_dist_client_17643121._.js:11643:67)
    at WebSocket.handleMessage (http://localhost:3000/_next/static/chunks/node_modules_next_dist_client_17643121._.js:10914:52) @ http://localhost:3000/_next/static/chunks/node_modules_next_dist_f3530cac._.js:3127
[27981317ms] [ERROR] Failed to load resource: net::ERR_CONNECTION_REFUSED @ http://localhost:3000/contracts/d9258b20-b3c3-4101-ad68-f4fb6775ad6f?_rsc=1bsdz:0
[27981317ms] [ERROR] Failed to fetch RSC payload for http://localhost:3000/contracts/d9258b20-b3c3-4101-ad68-f4fb6775ad6f. Falling back to browser navigation. TypeError: Failed to fetch
    at createFetch (http://localhost:3000/_next/static/chunks/node_modules_next_dist_client_17643121._.js:2588:24)
    at fetchServerResponse (http://localhost:3000/_next/static/chunks/node_modules_next_dist_client_17643121._.js:2490:27)
    at fetchMissingDynamicData (http://localhost:3000/_next/static/chunks/node_modules_next_dist_client_17643121._.js:3654:75)
    at spawnDynamicRequests (http://localhost:3000/_next/static/chunks/node_modules_next_dist_client_17643121._.js:3501:35)
    at navigateToSeededRoute (http://localhost:3000/_next/static/chunks/node_modules_next_dist_client_17643121._.js:7741:50)
    at refreshDynamicData (http://localhost:3000/_next/static/chunks/node_modules_next_dist_client_17643121._.js:8347:58)
    at hmrRefreshReducer (http://localhost:3000/_next/static/chunks/node_modules_next_dist_client_17643121._.js:8513:51)
    at clientReducer (http://localhost:3000/_next/static/chunks/node_modules_next_dist_client_17643121._.js:9081:65)
    at Object.action (http://localhost:3000/_next/static/chunks/node_modules_next_dist_client_17643121._.js:9310:55)
    at runAction (http://localhost:3000/_next/static/chunks/node_modules_next_dist_client_17643121._.js:9215:38)
    at dispatchAction (http://localhost:3000/_next/static/chunks/node_modules_next_dist_client_17643121._.js:9278:9)
    at Object.dispatch (http://localhost:3000/_next/static/chunks/node_modules_next_dist_client_17643121._.js:9308:40)
    at http://localhost:3000/_next/static/chunks/node_modules_next_dist_client_17643121._.js:1489:29
    at startTransition (http://localhost:3000/_next/static/chunks/node_modules_next_dist_compiled_react-dom_1e674e59._.js:5500:31)
    at dispatch (http://localhost:3000/_next/static/chunks/node_modules_next_dist_client_17643121._.js:1488:13)
    at dispatchAppRouterAction (http://localhost:3000/_next/static/chunks/node_modules_next_dist_client_17643121._.js:1470:5)
    at http://localhost:3000/_next/static/chunks/node_modules_next_dist_client_17643121._.js:9439:61
    at startTransition (http://localhost:3000/_next/static/chunks/node_modules_next_dist_compiled_a0e4c7b4._.js:1279:31)
    at Object.hmrRefresh (http://localhost:3000/_next/static/chunks/node_modules_next_dist_client_17643121._.js:9438:40)
    at processMessage (http://localhost:3000/_next/static/chunks/node_modules_next_dist_client_17643121._.js:11643:67)
    at WebSocket.handleMessage (http://localhost:3000/_next/static/chunks/node_modules_next_dist_client_17643121._.js:10914:52) @ http://localhost:3000/_next/static/chunks/node_modules_next_dist_f3530cac._.js:3127
[27981317ms] [ERROR] Failed to load resource: net::ERR_CONNECTION_REFUSED @ http://localhost:3000/contracts/d9258b20-b3c3-4101-ad68-f4fb6775ad6f?_rsc=1bsdz:0
[27981318ms] [ERROR] Failed to fetch RSC payload for http://localhost:3000/contracts/d9258b20-b3c3-4101-ad68-f4fb6775ad6f. Falling back to browser navigation. TypeError: Failed to fetch
    at createFetch (http://localhost:3000/_next/static/chunks/node_modules_next_dist_client_17643121._.js:2588:24)
    at fetchServerResponse (http://localhost:3000/_next/static/chunks/node_modules_next_dist_client_17643121._.js:2490:27)
    at fetchMissingDynamicData (http://localhost:3000/_next/static/chunks/node_modules_next_dist_client_17643121._.js:3654:75)
    at spawnDynamicRequests (http://localhost:3000/_next/static/chunks/node_modules_next_dist_client_17643121._.js:3501:35)
    at navigateToSeededRoute (http://localhost:3000/_next/static/chunks/node_modules_next_dist_client_17643121._.js:7741:50)
    at refreshDynamicData (http://localhost:3000/_next/static/chunks/node_modules_next_dist_client_17643121._.js:8347:58)
    at hmrRefreshReducer (http://localhost:3000/_next/static/chunks/node_modules_next_dist_client_17643121._.js:8513:51)
    at clientReducer (http://localhost:3000/_next/static/chunks/node_modules_next_dist_client_17643121._.js:9081:65)
    at Object.action (http://localhost:3000/_next/static/chunks/node_modules_next_dist_client_17643121._.js:9310:55)
    at runAction (http://localhost:3000/_next/static/chunks/node_modules_next_dist_client_17643121._.js:9215:38)
    at dispatchAction (http://localhost:3000/_next/static/chunks/node_modules_next_dist_client_17643121._.js:9278:9)
    at Object.dispatch (http://localhost:3000/_next/static/chunks/node_modules_next_dist_client_17643121._.js:9308:40)
    at http://localhost:3000/_next/static/chunks/node_modules_next_dist_client_17643121._.js:1489:29
    at startTransition (http://localhost:3000/_next/static/chunks/node_modules_next_dist_compiled_react-dom_1e674e59._.js:5500:31)
    at dispatch (http://localhost:3000/_next/static/chunks/node_modules_next_dist_client_17643121._.js:1488:13)
    at dispatchAppRouterAction (http://localhost:3000/_next/static/chunks/node_modules_next_dist_client_17643121._.js:1470:5)
    at http://localhost:3000/_next/static/chunks/node_modules_next_dist_client_17643121._.js:9439:61
    at startTransition (http://localhost:3000/_next/static/chunks/node_modules_next_dist_compiled_a0e4c7b4._.js:1279:31)
    at Object.hmrRefresh (http://localhost:3000/_next/static/chunks/node_modules_next_dist_client_17643121._.js:9438:40)
    at processMessage (http://localhost:3000/_next/static/chunks/node_modules_next_dist_client_17643121._.js:11643:67)
    at WebSocket.handleMessage (http://localhost:3000/_next/static/chunks/node_modules_next_dist_client_17643121._.js:10914:52) @ http://localhost:3000/_next/static/chunks/node_modules_next_dist_f3530cac._.js:3127
[27981318ms] [ERROR] Failed to load resource: net::ERR_CONNECTION_REFUSED @ http://localhost:3000/contracts/d9258b20-b3c3-4101-ad68-f4fb6775ad6f?_rsc=1bsdz:0
[27981318ms] [ERROR] Failed to fetch RSC payload for http://localhost:3000/contracts/d9258b20-b3c3-4101-ad68-f4fb6775ad6f. Falling back to browser navigation. TypeError: Failed to fetch
    at createFetch (http://localhost:3000/_next/static/chunks/node_modules_next_dist_client_17643121._.js:2588:24)
    at fetchServerResponse (http://localhost:3000/_next/static/chunks/node_modules_next_dist_client_17643121._.js:2490:27)
    at fetchMissingDynamicData (http://localhost:3000/_next/static/chunks/node_modules_next_dist_client_17643121._.js:3654:75)
    at spawnDynamicRequests (http://localhost:3000/_next/static/chunks/node_modules_next_dist_client_17643121._.js:3501:35)
    at navigateToSeededRoute (http://localhost:3000/_next/static/chunks/node_modules_next_dist_client_17643121._.js:7741:50)
    at refreshDynamicData (http://localhost:3000/_next/static/chunks/node_modules_next_dist_client_17643121._.js:8347:58)
    at hmrRefreshReducer (http://localhost:3000/_next/static/chunks/node_modules_next_dist_client_17643121._.js:8513:51)
    at clientReducer (http://localhost:3000/_next/static/chunks/node_modules_next_dist_client_17643121._.js:9081:65)
    at Object.action (http://localhost:3000/_next/static/chunks/node_modules_next_dist_client_17643121._.js:9310:55)
    at runAction (http://localhost:3000/_next/static/chunks/node_modules_next_dist_client_17643121._.js:9215:38)
    at dispatchAction (http://localhost:3000/_next/static/chunks/node_modules_next_dist_client_17643121._.js:9278:9)
    at Object.dispatch (http://localhost:3000/_next/static/chunks/node_modules_next_dist_client_17643121._.js:9308:40)
    at http://localhost:3000/_next/static/chunks/node_modules_next_dist_client_17643121._.js:1489:29
    at startTransition (http://localhost:3000/_next/static/chunks/node_modules_next_dist_compiled_react-dom_1e674e59._.js:5500:31)
    at dispatch (http://localhost:3000/_next/static/chunks/node_modules_next_dist_client_17643121._.js:1488:13)
    at dispatchAppRouterAction (http://localhost:3000/_next/static/chunks/node_modules_next_dist_client_17643121._.js:1470:5)
    at http://localhost:3000/_next/static/chunks/node_modules_next_dist_client_17643121._.js:9439:61
    at startTransition (http://localhost:3000/_next/static/chunks/node_modules_next_dist_compiled_a0e4c7b4._.js:1279:31)
    at Object.hmrRefresh (http://localhost:3000/_next/static/chunks/node_modules_next_dist_client_17643121._.js:9438:40)
    at processMessage (http://localhost:3000/_next/static/chunks/node_modules_next_dist_client_17643121._.js:11643:67)
    at WebSocket.handleMessage (http://localhost:3000/_next/static/chunks/node_modules_next_dist_client_17643121._.js:10914:52) @ http://localhost:3000/_next/static/chunks/node_modules_next_dist_f3530cac._.js:3127
[27981319ms] [ERROR] Failed to load resource: net::ERR_CONNECTION_REFUSED @ http://localhost:3000/contracts/d9258b20-b3c3-4101-ad68-f4fb6775ad6f?_rsc=1bsdz:0
[27981319ms] [ERROR] Failed to fetch RSC payload for http://localhost:3000/contracts/d9258b20-b3c3-4101-ad68-f4fb6775ad6f. Falling back to browser navigation. TypeError: Failed to fetch
    at createFetch (http://localhost:3000/_next/static/chunks/node_modules_next_dist_client_17643121._.js:2588:24)
    at fetchServerResponse (http://localhost:3000/_next/static/chunks/node_modules_next_dist_client_17643121._.js:2490:27)
    at fetchMissingDynamicData (http://localhost:3000/_next/static/chunks/node_modules_next_dist_client_17643121._.js:3654:75)
    at spawnDynamicRequests (http://localhost:3000/_next/static/chunks/node_modules_next_dist_client_17643121._.js:3501:35)
    at navigateToSeededRoute (http://localhost:3000/_next/static/chunks/node_modules_next_dist_client_17643121._.js:7741:50)
    at refreshDynamicData (http://localhost:3000/_next/static/chunks/node_modules_next_dist_client_17643121._.js:8347:58)
    at hmrRefreshReducer (http://localhost:3000/_next/static/chunks/node_modules_next_dist_client_17643121._.js:8513:51)
    at clientReducer (http://localhost:3000/_next/static/chunks/node_modules_next_dist_client_17643121._.js:9081:65)
    at Object.action (http://localhost:3000/_next/static/chunks/node_modules_next_dist_client_17643121._.js:9310:55)
    at runAction (http://localhost:3000/_next/static/chunks/node_modules_next_dist_client_17643121._.js:9215:38)
    at dispatchAction (http://localhost:3000/_next/static/chunks/node_modules_next_dist_client_17643121._.js:9278:9)
    at Object.dispatch (http://localhost:3000/_next/static/chunks/node_modules_next_dist_client_17643121._.js:9308:40)
    at http://localhost:3000/_next/static/chunks/node_modules_next_dist_client_17643121._.js:1489:29
    at startTransition (http://localhost:3000/_next/static/chunks/node_modules_next_dist_compiled_react-dom_1e674e59._.js:5500:31)
    at dispatch (http://localhost:3000/_next/static/chunks/node_modules_next_dist_client_17643121._.js:1488:13)
    at dispatchAppRouterAction (http://localhost:3000/_next/static/chunks/node_modules_next_dist_client_17643121._.js:1470:5)
    at http://localhost:3000/_next/static/chunks/node_modules_next_dist_client_17643121._.js:9439:61
    at startTransition (http://localhost:3000/_next/static/chunks/node_modules_next_dist_compiled_a0e4c7b4._.js:1279:31)
    at Object.hmrRefresh (http://localhost:3000/_next/static/chunks/node_modules_next_dist_client_17643121._.js:9438:40)
    at processMessage (http://localhost:3000/_next/static/chunks/node_modules_next_dist_client_17643121._.js:11643:67)
    at WebSocket.handleMessage (http://localhost:3000/_next/static/chunks/node_modules_next_dist_client_17643121._.js:10914:52) @ http://localhost:3000/_next/static/chunks/node_modules_next_dist_f3530cac._.js:3127
[27981320ms] [ERROR] Failed to load resource: net::ERR_CONNECTION_REFUSED @ http://localhost:3000/contracts/d9258b20-b3c3-4101-ad68-f4fb6775ad6f?_rsc=1bsdz:0
[27981320ms] [ERROR] Failed to fetch RSC payload for http://localhost:3000/contracts/d9258b20-b3c3-4101-ad68-f4fb6775ad6f. Falling back to browser navigation. TypeError: Failed to fetch
    at createFetch (http://localhost:3000/_next/static/chunks/node_modules_next_dist_client_17643121._.js:2588:24)
    at fetchServerResponse (http://localhost:3000/_next/static/chunks/node_modules_next_dist_client_17643121._.js:2490:27)
    at fetchMissingDynamicData (http://localhost:3000/_next/static/chunks/node_modules_next_dist_client_17643121._.js:3654:75)
    at spawnDynamicRequests (http://localhost:3000/_next/static/chunks/node_modules_next_dist_client_17643121._.js:3501:35)
    at navigateToSeededRoute (http://localhost:3000/_next/static/chunks/node_modules_next_dist_client_17643121._.js:7741:50)
    at refreshDynamicData (http://localhost:3000/_next/static/chunks/node_modules_next_dist_client_17643121._.js:8347:58)
    at hmrRefreshReducer (http://localhost:3000/_next/static/chunks/node_modules_next_dist_client_17643121._.js:8513:51)
    at clientReducer (http://localhost:3000/_next/static/chunks/node_modules_next_dist_client_17643121._.js:9081:65)
    at Object.action (http://localhost:3000/_next/static/chunks/node_modules_next_dist_client_17643121._.js:9310:55)
    at runAction (http://localhost:3000/_next/static/chunks/node_modules_next_dist_client_17643121._.js:9215:38)
    at dispatchAction (http://localhost:3000/_next/static/chunks/node_modules_next_dist_client_17643121._.js:9278:9)
    at Object.dispatch (http://localhost:3000/_next/static/chunks/node_modules_next_dist_client_17643121._.js:9308:40)
    at http://localhost:3000/_next/static/chunks/node_modules_next_dist_client_17643121._.js:1489:29
    at startTransition (http://localhost:3000/_next/static/chunks/node_modules_next_dist_compiled_react-dom_1e674e59._.js:5500:31)
    at dispatch (http://localhost:3000/_next/static/chunks/node_modules_next_dist_client_17643121._.js:1488:13)
    at dispatchAppRouterAction (http://localhost:3000/_next/static/chunks/node_modules_next_dist_client_17643121._.js:1470:5)
    at http://localhost:3000/_next/static/chunks/node_modules_next_dist_client_17643121._.js:9439:61
    at startTransition (http://localhost:3000/_next/static/chunks/node_modules_next_dist_compiled_a0e4c7b4._.js:1279:31)
    at Object.hmrRefresh (http://localhost:3000/_next/static/chunks/node_modules_next_dist_client_17643121._.js:9438:40)
    at processMessage (http://localhost:3000/_next/static/chunks/node_modules_next_dist_client_17643121._.js:11643:67)
    at WebSocket.handleMessage (http://localhost:3000/_next/static/chunks/node_modules_next_dist_client_17643121._.js:10914:52) @ http://localhost:3000/_next/static/chunks/node_modules_next_dist_f3530cac._.js:3127
[27981321ms] [ERROR] Failed to load resource: net::ERR_CONNECTION_REFUSED @ http://localhost:3000/contracts/d9258b20-b3c3-4101-ad68-f4fb6775ad6f?_rsc=1bsdz:0
[27981321ms] [ERROR] Failed to fetch RSC payload for http://localhost:3000/contracts/d9258b20-b3c3-4101-ad68-f4fb6775ad6f. Falling back to browser navigation. TypeError: Failed to fetch
    at createFetch (http://localhost:3000/_next/static/chunks/node_modules_next_dist_client_17643121._.js:2588:24)
    at fetchServerResponse (http://localhost:3000/_next/static/chunks/node_modules_next_dist_client_17643121._.js:2490:27)
    at fetchMissingDynamicData (http://localhost:3000/_next/static/chunks/node_modules_next_dist_client_17643121._.js:3654:75)
    at spawnDynamicRequests (http://localhost:3000/_next/static/chunks/node_modules_next_dist_client_17643121._.js:3501:35)
    at navigateToSeededRoute (http://localhost:3000/_next/static/chunks/node_modules_next_dist_client_17643121._.js:7741:50)
    at refreshDynamicData (http://localhost:3000/_next/static/chunks/node_modules_next_dist_client_17643121._.js:8347:58)
    at hmrRefreshReducer (http://localhost:3000/_next/static/chunks/node_modules_next_dist_client_17643121._.js:8513:51)
    at clientReducer (http://localhost:3000/_next/static/chunks/node_modules_next_dist_client_17643121._.js:9081:65)
    at Object.action (http://localhost:3000/_next/static/chunks/node_modules_next_dist_client_17643121._.js:9310:55)
    at runAction (http://localhost:3000/_next/static/chunks/node_modules_next_dist_client_17643121._.js:9215:38)
    at dispatchAction (http://localhost:3000/_next/static/chunks/node_modules_next_dist_client_17643121._.js:9278:9)
    at Object.dispatch (http://localhost:3000/_next/static/chunks/node_modules_next_dist_client_17643121._.js:9308:40)
    at http://localhost:3000/_next/static/chunks/node_modules_next_dist_client_17643121._.js:1489:29
    at startTransition (http://localhost:3000/_next/static/chunks/node_modules_next_dist_compiled_react-dom_1e674e59._.js:5500:31)
    at dispatch (http://localhost:3000/_next/static/chunks/node_modules_next_dist_client_17643121._.js:1488:13)
    at dispatchAppRouterAction (http://localhost:3000/_next/static/chunks/node_modules_next_dist_client_17643121._.js:1470:5)
    at http://localhost:3000/_next/static/chunks/node_modules_next_dist_client_17643121._.js:9439:61
    at startTransition (http://localhost:3000/_next/static/chunks/node_modules_next_dist_compiled_a0e4c7b4._.js:1279:31)
    at Object.hmrRefresh (http://localhost:3000/_next/static/chunks/node_modules_next_dist_client_17643121._.js:9438:40)
    at processMessage (http://localhost:3000/_next/static/chunks/node_modules_next_dist_client_17643121._.js:11643:67)
    at WebSocket.handleMessage (http://localhost:3000/_next/static/chunks/node_modules_next_dist_client_17643121._.js:10914:52) @ http://localhost:3000/_next/static/chunks/node_modules_next_dist_f3530cac._.js:3127
[27981322ms] [ERROR] Failed to load resource: net::ERR_CONNECTION_REFUSED @ http://localhost:3000/contracts/d9258b20-b3c3-4101-ad68-f4fb6775ad6f?_rsc=1bsdz:0
[27981322ms] [ERROR] Failed to fetch RSC payload for http://localhost:3000/contracts/d9258b20-b3c3-4101-ad68-f4fb6775ad6f. Falling back to browser navigation. TypeError: Failed to fetch
    at createFetch (http://localhost:3000/_next/static/chunks/node_modules_next_dist_client_17643121._.js:2588:24)
    at fetchServerResponse (http://localhost:3000/_next/static/chunks/node_modules_next_dist_client_17643121._.js:2490:27)
    at fetchMissingDynamicData (http://localhost:3000/_next/static/chunks/node_modules_next_dist_client_17643121._.js:3654:75)
    at spawnDynamicRequests (http://localhost:3000/_next/static/chunks/node_modules_next_dist_client_17643121._.js:3501:35)
    at navigateToSeededRoute (http://localhost:3000/_next/static/chunks/node_modules_next_dist_client_17643121._.js:7741:50)
    at refreshDynamicData (http://localhost:3000/_next/static/chunks/node_modules_next_dist_client_17643121._.js:8347:58)
    at hmrRefreshReducer (http://localhost:3000/_next/static/chunks/node_modules_next_dist_client_17643121._.js:8513:51)
    at clientReducer (http://localhost:3000/_next/static/chunks/node_modules_next_dist_client_17643121._.js:9081:65)
    at Object.action (http://localhost:3000/_next/static/chunks/node_modules_next_dist_client_17643121._.js:9310:55)
    at runAction (http://localhost:3000/_next/static/chunks/node_modules_next_dist_client_17643121._.js:9215:38)
    at dispatchAction (http://localhost:3000/_next/static/chunks/node_modules_next_dist_client_17643121._.js:9278:9)
    at Object.dispatch (http://localhost:3000/_next/static/chunks/node_modules_next_dist_client_17643121._.js:9308:40)
    at http://localhost:3000/_next/static/chunks/node_modules_next_dist_client_17643121._.js:1489:29
    at startTransition (http://localhost:3000/_next/static/chunks/node_modules_next_dist_compiled_react-dom_1e674e59._.js:5500:31)
    at dispatch (http://localhost:3000/_next/static/chunks/node_modules_next_dist_client_17643121._.js:1488:13)
    at dispatchAppRouterAction (http://localhost:3000/_next/static/chunks/node_modules_next_dist_client_17643121._.js:1470:5)
    at http://localhost:3000/_next/static/chunks/node_modules_next_dist_client_17643121._.js:9439:61
    at startTransition (http://localhost:3000/_next/static/chunks/node_modules_next_dist_compiled_a0e4c7b4._.js:1279:31)
    at Object.hmrRefresh (http://localhost:3000/_next/static/chunks/node_modules_next_dist_client_17643121._.js:9438:40)
    at processMessage (http://localhost:3000/_next/static/chunks/node_modules_next_dist_client_17643121._.js:11643:67)
    at WebSocket.handleMessage (http://localhost:3000/_next/static/chunks/node_modules_next_dist_client_17643121._.js:10914:52) @ http://localhost:3000/_next/static/chunks/node_modules_next_dist_f3530cac._.js:3127
[27981322ms] [ERROR] Failed to load resource: net::ERR_CONNECTION_REFUSED @ http://localhost:3000/contracts/d9258b20-b3c3-4101-ad68-f4fb6775ad6f?_rsc=1bsdz:0
[27981322ms] [ERROR] Failed to fetch RSC payload for http://localhost:3000/contracts/d9258b20-b3c3-4101-ad68-f4fb6775ad6f. Falling back to browser navigation. TypeError: Failed to fetch
    at createFetch (http://localhost:3000/_next/static/chunks/node_modules_next_dist_client_17643121._.js:2588:24)
    at fetchServerResponse (http://localhost:3000/_next/static/chunks/node_modules_next_dist_client_17643121._.js:2490:27)
    at fetchMissingDynamicData (http://localhost:3000/_next/static/chunks/node_modules_next_dist_client_17643121._.js:3654:75)
    at spawnDynamicRequests (http://localhost:3000/_next/static/chunks/node_modules_next_dist_client_17643121._.js:3501:35)
    at navigateToSeededRoute (http://localhost:3000/_next/static/chunks/node_modules_next_dist_client_17643121._.js:7741:50)
    at refreshDynamicData (http://localhost:3000/_next/static/chunks/node_modules_next_dist_client_17643121._.js:8347:58)
    at hmrRefreshReducer (http://localhost:3000/_next/static/chunks/node_modules_next_dist_client_17643121._.js:8513:51)
    at clientReducer (http://localhost:3000/_next/static/chunks/node_modules_next_dist_client_17643121._.js:9081:65)
    at Object.action (http://localhost:3000/_next/static/chunks/node_modules_next_dist_client_17643121._.js:9310:55)
    at runAction (http://localhost:3000/_next/static/chunks/node_modules_next_dist_client_17643121._.js:9215:38)
    at dispatchAction (http://localhost:3000/_next/static/chunks/node_modules_next_dist_client_17643121._.js:9278:9)
    at Object.dispatch (http://localhost:3000/_next/static/chunks/node_modules_next_dist_client_17643121._.js:9308:40)
    at http://localhost:3000/_next/static/chunks/node_modules_next_dist_client_17643121._.js:1489:29
    at startTransition (http://localhost:3000/_next/static/chunks/node_modules_next_dist_compiled_react-dom_1e674e59._.js:5500:31)
    at dispatch (http://localhost:3000/_next/static/chunks/node_modules_next_dist_client_17643121._.js:1488:13)
    at dispatchAppRouterAction (http://localhost:3000/_next/static/chunks/node_modules_next_dist_client_17643121._.js:1470:5)
    at http://localhost:3000/_next/static/chunks/node_modules_next_dist_client_17643121._.js:9439:61
    at startTransition (http://localhost:3000/_next/static/chunks/node_modules_next_dist_compiled_a0e4c7b4._.js:1279:31)
    at Object.hmrRefresh (http://localhost:3000/_next/static/chunks/node_modules_next_dist_client_17643121._.js:9438:40)
    at processMessage (http://localhost:3000/_next/static/chunks/node_modules_next_dist_client_17643121._.js:11643:67)
    at WebSocket.handleMessage (http://localhost:3000/_next/static/chunks/node_modules_next_dist_client_17643121._.js:10914:52) @ http://localhost:3000/_next/static/chunks/node_modules_next_dist_f3530cac._.js:3127
[27981323ms] [ERROR] Failed to load resource: net::ERR_CONNECTION_REFUSED @ http://localhost:3000/contracts/d9258b20-b3c3-4101-ad68-f4fb6775ad6f?_rsc=1bsdz:0
[27981323ms] [ERROR] Failed to fetch RSC payload for http://localhost:3000/contracts/d9258b20-b3c3-4101-ad68-f4fb6775ad6f. Falling back to browser navigation. TypeError: Failed to fetch
    at createFetch (http://localhost:3000/_next/static/chunks/node_modules_next_dist_client_17643121._.js:2588:24)
    at fetchServerResponse (http://localhost:3000/_next/static/chunks/node_modules_next_dist_client_17643121._.js:2490:27)
    at fetchMissingDynamicData (http://localhost:3000/_next/static/chunks/node_modules_next_dist_client_17643121._.js:3654:75)
    at spawnDynamicRequests (http://localhost:3000/_next/static/chunks/node_modules_next_dist_client_17643121._.js:3501:35)
    at navigateToSeededRoute (http://localhost:3000/_next/static/chunks/node_modules_next_dist_client_17643121._.js:7741:50)
    at refreshDynamicData (http://localhost:3000/_next/static/chunks/node_modules_next_dist_client_17643121._.js:8347:58)
    at hmrRefreshReducer (http://localhost:3000/_next/static/chunks/node_modules_next_dist_client_17643121._.js:8513:51)
    at clientReducer (http://localhost:3000/_next/static/chunks/node_modules_next_dist_client_17643121._.js:9081:65)
    at Object.action (http://localhost:3000/_next/static/chunks/node_modules_next_dist_client_17643121._.js:9310:55)
    at runAction (http://localhost:3000/_next/static/chunks/node_modules_next_dist_client_17643121._.js:9215:38)
    at dispatchAction (http://localhost:3000/_next/static/chunks/node_modules_next_dist_client_17643121._.js:9278:9)
    at Object.dispatch (http://localhost:3000/_next/static/chunks/node_modules_next_dist_client_17643121._.js:9308:40)
    at http://localhost:3000/_next/static/chunks/node_modules_next_dist_client_17643121._.js:1489:29
    at startTransition (http://localhost:3000/_next/static/chunks/node_modules_next_dist_compiled_react-dom_1e674e59._.js:5500:31)
    at dispatch (http://localhost:3000/_next/static/chunks/node_modules_next_dist_client_17643121._.js:1488:13)
    at dispatchAppRouterAction (http://localhost:3000/_next/static/chunks/node_modules_next_dist_client_17643121._.js:1470:5)
    at http://localhost:3000/_next/static/chunks/node_modules_next_dist_client_17643121._.js:9439:61
    at startTransition (http://localhost:3000/_next/static/chunks/node_modules_next_dist_compiled_a0e4c7b4._.js:1279:31)
    at Object.hmrRefresh (http://localhost:3000/_next/static/chunks/node_modules_next_dist_client_17643121._.js:9438:40)
    at processMessage (http://localhost:3000/_next/static/chunks/node_modules_next_dist_client_17643121._.js:11643:67)
    at WebSocket.handleMessage (http://localhost:3000/_next/static/chunks/node_modules_next_dist_client_17643121._.js:10914:52) @ http://localhost:3000/_next/static/chunks/node_modules_next_dist_f3530cac._.js:3127
[27981323ms] [ERROR] Failed to load resource: net::ERR_CONNECTION_REFUSED @ http://localhost:3000/contracts/d9258b20-b3c3-4101-ad68-f4fb6775ad6f?_rsc=1bsdz:0
[27981323ms] [ERROR] Failed to fetch RSC payload for http://localhost:3000/contracts/d9258b20-b3c3-4101-ad68-f4fb6775ad6f. Falling back to browser navigation. TypeError: Failed to fetch
    at createFetch (http://localhost:3000/_next/static/chunks/node_modules_next_dist_client_17643121._.js:2588:24)
    at fetchServerResponse (http://localhost:3000/_next/static/chunks/node_modules_next_dist_client_17643121._.js:2490:27)
    at fetchMissingDynamicData (http://localhost:3000/_next/static/chunks/node_modules_next_dist_client_17643121._.js:3654:75)
    at spawnDynamicRequests (http://localhost:3000/_next/static/chunks/node_modules_next_dist_client_17643121._.js:3501:35)
    at navigateToSeededRoute (http://localhost:3000/_next/static/chunks/node_modules_next_dist_client_17643121._.js:7741:50)
    at refreshDynamicData (http://localhost:3000/_next/static/chunks/node_modules_next_dist_client_17643121._.js:8347:58)
    at hmrRefreshReducer (http://localhost:3000/_next/static/chunks/node_modules_next_dist_client_17643121._.js:8513:51)
    at clientReducer (http://localhost:3000/_next/static/chunks/node_modules_next_dist_client_17643121._.js:9081:65)
    at Object.action (http://localhost:3000/_next/static/chunks/node_modules_next_dist_client_17643121._.js:9310:55)
    at runAction (http://localhost:3000/_next/static/chunks/node_modules_next_dist_client_17643121._.js:9215:38)
    at dispatchAction (http://localhost:3000/_next/static/chunks/node_modules_next_dist_client_17643121._.js:9278:9)
    at Object.dispatch (http://localhost:3000/_next/static/chunks/node_modules_next_dist_client_17643121._.js:9308:40)
    at http://localhost:3000/_next/static/chunks/node_modules_next_dist_client_17643121._.js:1489:29
    at startTransition (http://localhost:3000/_next/static/chunks/node_modules_next_dist_compiled_react-dom_1e674e59._.js:5500:31)
    at dispatch (http://localhost:3000/_next/static/chunks/node_modules_next_dist_client_17643121._.js:1488:13)
    at dispatchAppRouterAction (http://localhost:3000/_next/static/chunks/node_modules_next_dist_client_17643121._.js:1470:5)
    at http://localhost:3000/_next/static/chunks/node_modules_next_dist_client_17643121._.js:9439:61
    at startTransition (http://localhost:3000/_next/static/chunks/node_modules_next_dist_compiled_a0e4c7b4._.js:1279:31)
    at Object.hmrRefresh (http://localhost:3000/_next/static/chunks/node_modules_next_dist_client_17643121._.js:9438:40)
    at processMessage (http://localhost:3000/_next/static/chunks/node_modules_next_dist_client_17643121._.js:11643:67)
    at WebSocket.handleMessage (http://localhost:3000/_next/static/chunks/node_modules_next_dist_client_17643121._.js:10914:52) @ http://localhost:3000/_next/static/chunks/node_modules_next_dist_f3530cac._.js:3127
[27981324ms] [ERROR] Failed to load resource: net::ERR_CONNECTION_REFUSED @ http://localhost:3000/contracts/d9258b20-b3c3-4101-ad68-f4fb6775ad6f?_rsc=1bsdz:0
[27981324ms] [ERROR] Failed to fetch RSC payload for http://localhost:3000/contracts/d9258b20-b3c3-4101-ad68-f4fb6775ad6f. Falling back to browser navigation. TypeError: Failed to fetch
    at createFetch (http://localhost:3000/_next/static/chunks/node_modules_next_dist_client_17643121._.js:2588:24)
    at fetchServerResponse (http://localhost:3000/_next/static/chunks/node_modules_next_dist_client_17643121._.js:2490:27)
    at fetchMissingDynamicData (http://localhost:3000/_next/static/chunks/node_modules_next_dist_client_17643121._.js:3654:75)
    at spawnDynamicRequests (http://localhost:3000/_next/static/chunks/node_modules_next_dist_client_17643121._.js:3501:35)
    at navigateToSeededRoute (http://localhost:3000/_next/static/chunks/node_modules_next_dist_client_17643121._.js:7741:50)
    at refreshDynamicData (http://localhost:3000/_next/static/chunks/node_modules_next_dist_client_17643121._.js:8347:58)
    at hmrRefreshReducer (http://localhost:3000/_next/static/chunks/node_modules_next_dist_client_17643121._.js:8513:51)
    at clientReducer (http://localhost:3000/_next/static/chunks/node_modules_next_dist_client_17643121._.js:9081:65)
    at Object.action (http://localhost:3000/_next/static/chunks/node_modules_next_dist_client_17643121._.js:9310:55)
    at runAction (http://localhost:3000/_next/static/chunks/node_modules_next_dist_client_17643121._.js:9215:38)
    at dispatchAction (http://localhost:3000/_next/static/chunks/node_modules_next_dist_client_17643121._.js:9278:9)
    at Object.dispatch (http://localhost:3000/_next/static/chunks/node_modules_next_dist_client_17643121._.js:9308:40)
    at http://localhost:3000/_next/static/chunks/node_modules_next_dist_client_17643121._.js:1489:29
    at startTransition (http://localhost:3000/_next/static/chunks/node_modules_next_dist_compiled_react-dom_1e674e59._.js:5500:31)
    at dispatch (http://localhost:3000/_next/static/chunks/node_modules_next_dist_client_17643121._.js:1488:13)
    at dispatchAppRouterAction (http://localhost:3000/_next/static/chunks/node_modules_next_dist_client_17643121._.js:1470:5)
    at http://localhost:3000/_next/static/chunks/node_modules_next_dist_client_17643121._.js:9439:61
    at startTransition (http://localhost:3000/_next/static/chunks/node_modules_next_dist_compiled_a0e4c7b4._.js:1279:31)
    at Object.hmrRefresh (http://localhost:3000/_next/static/chunks/node_modules_next_dist_client_17643121._.js:9438:40)
    at processMessage (http://localhost:3000/_next/static/chunks/node_modules_next_dist_client_17643121._.js:11643:67)
    at WebSocket.handleMessage (http://localhost:3000/_next/static/chunks/node_modules_next_dist_client_17643121._.js:10914:52) @ http://localhost:3000/_next/static/chunks/node_modules_next_dist_f3530cac._.js:3127
[27981325ms] [ERROR] Failed to load resource: net::ERR_CONNECTION_REFUSED @ http://localhost:3000/contracts/d9258b20-b3c3-4101-ad68-f4fb6775ad6f?_rsc=1bsdz:0
[27981325ms] [ERROR] Failed to fetch RSC payload for http://localhost:3000/contracts/d9258b20-b3c3-4101-ad68-f4fb6775ad6f. Falling back to browser navigation. TypeError: Failed to fetch
    at createFetch (http://localhost:3000/_next/static/chunks/node_modules_next_dist_client_17643121._.js:2588:24)
    at fetchServerResponse (http://localhost:3000/_next/static/chunks/node_modules_next_dist_client_17643121._.js:2490:27)
    at fetchMissingDynamicData (http://localhost:3000/_next/static/chunks/node_modules_next_dist_client_17643121._.js:3654:75)
    at spawnDynamicRequests (http://localhost:3000/_next/static/chunks/node_modules_next_dist_client_17643121._.js:3501:35)
    at navigateToSeededRoute (http://localhost:3000/_next/static/chunks/node_modules_next_dist_client_17643121._.js:7741:50)
    at refreshDynamicData (http://localhost:3000/_next/static/chunks/node_modules_next_dist_client_17643121._.js:8347:58)
    at hmrRefreshReducer (http://localhost:3000/_next/static/chunks/node_modules_next_dist_client_17643121._.js:8513:51)
    at clientReducer (http://localhost:3000/_next/static/chunks/node_modules_next_dist_client_17643121._.js:9081:65)
    at Object.action (http://localhost:3000/_next/static/chunks/node_modules_next_dist_client_17643121._.js:9310:55)
    at runAction (http://localhost:3000/_next/static/chunks/node_modules_next_dist_client_17643121._.js:9215:38)
    at dispatchAction (http://localhost:3000/_next/static/chunks/node_modules_next_dist_client_17643121._.js:9278:9)
    at Object.dispatch (http://localhost:3000/_next/static/chunks/node_modules_next_dist_client_17643121._.js:9308:40)
    at http://localhost:3000/_next/static/chunks/node_modules_next_dist_client_17643121._.js:1489:29
    at startTransition (http://localhost:3000/_next/static/chunks/node_modules_next_dist_compiled_react-dom_1e674e59._.js:5500:31)
    at dispatch (http://localhost:3000/_next/static/chunks/node_modules_next_dist_client_17643121._.js:1488:13)
    at dispatchAppRouterAction (http://localhost:3000/_next/static/chunks/node_modules_next_dist_client_17643121._.js:1470:5)
    at http://localhost:3000/_next/static/chunks/node_modules_next_dist_client_17643121._.js:9439:61
    at startTransition (http://localhost:3000/_next/static/chunks/node_modules_next_dist_compiled_a0e4c7b4._.js:1279:31)
    at Object.hmrRefresh (http://localhost:3000/_next/static/chunks/node_modules_next_dist_client_17643121._.js:9438:40)
    at processMessage (http://localhost:3000/_next/static/chunks/node_modules_next_dist_client_17643121._.js:11643:67)
    at WebSocket.handleMessage (http://localhost:3000/_next/static/chunks/node_modules_next_dist_client_17643121._.js:10914:52) @ http://localhost:3000/_next/static/chunks/node_modules_next_dist_f3530cac._.js:3127
[27981326ms] [ERROR] Failed to load resource: net::ERR_CONNECTION_REFUSED @ http://localhost:3000/contracts/d9258b20-b3c3-4101-ad68-f4fb6775ad6f?_rsc=1bsdz:0
[27981326ms] [ERROR] Failed to fetch RSC payload for http://localhost:3000/contracts/d9258b20-b3c3-4101-ad68-f4fb6775ad6f. Falling back to browser navigation. TypeError: Failed to fetch
    at createFetch (http://localhost:3000/_next/static/chunks/node_modules_next_dist_client_17643121._.js:2588:24)
    at fetchServerResponse (http://localhost:3000/_next/static/chunks/node_modules_next_dist_client_17643121._.js:2490:27)
    at fetchMissingDynamicData (http://localhost:3000/_next/static/chunks/node_modules_next_dist_client_17643121._.js:3654:75)
    at spawnDynamicRequests (http://localhost:3000/_next/static/chunks/node_modules_next_dist_client_17643121._.js:3501:35)
    at navigateToSeededRoute (http://localhost:3000/_next/static/chunks/node_modules_next_dist_client_17643121._.js:7741:50)
    at refreshDynamicData (http://localhost:3000/_next/static/chunks/node_modules_next_dist_client_17643121._.js:8347:58)
    at hmrRefreshReducer (http://localhost:3000/_next/static/chunks/node_modules_next_dist_client_17643121._.js:8513:51)
    at clientReducer (http://localhost:3000/_next/static/chunks/node_modules_next_dist_client_17643121._.js:9081:65)
    at Object.action (http://localhost:3000/_next/static/chunks/node_modules_next_dist_client_17643121._.js:9310:55)
    at runAction (http://localhost:3000/_next/static/chunks/node_modules_next_dist_client_17643121._.js:9215:38)
    at dispatchAction (http://localhost:3000/_next/static/chunks/node_modules_next_dist_client_17643121._.js:9278:9)
    at Object.dispatch (http://localhost:3000/_next/static/chunks/node_modules_next_dist_client_17643121._.js:9308:40)
    at http://localhost:3000/_next/static/chunks/node_modules_next_dist_client_17643121._.js:1489:29
    at startTransition (http://localhost:3000/_next/static/chunks/node_modules_next_dist_compiled_react-dom_1e674e59._.js:5500:31)
    at dispatch (http://localhost:3000/_next/static/chunks/node_modules_next_dist_client_17643121._.js:1488:13)
    at dispatchAppRouterAction (http://localhost:3000/_next/static/chunks/node_modules_next_dist_client_17643121._.js:1470:5)
    at http://localhost:3000/_next/static/chunks/node_modules_next_dist_client_17643121._.js:9439:61
    at startTransition (http://localhost:3000/_next/static/chunks/node_modules_next_dist_compiled_a0e4c7b4._.js:1279:31)
    at Object.hmrRefresh (http://localhost:3000/_next/static/chunks/node_modules_next_dist_client_17643121._.js:9438:40)
    at processMessage (http://localhost:3000/_next/static/chunks/node_modules_next_dist_client_17643121._.js:11643:67)
    at WebSocket.handleMessage (http://localhost:3000/_next/static/chunks/node_modules_next_dist_client_17643121._.js:10914:52) @ http://localhost:3000/_next/static/chunks/node_modules_next_dist_f3530cac._.js:3127
[27981328ms] [ERROR] Failed to load resource: net::ERR_CONNECTION_REFUSED @ http://localhost:3000/contracts/d9258b20-b3c3-4101-ad68-f4fb6775ad6f?_rsc=1bsdz:0
[27981328ms] [ERROR] Failed to fetch RSC payload for http://localhost:3000/contracts/d9258b20-b3c3-4101-ad68-f4fb6775ad6f. Falling back to browser navigation. TypeError: Failed to fetch
    at createFetch (http://localhost:3000/_next/static/chunks/node_modules_next_dist_client_17643121._.js:2588:24)
    at fetchServerResponse (http://localhost:3000/_next/static/chunks/node_modules_next_dist_client_17643121._.js:2490:27)
    at fetchMissingDynamicData (http://localhost:3000/_next/static/chunks/node_modules_next_dist_client_17643121._.js:3654:75)
    at spawnDynamicRequests (http://localhost:3000/_next/static/chunks/node_modules_next_dist_client_17643121._.js:3501:35)
    at navigateToSeededRoute (http://localhost:3000/_next/static/chunks/node_modules_next_dist_client_17643121._.js:7741:50)
    at refreshDynamicData (http://localhost:3000/_next/static/chunks/node_modules_next_dist_client_17643121._.js:8347:58)
    at hmrRefreshReducer (http://localhost:3000/_next/static/chunks/node_modules_next_dist_client_17643121._.js:8513:51)
    at clientReducer (http://localhost:3000/_next/static/chunks/node_modules_next_dist_client_17643121._.js:9081:65)
    at Object.action (http://localhost:3000/_next/static/chunks/node_modules_next_dist_client_17643121._.js:9310:55)
    at runAction (http://localhost:3000/_next/static/chunks/node_modules_next_dist_client_17643121._.js:9215:38)
    at dispatchAction (http://localhost:3000/_next/static/chunks/node_modules_next_dist_client_17643121._.js:9278:9)
    at Object.dispatch (http://localhost:3000/_next/static/chunks/node_modules_next_dist_client_17643121._.js:9308:40)
    at http://localhost:3000/_next/static/chunks/node_modules_next_dist_client_17643121._.js:1489:29
    at startTransition (http://localhost:3000/_next/static/chunks/node_modules_next_dist_compiled_react-dom_1e674e59._.js:5500:31)
    at dispatch (http://localhost:3000/_next/static/chunks/node_modules_next_dist_client_17643121._.js:1488:13)
    at dispatchAppRouterAction (http://localhost:3000/_next/static/chunks/node_modules_next_dist_client_17643121._.js:1470:5)
    at http://localhost:3000/_next/static/chunks/node_modules_next_dist_client_17643121._.js:9439:61
    at startTransition (http://localhost:3000/_next/static/chunks/node_modules_next_dist_compiled_a0e4c7b4._.js:1279:31)
    at Object.hmrRefresh (http://localhost:3000/_next/static/chunks/node_modules_next_dist_client_17643121._.js:9438:40)
    at processMessage (http://localhost:3000/_next/static/chunks/node_modules_next_dist_client_17643121._.js:11643:67)
    at WebSocket.handleMessage (http://localhost:3000/_next/static/chunks/node_modules_next_dist_client_17643121._.js:10914:52) @ http://localhost:3000/_next/static/chunks/node_modules_next_dist_f3530cac._.js:3127
[27981329ms] [ERROR] Failed to load resource: net::ERR_CONNECTION_REFUSED @ http://localhost:3000/contracts/d9258b20-b3c3-4101-ad68-f4fb6775ad6f?_rsc=1bsdz:0
[27981329ms] [ERROR] Failed to fetch RSC payload for http://localhost:3000/contracts/d9258b20-b3c3-4101-ad68-f4fb6775ad6f. Falling back to browser navigation. TypeError: Failed to fetch
    at createFetch (http://localhost:3000/_next/static/chunks/node_modules_next_dist_client_17643121._.js:2588:24)
    at fetchServerResponse (http://localhost:3000/_next/static/chunks/node_modules_next_dist_client_17643121._.js:2490:27)
    at fetchMissingDynamicData (http://localhost:3000/_next/static/chunks/node_modules_next_dist_client_17643121._.js:3654:75)
    at spawnDynamicRequests (http://localhost:3000/_next/static/chunks/node_modules_next_dist_client_17643121._.js:3501:35)
    at navigateToSeededRoute (http://localhost:3000/_next/static/chunks/node_modules_next_dist_client_17643121._.js:7741:50)
    at refreshDynamicData (http://localhost:3000/_next/static/chunks/node_modules_next_dist_client_17643121._.js:8347:58)
    at hmrRefreshReducer (http://localhost:3000/_next/static/chunks/node_modules_next_dist_client_17643121._.js:8513:51)
    at clientReducer (http://localhost:3000/_next/static/chunks/node_modules_next_dist_client_17643121._.js:9081:65)
    at Object.action (http://localhost:3000/_next/static/chunks/node_modules_next_dist_client_17643121._.js:9310:55)
    at runAction (http://localhost:3000/_next/static/chunks/node_modules_next_dist_client_17643121._.js:9215:38)
    at dispatchAction (http://localhost:3000/_next/static/chunks/node_modules_next_dist_client_17643121._.js:9278:9)
    at Object.dispatch (http://localhost:3000/_next/static/chunks/node_modules_next_dist_client_17643121._.js:9308:40)
    at http://localhost:3000/_next/static/chunks/node_modules_next_dist_client_17643121._.js:1489:29
    at startTransition (http://localhost:3000/_next/static/chunks/node_modules_next_dist_compiled_react-dom_1e674e59._.js:5500:31)
    at dispatch (http://localhost:3000/_next/static/chunks/node_modules_next_dist_client_17643121._.js:1488:13)
    at dispatchAppRouterAction (http://localhost:3000/_next/static/chunks/node_modules_next_dist_client_17643121._.js:1470:5)
    at http://localhost:3000/_next/static/chunks/node_modules_next_dist_client_17643121._.js:9439:61
    at startTransition (http://localhost:3000/_next/static/chunks/node_modules_next_dist_compiled_a0e4c7b4._.js:1279:31)
    at Object.hmrRefresh (http://localhost:3000/_next/static/chunks/node_modules_next_dist_client_17643121._.js:9438:40)
    at processMessage (http://localhost:3000/_next/static/chunks/node_modules_next_dist_client_17643121._.js:11643:67)
    at WebSocket.handleMessage (http://localhost:3000/_next/static/chunks/node_modules_next_dist_client_17643121._.js:10914:52) @ http://localhost:3000/_next/static/chunks/node_modules_next_dist_f3530cac._.js:3127
[27981329ms] [ERROR] Failed to load resource: net::ERR_CONNECTION_REFUSED @ http://localhost:3000/contracts/d9258b20-b3c3-4101-ad68-f4fb6775ad6f?_rsc=1bsdz:0
[27981329ms] [ERROR] Failed to fetch RSC payload for http://localhost:3000/contracts/d9258b20-b3c3-4101-ad68-f4fb6775ad6f. Falling back to browser navigation. TypeError: Failed to fetch
    at createFetch (http://localhost:3000/_next/static/chunks/node_modules_next_dist_client_17643121._.js:2588:24)
    at fetchServerResponse (http://localhost:3000/_next/static/chunks/node_modules_next_dist_client_17643121._.js:2490:27)
    at fetchMissingDynamicData (http://localhost:3000/_next/static/chunks/node_modules_next_dist_client_17643121._.js:3654:75)
    at spawnDynamicRequests (http://localhost:3000/_next/static/chunks/node_modules_next_dist_client_17643121._.js:3501:35)
    at navigateToSeededRoute (http://localhost:3000/_next/static/chunks/node_modules_next_dist_client_17643121._.js:7741:50)
    at refreshDynamicData (http://localhost:3000/_next/static/chunks/node_modules_next_dist_client_17643121._.js:8347:58)
    at hmrRefreshReducer (http://localhost:3000/_next/static/chunks/node_modules_next_dist_client_17643121._.js:8513:51)
    at clientReducer (http://localhost:3000/_next/static/chunks/node_modules_next_dist_client_17643121._.js:9081:65)
    at Object.action (http://localhost:3000/_next/static/chunks/node_modules_next_dist_client_17643121._.js:9310:55)
    at runAction (http://localhost:3000/_next/static/chunks/node_modules_next_dist_client_17643121._.js:9215:38)
    at dispatchAction (http://localhost:3000/_next/static/chunks/node_modules_next_dist_client_17643121._.js:9278:9)
    at Object.dispatch (http://localhost:3000/_next/static/chunks/node_modules_next_dist_client_17643121._.js:9308:40)
    at http://localhost:3000/_next/static/chunks/node_modules_next_dist_client_17643121._.js:1489:29
    at startTransition (http://localhost:3000/_next/static/chunks/node_modules_next_dist_compiled_react-dom_1e674e59._.js:5500:31)
    at dispatch (http://localhost:3000/_next/static/chunks/node_modules_next_dist_client_17643121._.js:1488:13)
    at dispatchAppRouterAction (http://localhost:3000/_next/static/chunks/node_modules_next_dist_client_17643121._.js:1470:5)
    at http://localhost:3000/_next/static/chunks/node_modules_next_dist_client_17643121._.js:9439:61
    at startTransition (http://localhost:3000/_next/static/chunks/node_modules_next_dist_compiled_a0e4c7b4._.js:1279:31)
    at Object.hmrRefresh (http://localhost:3000/_next/static/chunks/node_modules_next_dist_client_17643121._.js:9438:40)
    at processMessage (http://localhost:3000/_next/static/chunks/node_modules_next_dist_client_17643121._.js:11643:67)
    at WebSocket.handleMessage (http://localhost:3000/_next/static/chunks/node_modules_next_dist_client_17643121._.js:10914:52) @ http://localhost:3000/_next/static/chunks/node_modules_next_dist_f3530cac._.js:3127
[27981329ms] [ERROR] Failed to load resource: net::ERR_CONNECTION_REFUSED @ http://localhost:3000/contracts/d9258b20-b3c3-4101-ad68-f4fb6775ad6f?_rsc=1bsdz:0
[27981330ms] [ERROR] Failed to fetch RSC payload for http://localhost:3000/contracts/d9258b20-b3c3-4101-ad68-f4fb6775ad6f. Falling back to browser navigation. TypeError: Failed to fetch
    at createFetch (http://localhost:3000/_next/static/chunks/node_modules_next_dist_client_17643121._.js:2588:24)
    at fetchServerResponse (http://localhost:3000/_next/static/chunks/node_modules_next_dist_client_17643121._.js:2490:27)
    at fetchMissingDynamicData (http://localhost:3000/_next/static/chunks/node_modules_next_dist_client_17643121._.js:3654:75)
    at spawnDynamicRequests (http://localhost:3000/_next/static/chunks/node_modules_next_dist_client_17643121._.js:3501:35)
    at navigateToSeededRoute (http://localhost:3000/_next/static/chunks/node_modules_next_dist_client_17643121._.js:7741:50)
    at refreshDynamicData (http://localhost:3000/_next/static/chunks/node_modules_next_dist_client_17643121._.js:8347:58)
    at hmrRefreshReducer (http://localhost:3000/_next/static/chunks/node_modules_next_dist_client_17643121._.js:8513:51)
    at clientReducer (http://localhost:3000/_next/static/chunks/node_modules_next_dist_client_17643121._.js:9081:65)
    at Object.action (http://localhost:3000/_next/static/chunks/node_modules_next_dist_client_17643121._.js:9310:55)
    at runAction (http://localhost:3000/_next/static/chunks/node_modules_next_dist_client_17643121._.js:9215:38)
    at dispatchAction (http://localhost:3000/_next/static/chunks/node_modules_next_dist_client_17643121._.js:9278:9)
    at Object.dispatch (http://localhost:3000/_next/static/chunks/node_modules_next_dist_client_17643121._.js:9308:40)
    at http://localhost:3000/_next/static/chunks/node_modules_next_dist_client_17643121._.js:1489:29
    at startTransition (http://localhost:3000/_next/static/chunks/node_modules_next_dist_compiled_react-dom_1e674e59._.js:5500:31)
    at dispatch (http://localhost:3000/_next/static/chunks/node_modules_next_dist_client_17643121._.js:1488:13)
    at dispatchAppRouterAction (http://localhost:3000/_next/static/chunks/node_modules_next_dist_client_17643121._.js:1470:5)
    at http://localhost:3000/_next/static/chunks/node_modules_next_dist_client_17643121._.js:9439:61
    at startTransition (http://localhost:3000/_next/static/chunks/node_modules_next_dist_compiled_a0e4c7b4._.js:1279:31)
    at Object.hmrRefresh (http://localhost:3000/_next/static/chunks/node_modules_next_dist_client_17643121._.js:9438:40)
    at processMessage (http://localhost:3000/_next/static/chunks/node_modules_next_dist_client_17643121._.js:11643:67)
    at WebSocket.handleMessage (http://localhost:3000/_next/static/chunks/node_modules_next_dist_client_17643121._.js:10914:52) @ http://localhost:3000/_next/static/chunks/node_modules_next_dist_f3530cac._.js:3127
[27981331ms] [ERROR] Failed to load resource: net::ERR_CONNECTION_REFUSED @ http://localhost:3000/contracts/d9258b20-b3c3-4101-ad68-f4fb6775ad6f?_rsc=1bsdz:0
[27981331ms] [ERROR] Failed to fetch RSC payload for http://localhost:3000/contracts/d9258b20-b3c3-4101-ad68-f4fb6775ad6f. Falling back to browser navigation. TypeError: Failed to fetch
    at createFetch (http://localhost:3000/_next/static/chunks/node_modules_next_dist_client_17643121._.js:2588:24)
    at fetchServerResponse (http://localhost:3000/_next/static/chunks/node_modules_next_dist_client_17643121._.js:2490:27)
    at fetchMissingDynamicData (http://localhost:3000/_next/static/chunks/node_modules_next_dist_client_17643121._.js:3654:75)
    at spawnDynamicRequests (http://localhost:3000/_next/static/chunks/node_modules_next_dist_client_17643121._.js:3501:35)
    at navigateToSeededRoute (http://localhost:3000/_next/static/chunks/node_modules_next_dist_client_17643121._.js:7741:50)
    at refreshDynamicData (http://localhost:3000/_next/static/chunks/node_modules_next_dist_client_17643121._.js:8347:58)
    at hmrRefreshReducer (http://localhost:3000/_next/static/chunks/node_modules_next_dist_client_17643121._.js:8513:51)
    at clientReducer (http://localhost:3000/_next/static/chunks/node_modules_next_dist_client_17643121._.js:9081:65)
    at Object.action (http://localhost:3000/_next/static/chunks/node_modules_next_dist_client_17643121._.js:9310:55)
    at runAction (http://localhost:3000/_next/static/chunks/node_modules_next_dist_client_17643121._.js:9215:38)
    at dispatchAction (http://localhost:3000/_next/static/chunks/node_modules_next_dist_client_17643121._.js:9278:9)
    at Object.dispatch (http://localhost:3000/_next/static/chunks/node_modules_next_dist_client_17643121._.js:9308:40)
    at http://localhost:3000/_next/static/chunks/node_modules_next_dist_client_17643121._.js:1489:29
    at startTransition (http://localhost:3000/_next/static/chunks/node_modules_next_dist_compiled_react-dom_1e674e59._.js:5500:31)
    at dispatch (http://localhost:3000/_next/static/chunks/node_modules_next_dist_client_17643121._.js:1488:13)
    at dispatchAppRouterAction (http://localhost:3000/_next/static/chunks/node_modules_next_dist_client_17643121._.js:1470:5)
    at http://localhost:3000/_next/static/chunks/node_modules_next_dist_client_17643121._.js:9439:61
    at startTransition (http://localhost:3000/_next/static/chunks/node_modules_next_dist_compiled_a0e4c7b4._.js:1279:31)
    at Object.hmrRefresh (http://localhost:3000/_next/static/chunks/node_modules_next_dist_client_17643121._.js:9438:40)
    at processMessage (http://localhost:3000/_next/static/chunks/node_modules_next_dist_client_17643121._.js:11643:67)
    at WebSocket.handleMessage (http://localhost:3000/_next/static/chunks/node_modules_next_dist_client_17643121._.js:10914:52) @ http://localhost:3000/_next/static/chunks/node_modules_next_dist_f3530cac._.js:3127
[27981333ms] [ERROR] Failed to load resource: net::ERR_CONNECTION_REFUSED @ http://localhost:3000/contracts/d9258b20-b3c3-4101-ad68-f4fb6775ad6f?_rsc=1bsdz:0
[27981333ms] [ERROR] Failed to fetch RSC payload for http://localhost:3000/contracts/d9258b20-b3c3-4101-ad68-f4fb6775ad6f. Falling back to browser navigation. TypeError: Failed to fetch
    at createFetch (http://localhost:3000/_next/static/chunks/node_modules_next_dist_client_17643121._.js:2588:24)
    at fetchServerResponse (http://localhost:3000/_next/static/chunks/node_modules_next_dist_client_17643121._.js:2490:27)
    at fetchMissingDynamicData (http://localhost:3000/_next/static/chunks/node_modules_next_dist_client_17643121._.js:3654:75)
    at spawnDynamicRequests (http://localhost:3000/_next/static/chunks/node_modules_next_dist_client_17643121._.js:3501:35)
    at navigateToSeededRoute (http://localhost:3000/_next/static/chunks/node_modules_next_dist_client_17643121._.js:7741:50)
    at refreshDynamicData (http://localhost:3000/_next/static/chunks/node_modules_next_dist_client_17643121._.js:8347:58)
    at hmrRefreshReducer (http://localhost:3000/_next/static/chunks/node_modules_next_dist_client_17643121._.js:8513:51)
    at clientReducer (http://localhost:3000/_next/static/chunks/node_modules_next_dist_client_17643121._.js:9081:65)
    at Object.action (http://localhost:3000/_next/static/chunks/node_modules_next_dist_client_17643121._.js:9310:55)
    at runAction (http://localhost:3000/_next/static/chunks/node_modules_next_dist_client_17643121._.js:9215:38)
    at dispatchAction (http://localhost:3000/_next/static/chunks/node_modules_next_dist_client_17643121._.js:9278:9)
    at Object.dispatch (http://localhost:3000/_next/static/chunks/node_modules_next_dist_client_17643121._.js:9308:40)
    at http://localhost:3000/_next/static/chunks/node_modules_next_dist_client_17643121._.js:1489:29
    at startTransition (http://localhost:3000/_next/static/chunks/node_modules_next_dist_compiled_react-dom_1e674e59._.js:5500:31)
    at dispatch (http://localhost:3000/_next/static/chunks/node_modules_next_dist_client_17643121._.js:1488:13)
    at dispatchAppRouterAction (http://localhost:3000/_next/static/chunks/node_modules_next_dist_client_17643121._.js:1470:5)
    at http://localhost:3000/_next/static/chunks/node_modules_next_dist_client_17643121._.js:9439:61
    at startTransition (http://localhost:3000/_next/static/chunks/node_modules_next_dist_compiled_a0e4c7b4._.js:1279:31)
    at Object.hmrRefresh (http://localhost:3000/_next/static/chunks/node_modules_next_dist_client_17643121._.js:9438:40)
    at processMessage (http://localhost:3000/_next/static/chunks/node_modules_next_dist_client_17643121._.js:11643:67)
    at WebSocket.handleMessage (http://localhost:3000/_next/static/chunks/node_modules_next_dist_client_17643121._.js:10914:52) @ http://localhost:3000/_next/static/chunks/node_modules_next_dist_f3530cac._.js:3127
[27981335ms] [ERROR] Failed to load resource: net::ERR_CONNECTION_REFUSED @ http://localhost:3000/contracts/d9258b20-b3c3-4101-ad68-f4fb6775ad6f?_rsc=1bsdz:0
[27981335ms] [ERROR] Failed to fetch RSC payload for http://localhost:3000/contracts/d9258b20-b3c3-4101-ad68-f4fb6775ad6f. Falling back to browser navigation. TypeError: Failed to fetch
    at createFetch (http://localhost:3000/_next/static/chunks/node_modules_next_dist_client_17643121._.js:2588:24)
    at fetchServerResponse (http://localhost:3000/_next/static/chunks/node_modules_next_dist_client_17643121._.js:2490:27)
    at fetchMissingDynamicData (http://localhost:3000/_next/static/chunks/node_modules_next_dist_client_17643121._.js:3654:75)
    at spawnDynamicRequests (http://localhost:3000/_next/static/chunks/node_modules_next_dist_client_17643121._.js:3501:35)
    at navigateToSeededRoute (http://localhost:3000/_next/static/chunks/node_modules_next_dist_client_17643121._.js:7741:50)
    at refreshDynamicData (http://localhost:3000/_next/static/chunks/node_modules_next_dist_client_17643121._.js:8347:58)
    at hmrRefreshReducer (http://localhost:3000/_next/static/chunks/node_modules_next_dist_client_17643121._.js:8513:51)
    at clientReducer (http://localhost:3000/_next/static/chunks/node_modules_next_dist_client_17643121._.js:9081:65)
    at Object.action (http://localhost:3000/_next/static/chunks/node_modules_next_dist_client_17643121._.js:9310:55)
    at runAction (http://localhost:3000/_next/static/chunks/node_modules_next_dist_client_17643121._.js:9215:38)
    at dispatchAction (http://localhost:3000/_next/static/chunks/node_modules_next_dist_client_17643121._.js:9278:9)
    at Object.dispatch (http://localhost:3000/_next/static/chunks/node_modules_next_dist_client_17643121._.js:9308:40)
    at http://localhost:3000/_next/static/chunks/node_modules_next_dist_client_17643121._.js:1489:29
    at startTransition (http://localhost:3000/_next/static/chunks/node_modules_next_dist_compiled_react-dom_1e674e59._.js:5500:31)
    at dispatch (http://localhost:3000/_next/static/chunks/node_modules_next_dist_client_17643121._.js:1488:13)
    at dispatchAppRouterAction (http://localhost:3000/_next/static/chunks/node_modules_next_dist_client_17643121._.js:1470:5)
    at http://localhost:3000/_next/static/chunks/node_modules_next_dist_client_17643121._.js:9439:61
    at startTransition (http://localhost:3000/_next/static/chunks/node_modules_next_dist_compiled_a0e4c7b4._.js:1279:31)
    at Object.hmrRefresh (http://localhost:3000/_next/static/chunks/node_modules_next_dist_client_17643121._.js:9438:40)
    at processMessage (http://localhost:3000/_next/static/chunks/node_modules_next_dist_client_17643121._.js:11643:67)
    at WebSocket.handleMessage (http://localhost:3000/_next/static/chunks/node_modules_next_dist_client_17643121._.js:10914:52) @ http://localhost:3000/_next/static/chunks/node_modules_next_dist_f3530cac._.js:3127
[27981337ms] [ERROR] Failed to load resource: net::ERR_CONNECTION_REFUSED @ http://localhost:3000/contracts/d9258b20-b3c3-4101-ad68-f4fb6775ad6f?_rsc=1bsdz:0
[27981337ms] [ERROR] Failed to fetch RSC payload for http://localhost:3000/contracts/d9258b20-b3c3-4101-ad68-f4fb6775ad6f. Falling back to browser navigation. TypeError: Failed to fetch
    at createFetch (http://localhost:3000/_next/static/chunks/node_modules_next_dist_client_17643121._.js:2588:24)
    at fetchServerResponse (http://localhost:3000/_next/static/chunks/node_modules_next_dist_client_17643121._.js:2490:27)
    at fetchMissingDynamicData (http://localhost:3000/_next/static/chunks/node_modules_next_dist_client_17643121._.js:3654:75)
    at spawnDynamicRequests (http://localhost:3000/_next/static/chunks/node_modules_next_dist_client_17643121._.js:3501:35)
    at navigateToSeededRoute (http://localhost:3000/_next/static/chunks/node_modules_next_dist_client_17643121._.js:7741:50)
    at refreshDynamicData (http://localhost:3000/_next/static/chunks/node_modules_next_dist_client_17643121._.js:8347:58)
    at hmrRefreshReducer (http://localhost:3000/_next/static/chunks/node_modules_next_dist_client_17643121._.js:8513:51)
    at clientReducer (http://localhost:3000/_next/static/chunks/node_modules_next_dist_client_17643121._.js:9081:65)
    at Object.action (http://localhost:3000/_next/static/chunks/node_modules_next_dist_client_17643121._.js:9310:55)
    at runAction (http://localhost:3000/_next/static/chunks/node_modules_next_dist_client_17643121._.js:9215:38)
    at dispatchAction (http://localhost:3000/_next/static/chunks/node_modules_next_dist_client_17643121._.js:9278:9)
    at Object.dispatch (http://localhost:3000/_next/static/chunks/node_modules_next_dist_client_17643121._.js:9308:40)
    at http://localhost:3000/_next/static/chunks/node_modules_next_dist_client_17643121._.js:1489:29
    at startTransition (http://localhost:3000/_next/static/chunks/node_modules_next_dist_compiled_react-dom_1e674e59._.js:5500:31)
    at dispatch (http://localhost:3000/_next/static/chunks/node_modules_next_dist_client_17643121._.js:1488:13)
    at dispatchAppRouterAction (http://localhost:3000/_next/static/chunks/node_modules_next_dist_client_17643121._.js:1470:5)
    at http://localhost:3000/_next/static/chunks/node_modules_next_dist_client_17643121._.js:9439:61
    at startTransition (http://localhost:3000/_next/static/chunks/node_modules_next_dist_compiled_a0e4c7b4._.js:1279:31)
    at Object.hmrRefresh (http://localhost:3000/_next/static/chunks/node_modules_next_dist_client_17643121._.js:9438:40)
    at processMessage (http://localhost:3000/_next/static/chunks/node_modules_next_dist_client_17643121._.js:11643:67)
    at WebSocket.handleMessage (http://localhost:3000/_next/static/chunks/node_modules_next_dist_client_17643121._.js:10914:52) @ http://localhost:3000/_next/static/chunks/node_modules_next_dist_f3530cac._.js:3127
[27981337ms] [ERROR] Failed to load resource: net::ERR_CONNECTION_REFUSED @ http://localhost:3000/contracts/d9258b20-b3c3-4101-ad68-f4fb6775ad6f?_rsc=1bsdz:0
[27981337ms] [ERROR] Failed to fetch RSC payload for http://localhost:3000/contracts/d9258b20-b3c3-4101-ad68-f4fb6775ad6f. Falling back to browser navigation. TypeError: Failed to fetch
    at createFetch (http://localhost:3000/_next/static/chunks/node_modules_next_dist_client_17643121._.js:2588:24)
    at fetchServerResponse (http://localhost:3000/_next/static/chunks/node_modules_next_dist_client_17643121._.js:2490:27)
    at fetchMissingDynamicData (http://localhost:3000/_next/static/chunks/node_modules_next_dist_client_17643121._.js:3654:75)
    at spawnDynamicRequests (http://localhost:3000/_next/static/chunks/node_modules_next_dist_client_17643121._.js:3501:35)
    at navigateToSeededRoute (http://localhost:3000/_next/static/chunks/node_modules_next_dist_client_17643121._.js:7741:50)
    at refreshDynamicData (http://localhost:3000/_next/static/chunks/node_modules_next_dist_client_17643121._.js:8347:58)
    at hmrRefreshReducer (http://localhost:3000/_next/static/chunks/node_modules_next_dist_client_17643121._.js:8513:51)
    at clientReducer (http://localhost:3000/_next/static/chunks/node_modules_next_dist_client_17643121._.js:9081:65)
    at Object.action (http://localhost:3000/_next/static/chunks/node_modules_next_dist_client_17643121._.js:9310:55)
    at runAction (http://localhost:3000/_next/static/chunks/node_modules_next_dist_client_17643121._.js:9215:38)
    at dispatchAction (http://localhost:3000/_next/static/chunks/node_modules_next_dist_client_17643121._.js:9278:9)
    at Object.dispatch (http://localhost:3000/_next/static/chunks/node_modules_next_dist_client_17643121._.js:9308:40)
    at http://localhost:3000/_next/static/chunks/node_modules_next_dist_client_17643121._.js:1489:29
    at startTransition (http://localhost:3000/_next/static/chunks/node_modules_next_dist_compiled_react-dom_1e674e59._.js:5500:31)
    at dispatch (http://localhost:3000/_next/static/chunks/node_modules_next_dist_client_17643121._.js:1488:13)
    at dispatchAppRouterAction (http://localhost:3000/_next/static/chunks/node_modules_next_dist_client_17643121._.js:1470:5)
    at http://localhost:3000/_next/static/chunks/node_modules_next_dist_client_17643121._.js:9439:61
    at startTransition (http://localhost:3000/_next/static/chunks/node_modules_next_dist_compiled_a0e4c7b4._.js:1279:31)
    at Object.hmrRefresh (http://localhost:3000/_next/static/chunks/node_modules_next_dist_client_17643121._.js:9438:40)
    at processMessage (http://localhost:3000/_next/static/chunks/node_modules_next_dist_client_17643121._.js:11643:67)
    at WebSocket.handleMessage (http://localhost:3000/_next/static/chunks/node_modules_next_dist_client_17643121._.js:10914:52) @ http://localhost:3000/_next/static/chunks/node_modules_next_dist_f3530cac._.js:3127
[27981339ms] [ERROR] Failed to load resource: net::ERR_CONNECTION_REFUSED @ http://localhost:3000/contracts/d9258b20-b3c3-4101-ad68-f4fb6775ad6f?_rsc=1bsdz:0
[27981339ms] [ERROR] Failed to fetch RSC payload for http://localhost:3000/contracts/d9258b20-b3c3-4101-ad68-f4fb6775ad6f. Falling back to browser navigation. TypeError: Failed to fetch
    at createFetch (http://localhost:3000/_next/static/chunks/node_modules_next_dist_client_17643121._.js:2588:24)
    at fetchServerResponse (http://localhost:3000/_next/static/chunks/node_modules_next_dist_client_17643121._.js:2490:27)
    at fetchMissingDynamicData (http://localhost:3000/_next/static/chunks/node_modules_next_dist_client_17643121._.js:3654:75)
    at spawnDynamicRequests (http://localhost:3000/_next/static/chunks/node_modules_next_dist_client_17643121._.js:3501:35)
    at navigateToSeededRoute (http://localhost:3000/_next/static/chunks/node_modules_next_dist_client_17643121._.js:7741:50)
    at refreshDynamicData (http://localhost:3000/_next/static/chunks/node_modules_next_dist_client_17643121._.js:8347:58)
    at hmrRefreshReducer (http://localhost:3000/_next/static/chunks/node_modules_next_dist_client_17643121._.js:8513:51)
    at clientReducer (http://localhost:3000/_next/static/chunks/node_modules_next_dist_client_17643121._.js:9081:65)
    at Object.action (http://localhost:3000/_next/static/chunks/node_modules_next_dist_client_17643121._.js:9310:55)
    at runAction (http://localhost:3000/_next/static/chunks/node_modules_next_dist_client_17643121._.js:9215:38)
    at dispatchAction (http://localhost:3000/_next/static/chunks/node_modules_next_dist_client_17643121._.js:9278:9)
    at Object.dispatch (http://localhost:3000/_next/static/chunks/node_modules_next_dist_client_17643121._.js:9308:40)
    at http://localhost:3000/_next/static/chunks/node_modules_next_dist_client_17643121._.js:1489:29
    at startTransition (http://localhost:3000/_next/static/chunks/node_modules_next_dist_compiled_react-dom_1e674e59._.js:5500:31)
    at dispatch (http://localhost:3000/_next/static/chunks/node_modules_next_dist_client_17643121._.js:1488:13)
    at dispatchAppRouterAction (http://localhost:3000/_next/static/chunks/node_modules_next_dist_client_17643121._.js:1470:5)
    at http://localhost:3000/_next/static/chunks/node_modules_next_dist_client_17643121._.js:9439:61
    at startTransition (http://localhost:3000/_next/static/chunks/node_modules_next_dist_compiled_a0e4c7b4._.js:1279:31)
    at Object.hmrRefresh (http://localhost:3000/_next/static/chunks/node_modules_next_dist_client_17643121._.js:9438:40)
    at processMessage (http://localhost:3000/_next/static/chunks/node_modules_next_dist_client_17643121._.js:11643:67)
    at WebSocket.handleMessage (http://localhost:3000/_next/static/chunks/node_modules_next_dist_client_17643121._.js:10914:52) @ http://localhost:3000/_next/static/chunks/node_modules_next_dist_f3530cac._.js:3127
[27981340ms] [ERROR] Failed to load resource: net::ERR_CONNECTION_REFUSED @ http://localhost:3000/contracts/d9258b20-b3c3-4101-ad68-f4fb6775ad6f?_rsc=1bsdz:0
[27981340ms] [ERROR] Failed to fetch RSC payload for http://localhost:3000/contracts/d9258b20-b3c3-4101-ad68-f4fb6775ad6f. Falling back to browser navigation. TypeError: Failed to fetch
    at createFetch (http://localhost:3000/_next/static/chunks/node_modules_next_dist_client_17643121._.js:2588:24)
    at fetchServerResponse (http://localhost:3000/_next/static/chunks/node_modules_next_dist_client_17643121._.js:2490:27)
    at fetchMissingDynamicData (http://localhost:3000/_next/static/chunks/node_modules_next_dist_client_17643121._.js:3654:75)
    at spawnDynamicRequests (http://localhost:3000/_next/static/chunks/node_modules_next_dist_client_17643121._.js:3501:35)
    at navigateToSeededRoute (http://localhost:3000/_next/static/chunks/node_modules_next_dist_client_17643121._.js:7741:50)
    at refreshDynamicData (http://localhost:3000/_next/static/chunks/node_modules_next_dist_client_17643121._.js:8347:58)
    at hmrRefreshReducer (http://localhost:3000/_next/static/chunks/node_modules_next_dist_client_17643121._.js:8513:51)
    at clientReducer (http://localhost:3000/_next/static/chunks/node_modules_next_dist_client_17643121._.js:9081:65)
    at Object.action (http://localhost:3000/_next/static/chunks/node_modules_next_dist_client_17643121._.js:9310:55)
    at runAction (http://localhost:3000/_next/static/chunks/node_modules_next_dist_client_17643121._.js:9215:38)
    at dispatchAction (http://localhost:3000/_next/static/chunks/node_modules_next_dist_client_17643121._.js:9278:9)
    at Object.dispatch (http://localhost:3000/_next/static/chunks/node_modules_next_dist_client_17643121._.js:9308:40)
    at http://localhost:3000/_next/static/chunks/node_modules_next_dist_client_17643121._.js:1489:29
    at startTransition (http://localhost:3000/_next/static/chunks/node_modules_next_dist_compiled_react-dom_1e674e59._.js:5500:31)
    at dispatch (http://localhost:3000/_next/static/chunks/node_modules_next_dist_client_17643121._.js:1488:13)
    at dispatchAppRouterAction (http://localhost:3000/_next/static/chunks/node_modules_next_dist_client_17643121._.js:1470:5)
    at http://localhost:3000/_next/static/chunks/node_modules_next_dist_client_17643121._.js:9439:61
    at startTransition (http://localhost:3000/_next/static/chunks/node_modules_next_dist_compiled_a0e4c7b4._.js:1279:31)
    at Object.hmrRefresh (http://localhost:3000/_next/static/chunks/node_modules_next_dist_client_17643121._.js:9438:40)
    at processMessage (http://localhost:3000/_next/static/chunks/node_modules_next_dist_client_17643121._.js:11643:67)
    at WebSocket.handleMessage (http://localhost:3000/_next/static/chunks/node_modules_next_dist_client_17643121._.js:10914:52) @ http://localhost:3000/_next/static/chunks/node_modules_next_dist_f3530cac._.js:3127
[27981341ms] [ERROR] Failed to load resource: net::ERR_CONNECTION_REFUSED @ http://localhost:3000/contracts/d9258b20-b3c3-4101-ad68-f4fb6775ad6f?_rsc=1bsdz:0
[27981341ms] [ERROR] Failed to fetch RSC payload for http://localhost:3000/contracts/d9258b20-b3c3-4101-ad68-f4fb6775ad6f. Falling back to browser navigation. TypeError: Failed to fetch
    at createFetch (http://localhost:3000/_next/static/chunks/node_modules_next_dist_client_17643121._.js:2588:24)
    at fetchServerResponse (http://localhost:3000/_next/static/chunks/node_modules_next_dist_client_17643121._.js:2490:27)
    at fetchMissingDynamicData (http://localhost:3000/_next/static/chunks/node_modules_next_dist_client_17643121._.js:3654:75)
    at spawnDynamicRequests (http://localhost:3000/_next/static/chunks/node_modules_next_dist_client_17643121._.js:3501:35)
    at navigateToSeededRoute (http://localhost:3000/_next/static/chunks/node_modules_next_dist_client_17643121._.js:7741:50)
    at refreshDynamicData (http://localhost:3000/_next/static/chunks/node_modules_next_dist_client_17643121._.js:8347:58)
    at hmrRefreshReducer (http://localhost:3000/_next/static/chunks/node_modules_next_dist_client_17643121._.js:8513:51)
    at clientReducer (http://localhost:3000/_next/static/chunks/node_modules_next_dist_client_17643121._.js:9081:65)
    at Object.action (http://localhost:3000/_next/static/chunks/node_modules_next_dist_client_17643121._.js:9310:55)
    at runAction (http://localhost:3000/_next/static/chunks/node_modules_next_dist_client_17643121._.js:9215:38)
    at dispatchAction (http://localhost:3000/_next/static/chunks/node_modules_next_dist_client_17643121._.js:9278:9)
    at Object.dispatch (http://localhost:3000/_next/static/chunks/node_modules_next_dist_client_17643121._.js:9308:40)
    at http://localhost:3000/_next/static/chunks/node_modules_next_dist_client_17643121._.js:1489:29
    at startTransition (http://localhost:3000/_next/static/chunks/node_modules_next_dist_compiled_react-dom_1e674e59._.js:5500:31)
    at dispatch (http://localhost:3000/_next/static/chunks/node_modules_next_dist_client_17643121._.js:1488:13)
    at dispatchAppRouterAction (http://localhost:3000/_next/static/chunks/node_modules_next_dist_client_17643121._.js:1470:5)
    at http://localhost:3000/_next/static/chunks/node_modules_next_dist_client_17643121._.js:9439:61
    at startTransition (http://localhost:3000/_next/static/chunks/node_modules_next_dist_compiled_a0e4c7b4._.js:1279:31)
    at Object.hmrRefresh (http://localhost:3000/_next/static/chunks/node_modules_next_dist_client_17643121._.js:9438:40)
    at processMessage (http://localhost:3000/_next/static/chunks/node_modules_next_dist_client_17643121._.js:11643:67)
    at WebSocket.handleMessage (http://localhost:3000/_next/static/chunks/node_modules_next_dist_client_17643121._.js:10914:52) @ http://localhost:3000/_next/static/chunks/node_modules_next_dist_f3530cac._.js:3127
[27981343ms] [ERROR] Failed to load resource: net::ERR_CONNECTION_REFUSED @ http://localhost:3000/contracts/d9258b20-b3c3-4101-ad68-f4fb6775ad6f?_rsc=1bsdz:0
[27981343ms] [ERROR] Failed to fetch RSC payload for http://localhost:3000/contracts/d9258b20-b3c3-4101-ad68-f4fb6775ad6f. Falling back to browser navigation. TypeError: Failed to fetch
    at createFetch (http://localhost:3000/_next/static/chunks/node_modules_next_dist_client_17643121._.js:2588:24)
    at fetchServerResponse (http://localhost:3000/_next/static/chunks/node_modules_next_dist_client_17643121._.js:2490:27)
    at fetchMissingDynamicData (http://localhost:3000/_next/static/chunks/node_modules_next_dist_client_17643121._.js:3654:75)
    at spawnDynamicRequests (http://localhost:3000/_next/static/chunks/node_modules_next_dist_client_17643121._.js:3501:35)
    at navigateToSeededRoute (http://localhost:3000/_next/static/chunks/node_modules_next_dist_client_17643121._.js:7741:50)
    at refreshDynamicData (http://localhost:3000/_next/static/chunks/node_modules_next_dist_client_17643121._.js:8347:58)
    at hmrRefreshReducer (http://localhost:3000/_next/static/chunks/node_modules_next_dist_client_17643121._.js:8513:51)
    at clientReducer (http://localhost:3000/_next/static/chunks/node_modules_next_dist_client_17643121._.js:9081:65)
    at Object.action (http://localhost:3000/_next/static/chunks/node_modules_next_dist_client_17643121._.js:9310:55)
    at runAction (http://localhost:3000/_next/static/chunks/node_modules_next_dist_client_17643121._.js:9215:38)
    at dispatchAction (http://localhost:3000/_next/static/chunks/node_modules_next_dist_client_17643121._.js:9278:9)
    at Object.dispatch (http://localhost:3000/_next/static/chunks/node_modules_next_dist_client_17643121._.js:9308:40)
    at http://localhost:3000/_next/static/chunks/node_modules_next_dist_client_17643121._.js:1489:29
    at startTransition (http://localhost:3000/_next/static/chunks/node_modules_next_dist_compiled_react-dom_1e674e59._.js:5500:31)
    at dispatch (http://localhost:3000/_next/static/chunks/node_modules_next_dist_client_17643121._.js:1488:13)
    at dispatchAppRouterAction (http://localhost:3000/_next/static/chunks/node_modules_next_dist_client_17643121._.js:1470:5)
    at http://localhost:3000/_next/static/chunks/node_modules_next_dist_client_17643121._.js:9439:61
    at startTransition (http://localhost:3000/_next/static/chunks/node_modules_next_dist_compiled_a0e4c7b4._.js:1279:31)
    at Object.hmrRefresh (http://localhost:3000/_next/static/chunks/node_modules_next_dist_client_17643121._.js:9438:40)
    at processMessage (http://localhost:3000/_next/static/chunks/node_modules_next_dist_client_17643121._.js:11643:67)
    at WebSocket.handleMessage (http://localhost:3000/_next/static/chunks/node_modules_next_dist_client_17643121._.js:10914:52) @ http://localhost:3000/_next/static/chunks/node_modules_next_dist_f3530cac._.js:3127
[27981343ms] [ERROR] Failed to load resource: net::ERR_CONNECTION_REFUSED @ http://localhost:3000/contracts/d9258b20-b3c3-4101-ad68-f4fb6775ad6f?_rsc=1bsdz:0
[27981343ms] [ERROR] Failed to fetch RSC payload for http://localhost:3000/contracts/d9258b20-b3c3-4101-ad68-f4fb6775ad6f. Falling back to browser navigation. TypeError: Failed to fetch
    at createFetch (http://localhost:3000/_next/static/chunks/node_modules_next_dist_client_17643121._.js:2588:24)
    at fetchServerResponse (http://localhost:3000/_next/static/chunks/node_modules_next_dist_client_17643121._.js:2490:27)
    at fetchMissingDynamicData (http://localhost:3000/_next/static/chunks/node_modules_next_dist_client_17643121._.js:3654:75)
    at spawnDynamicRequests (http://localhost:3000/_next/static/chunks/node_modules_next_dist_client_17643121._.js:3501:35)
    at navigateToSeededRoute (http://localhost:3000/_next/static/chunks/node_modules_next_dist_client_17643121._.js:7741:50)
    at refreshDynamicData (http://localhost:3000/_next/static/chunks/node_modules_next_dist_client_17643121._.js:8347:58)
    at hmrRefreshReducer (http://localhost:3000/_next/static/chunks/node_modules_next_dist_client_17643121._.js:8513:51)
    at clientReducer (http://localhost:3000/_next/static/chunks/node_modules_next_dist_client_17643121._.js:9081:65)
    at Object.action (http://localhost:3000/_next/static/chunks/node_modules_next_dist_client_17643121._.js:9310:55)
    at runAction (http://localhost:3000/_next/static/chunks/node_modules_next_dist_client_17643121._.js:9215:38)
    at dispatchAction (http://localhost:3000/_next/static/chunks/node_modules_next_dist_client_17643121._.js:9278:9)
    at Object.dispatch (http://localhost:3000/_next/static/chunks/node_modules_next_dist_client_17643121._.js:9308:40)
    at http://localhost:3000/_next/static/chunks/node_modules_next_dist_client_17643121._.js:1489:29
    at startTransition (http://localhost:3000/_next/static/chunks/node_modules_next_dist_compiled_react-dom_1e674e59._.js:5500:31)
    at dispatch (http://localhost:3000/_next/static/chunks/node_modules_next_dist_client_17643121._.js:1488:13)
    at dispatchAppRouterAction (http://localhost:3000/_next/static/chunks/node_modules_next_dist_client_17643121._.js:1470:5)
    at http://localhost:3000/_next/static/chunks/node_modules_next_dist_client_17643121._.js:9439:61
    at startTransition (http://localhost:3000/_next/static/chunks/node_modules_next_dist_compiled_a0e4c7b4._.js:1279:31)
    at Object.hmrRefresh (http://localhost:3000/_next/static/chunks/node_modules_next_dist_client_17643121._.js:9438:40)
    at processMessage (http://localhost:3000/_next/static/chunks/node_modules_next_dist_client_17643121._.js:11643:67)
    at WebSocket.handleMessage (http://localhost:3000/_next/static/chunks/node_modules_next_dist_client_17643121._.js:10914:52) @ http://localhost:3000/_next/static/chunks/node_modules_next_dist_f3530cac._.js:3127
[27981345ms] [ERROR] Failed to load resource: net::ERR_CONNECTION_REFUSED @ http://localhost:3000/contracts/d9258b20-b3c3-4101-ad68-f4fb6775ad6f?_rsc=1bsdz:0
[27981345ms] [ERROR] Failed to fetch RSC payload for http://localhost:3000/contracts/d9258b20-b3c3-4101-ad68-f4fb6775ad6f. Falling back to browser navigation. TypeError: Failed to fetch
    at createFetch (http://localhost:3000/_next/static/chunks/node_modules_next_dist_client_17643121._.js:2588:24)
    at fetchServerResponse (http://localhost:3000/_next/static/chunks/node_modules_next_dist_client_17643121._.js:2490:27)
    at fetchMissingDynamicData (http://localhost:3000/_next/static/chunks/node_modules_next_dist_client_17643121._.js:3654:75)
    at spawnDynamicRequests (http://localhost:3000/_next/static/chunks/node_modules_next_dist_client_17643121._.js:3501:35)
    at navigateToSeededRoute (http://localhost:3000/_next/static/chunks/node_modules_next_dist_client_17643121._.js:7741:50)
    at refreshDynamicData (http://localhost:3000/_next/static/chunks/node_modules_next_dist_client_17643121._.js:8347:58)
    at hmrRefreshReducer (http://localhost:3000/_next/static/chunks/node_modules_next_dist_client_17643121._.js:8513:51)
    at clientReducer (http://localhost:3000/_next/static/chunks/node_modules_next_dist_client_17643121._.js:9081:65)
    at Object.action (http://localhost:3000/_next/static/chunks/node_modules_next_dist_client_17643121._.js:9310:55)
    at runAction (http://localhost:3000/_next/static/chunks/node_modules_next_dist_client_17643121._.js:9215:38)
    at dispatchAction (http://localhost:3000/_next/static/chunks/node_modules_next_dist_client_17643121._.js:9278:9)
    at Object.dispatch (http://localhost:3000/_next/static/chunks/node_modules_next_dist_client_17643121._.js:9308:40)
    at http://localhost:3000/_next/static/chunks/node_modules_next_dist_client_17643121._.js:1489:29
    at startTransition (http://localhost:3000/_next/static/chunks/node_modules_next_dist_compiled_react-dom_1e674e59._.js:5500:31)
    at dispatch (http://localhost:3000/_next/static/chunks/node_modules_next_dist_client_17643121._.js:1488:13)
    at dispatchAppRouterAction (http://localhost:3000/_next/static/chunks/node_modules_next_dist_client_17643121._.js:1470:5)
    at http://localhost:3000/_next/static/chunks/node_modules_next_dist_client_17643121._.js:9439:61
    at startTransition (http://localhost:3000/_next/static/chunks/node_modules_next_dist_compiled_a0e4c7b4._.js:1279:31)
    at Object.hmrRefresh (http://localhost:3000/_next/static/chunks/node_modules_next_dist_client_17643121._.js:9438:40)
    at processMessage (http://localhost:3000/_next/static/chunks/node_modules_next_dist_client_17643121._.js:11643:67)
    at WebSocket.handleMessage (http://localhost:3000/_next/static/chunks/node_modules_next_dist_client_17643121._.js:10914:52) @ http://localhost:3000/_next/static/chunks/node_modules_next_dist_f3530cac._.js:3127
[27981363ms] [ERROR] Failed to load resource: net::ERR_CONNECTION_REFUSED @ http://localhost:3000/contracts/d9258b20-b3c3-4101-ad68-f4fb6775ad6f?_rsc=1bsdz:0
[27981363ms] [ERROR] Failed to fetch RSC payload for http://localhost:3000/contracts/d9258b20-b3c3-4101-ad68-f4fb6775ad6f. Falling back to browser navigation. TypeError: Failed to fetch
    at createFetch (http://localhost:3000/_next/static/chunks/node_modules_next_dist_client_17643121._.js:2588:24)
    at fetchServerResponse (http://localhost:3000/_next/static/chunks/node_modules_next_dist_client_17643121._.js:2490:27)
    at fetchMissingDynamicData (http://localhost:3000/_next/static/chunks/node_modules_next_dist_client_17643121._.js:3654:75)
    at spawnDynamicRequests (http://localhost:3000/_next/static/chunks/node_modules_next_dist_client_17643121._.js:3501:35)
    at navigateToSeededRoute (http://localhost:3000/_next/static/chunks/node_modules_next_dist_client_17643121._.js:7741:50)
    at refreshDynamicData (http://localhost:3000/_next/static/chunks/node_modules_next_dist_client_17643121._.js:8347:58)
    at hmrRefreshReducer (http://localhost:3000/_next/static/chunks/node_modules_next_dist_client_17643121._.js:8513:51)
    at clientReducer (http://localhost:3000/_next/static/chunks/node_modules_next_dist_client_17643121._.js:9081:65)
    at Object.action (http://localhost:3000/_next/static/chunks/node_modules_next_dist_client_17643121._.js:9310:55)
    at runAction (http://localhost:3000/_next/static/chunks/node_modules_next_dist_client_17643121._.js:9215:38)
    at dispatchAction (http://localhost:3000/_next/static/chunks/node_modules_next_dist_client_17643121._.js:9278:9)
    at Object.dispatch (http://localhost:3000/_next/static/chunks/node_modules_next_dist_client_17643121._.js:9308:40)
    at http://localhost:3000/_next/static/chunks/node_modules_next_dist_client_17643121._.js:1489:29
    at startTransition (http://localhost:3000/_next/static/chunks/node_modules_next_dist_compiled_react-dom_1e674e59._.js:5500:31)
    at dispatch (http://localhost:3000/_next/static/chunks/node_modules_next_dist_client_17643121._.js:1488:13)
    at dispatchAppRouterAction (http://localhost:3000/_next/static/chunks/node_modules_next_dist_client_17643121._.js:1470:5)
    at http://localhost:3000/_next/static/chunks/node_modules_next_dist_client_17643121._.js:9439:61
    at startTransition (http://localhost:3000/_next/static/chunks/node_modules_next_dist_compiled_a0e4c7b4._.js:1279:31)
    at Object.hmrRefresh (http://localhost:3000/_next/static/chunks/node_modules_next_dist_client_17643121._.js:9438:40)
    at processMessage (http://localhost:3000/_next/static/chunks/node_modules_next_dist_client_17643121._.js:11643:67)
    at WebSocket.handleMessage (http://localhost:3000/_next/static/chunks/node_modules_next_dist_client_17643121._.js:10914:52) @ http://localhost:3000/_next/static/chunks/node_modules_next_dist_f3530cac._.js:3127
[27981363ms] [ERROR] Failed to load resource: net::ERR_CONNECTION_REFUSED @ http://localhost:3000/contracts/d9258b20-b3c3-4101-ad68-f4fb6775ad6f?_rsc=1bsdz:0
[27981363ms] [ERROR] Failed to fetch RSC payload for http://localhost:3000/contracts/d9258b20-b3c3-4101-ad68-f4fb6775ad6f. Falling back to browser navigation. TypeError: Failed to fetch
    at createFetch (http://localhost:3000/_next/static/chunks/node_modules_next_dist_client_17643121._.js:2588:24)
    at fetchServerResponse (http://localhost:3000/_next/static/chunks/node_modules_next_dist_client_17643121._.js:2490:27)
    at fetchMissingDynamicData (http://localhost:3000/_next/static/chunks/node_modules_next_dist_client_17643121._.js:3654:75)
    at spawnDynamicRequests (http://localhost:3000/_next/static/chunks/node_modules_next_dist_client_17643121._.js:3501:35)
    at navigateToSeededRoute (http://localhost:3000/_next/static/chunks/node_modules_next_dist_client_17643121._.js:7741:50)
    at refreshDynamicData (http://localhost:3000/_next/static/chunks/node_modules_next_dist_client_17643121._.js:8347:58)
    at hmrRefreshReducer (http://localhost:3000/_next/static/chunks/node_modules_next_dist_client_17643121._.js:8513:51)
    at clientReducer (http://localhost:3000/_next/static/chunks/node_modules_next_dist_client_17643121._.js:9081:65)
    at Object.action (http://localhost:3000/_next/static/chunks/node_modules_next_dist_client_17643121._.js:9310:55)
    at runAction (http://localhost:3000/_next/static/chunks/node_modules_next_dist_client_17643121._.js:9215:38)
    at dispatchAction (http://localhost:3000/_next/static/chunks/node_modules_next_dist_client_17643121._.js:9278:9)
    at Object.dispatch (http://localhost:3000/_next/static/chunks/node_modules_next_dist_client_17643121._.js:9308:40)
    at http://localhost:3000/_next/static/chunks/node_modules_next_dist_client_17643121._.js:1489:29
    at startTransition (http://localhost:3000/_next/static/chunks/node_modules_next_dist_compiled_react-dom_1e674e59._.js:5500:31)
    at dispatch (http://localhost:3000/_next/static/chunks/node_modules_next_dist_client_17643121._.js:1488:13)
    at dispatchAppRouterAction (http://localhost:3000/_next/static/chunks/node_modules_next_dist_client_17643121._.js:1470:5)
    at http://localhost:3000/_next/static/chunks/node_modules_next_dist_client_17643121._.js:9439:61
    at startTransition (http://localhost:3000/_next/static/chunks/node_modules_next_dist_compiled_a0e4c7b4._.js:1279:31)
    at Object.hmrRefresh (http://localhost:3000/_next/static/chunks/node_modules_next_dist_client_17643121._.js:9438:40)
    at processMessage (http://localhost:3000/_next/static/chunks/node_modules_next_dist_client_17643121._.js:11643:67)
    at WebSocket.handleMessage (http://localhost:3000/_next/static/chunks/node_modules_next_dist_client_17643121._.js:10914:52) @ http://localhost:3000/_next/static/chunks/node_modules_next_dist_f3530cac._.js:3127
[27981366ms] [ERROR] Failed to load resource: net::ERR_CONNECTION_REFUSED @ http://localhost:3000/contracts/d9258b20-b3c3-4101-ad68-f4fb6775ad6f?_rsc=1bsdz:0
[27981366ms] [ERROR] Failed to fetch RSC payload for http://localhost:3000/contracts/d9258b20-b3c3-4101-ad68-f4fb6775ad6f. Falling back to browser navigation. TypeError: Failed to fetch
    at createFetch (http://localhost:3000/_next/static/chunks/node_modules_next_dist_client_17643121._.js:2588:24)
    at fetchServerResponse (http://localhost:3000/_next/static/chunks/node_modules_next_dist_client_17643121._.js:2490:27)
    at fetchMissingDynamicData (http://localhost:3000/_next/static/chunks/node_modules_next_dist_client_17643121._.js:3654:75)
    at spawnDynamicRequests (http://localhost:3000/_next/static/chunks/node_modules_next_dist_client_17643121._.js:3501:35)
    at navigateToSeededRoute (http://localhost:3000/_next/static/chunks/node_modules_next_dist_client_17643121._.js:7741:50)
    at refreshDynamicData (http://localhost:3000/_next/static/chunks/node_modules_next_dist_client_17643121._.js:8347:58)
    at hmrRefreshReducer (http://localhost:3000/_next/static/chunks/node_modules_next_dist_client_17643121._.js:8513:51)
    at clientReducer (http://localhost:3000/_next/static/chunks/node_modules_next_dist_client_17643121._.js:9081:65)
    at Object.action (http://localhost:3000/_next/static/chunks/node_modules_next_dist_client_17643121._.js:9310:55)
    at runAction (http://localhost:3000/_next/static/chunks/node_modules_next_dist_client_17643121._.js:9215:38)
    at dispatchAction (http://localhost:3000/_next/static/chunks/node_modules_next_dist_client_17643121._.js:9278:9)
    at Object.dispatch (http://localhost:3000/_next/static/chunks/node_modules_next_dist_client_17643121._.js:9308:40)
    at http://localhost:3000/_next/static/chunks/node_modules_next_dist_client_17643121._.js:1489:29
    at startTransition (http://localhost:3000/_next/static/chunks/node_modules_next_dist_compiled_react-dom_1e674e59._.js:5500:31)
    at dispatch (http://localhost:3000/_next/static/chunks/node_modules_next_dist_client_17643121._.js:1488:13)
    at dispatchAppRouterAction (http://localhost:3000/_next/static/chunks/node_modules_next_dist_client_17643121._.js:1470:5)
    at http://localhost:3000/_next/static/chunks/node_modules_next_dist_client_17643121._.js:9439:61
    at startTransition (http://localhost:3000/_next/static/chunks/node_modules_next_dist_compiled_a0e4c7b4._.js:1279:31)
    at Object.hmrRefresh (http://localhost:3000/_next/static/chunks/node_modules_next_dist_client_17643121._.js:9438:40)
    at processMessage (http://localhost:3000/_next/static/chunks/node_modules_next_dist_client_17643121._.js:11643:67)
    at WebSocket.handleMessage (http://localhost:3000/_next/static/chunks/node_modules_next_dist_client_17643121._.js:10914:52) @ http://localhost:3000/_next/static/chunks/node_modules_next_dist_f3530cac._.js:3127
[27981366ms] [ERROR] Failed to load resource: net::ERR_CONNECTION_REFUSED @ http://localhost:3000/contracts/d9258b20-b3c3-4101-ad68-f4fb6775ad6f?_rsc=1bsdz:0
[27981366ms] [ERROR] Failed to fetch RSC payload for http://localhost:3000/contracts/d9258b20-b3c3-4101-ad68-f4fb6775ad6f. Falling back to browser navigation. TypeError: Failed to fetch
    at createFetch (http://localhost:3000/_next/static/chunks/node_modules_next_dist_client_17643121._.js:2588:24)
    at fetchServerResponse (http://localhost:3000/_next/static/chunks/node_modules_next_dist_client_17643121._.js:2490:27)
    at fetchMissingDynamicData (http://localhost:3000/_next/static/chunks/node_modules_next_dist_client_17643121._.js:3654:75)
    at spawnDynamicRequests (http://localhost:3000/_next/static/chunks/node_modules_next_dist_client_17643121._.js:3501:35)
    at navigateToSeededRoute (http://localhost:3000/_next/static/chunks/node_modules_next_dist_client_17643121._.js:7741:50)
    at refreshDynamicData (http://localhost:3000/_next/static/chunks/node_modules_next_dist_client_17643121._.js:8347:58)
    at hmrRefreshReducer (http://localhost:3000/_next/static/chunks/node_modules_next_dist_client_17643121._.js:8513:51)
    at clientReducer (http://localhost:3000/_next/static/chunks/node_modules_next_dist_client_17643121._.js:9081:65)
    at Object.action (http://localhost:3000/_next/static/chunks/node_modules_next_dist_client_17643121._.js:9310:55)
    at runAction (http://localhost:3000/_next/static/chunks/node_modules_next_dist_client_17643121._.js:9215:38)
    at dispatchAction (http://localhost:3000/_next/static/chunks/node_modules_next_dist_client_17643121._.js:9278:9)
    at Object.dispatch (http://localhost:3000/_next/static/chunks/node_modules_next_dist_client_17643121._.js:9308:40)
    at http://localhost:3000/_next/static/chunks/node_modules_next_dist_client_17643121._.js:1489:29
    at startTransition (http://localhost:3000/_next/static/chunks/node_modules_next_dist_compiled_react-dom_1e674e59._.js:5500:31)
    at dispatch (http://localhost:3000/_next/static/chunks/node_modules_next_dist_client_17643121._.js:1488:13)
    at dispatchAppRouterAction (http://localhost:3000/_next/static/chunks/node_modules_next_dist_client_17643121._.js:1470:5)
    at http://localhost:3000/_next/static/chunks/node_modules_next_dist_client_17643121._.js:9439:61
    at startTransition (http://localhost:3000/_next/static/chunks/node_modules_next_dist_compiled_a0e4c7b4._.js:1279:31)
    at Object.hmrRefresh (http://localhost:3000/_next/static/chunks/node_modules_next_dist_client_17643121._.js:9438:40)
    at processMessage (http://localhost:3000/_next/static/chunks/node_modules_next_dist_client_17643121._.js:11643:67)
    at WebSocket.handleMessage (http://localhost:3000/_next/static/chunks/node_modules_next_dist_client_17643121._.js:10914:52) @ http://localhost:3000/_next/static/chunks/node_modules_next_dist_f3530cac._.js:3127
[27981366ms] [ERROR] Failed to load resource: net::ERR_CONNECTION_REFUSED @ http://localhost:3000/contracts/d9258b20-b3c3-4101-ad68-f4fb6775ad6f?_rsc=1bsdz:0
[27981366ms] [ERROR] Failed to fetch RSC payload for http://localhost:3000/contracts/d9258b20-b3c3-4101-ad68-f4fb6775ad6f. Falling back to browser navigation. TypeError: Failed to fetch
    at createFetch (http://localhost:3000/_next/static/chunks/node_modules_next_dist_client_17643121._.js:2588:24)
    at fetchServerResponse (http://localhost:3000/_next/static/chunks/node_modules_next_dist_client_17643121._.js:2490:27)
    at fetchMissingDynamicData (http://localhost:3000/_next/static/chunks/node_modules_next_dist_client_17643121._.js:3654:75)
    at spawnDynamicRequests (http://localhost:3000/_next/static/chunks/node_modules_next_dist_client_17643121._.js:3501:35)
    at navigateToSeededRoute (http://localhost:3000/_next/static/chunks/node_modules_next_dist_client_17643121._.js:7741:50)
    at refreshDynamicData (http://localhost:3000/_next/static/chunks/node_modules_next_dist_client_17643121._.js:8347:58)
    at hmrRefreshReducer (http://localhost:3000/_next/static/chunks/node_modules_next_dist_client_17643121._.js:8513:51)
    at clientReducer (http://localhost:3000/_next/static/chunks/node_modules_next_dist_client_17643121._.js:9081:65)
    at Object.action (http://localhost:3000/_next/static/chunks/node_modules_next_dist_client_17643121._.js:9310:55)
    at runAction (http://localhost:3000/_next/static/chunks/node_modules_next_dist_client_17643121._.js:9215:38)
    at dispatchAction (http://localhost:3000/_next/static/chunks/node_modules_next_dist_client_17643121._.js:9278:9)
    at Object.dispatch (http://localhost:3000/_next/static/chunks/node_modules_next_dist_client_17643121._.js:9308:40)
    at http://localhost:3000/_next/static/chunks/node_modules_next_dist_client_17643121._.js:1489:29
    at startTransition (http://localhost:3000/_next/static/chunks/node_modules_next_dist_compiled_react-dom_1e674e59._.js:5500:31)
    at dispatch (http://localhost:3000/_next/static/chunks/node_modules_next_dist_client_17643121._.js:1488:13)
    at dispatchAppRouterAction (http://localhost:3000/_next/static/chunks/node_modules_next_dist_client_17643121._.js:1470:5)
    at http://localhost:3000/_next/static/chunks/node_modules_next_dist_client_17643121._.js:9439:61
    at startTransition (http://localhost:3000/_next/static/chunks/node_modules_next_dist_compiled_a0e4c7b4._.js:1279:31)
    at Object.hmrRefresh (http://localhost:3000/_next/static/chunks/node_modules_next_dist_client_17643121._.js:9438:40)
    at processMessage (http://localhost:3000/_next/static/chunks/node_modules_next_dist_client_17643121._.js:11643:67)
    at WebSocket.handleMessage (http://localhost:3000/_next/static/chunks/node_modules_next_dist_client_17643121._.js:10914:52) @ http://localhost:3000/_next/static/chunks/node_modules_next_dist_f3530cac._.js:3127
[27981367ms] [ERROR] Failed to load resource: net::ERR_CONNECTION_REFUSED @ http://localhost:3000/contracts/d9258b20-b3c3-4101-ad68-f4fb6775ad6f?_rsc=1bsdz:0
[27981367ms] [ERROR] Failed to fetch RSC payload for http://localhost:3000/contracts/d9258b20-b3c3-4101-ad68-f4fb6775ad6f. Falling back to browser navigation. TypeError: Failed to fetch
    at createFetch (http://localhost:3000/_next/static/chunks/node_modules_next_dist_client_17643121._.js:2588:24)
    at fetchServerResponse (http://localhost:3000/_next/static/chunks/node_modules_next_dist_client_17643121._.js:2490:27)
    at fetchMissingDynamicData (http://localhost:3000/_next/static/chunks/node_modules_next_dist_client_17643121._.js:3654:75)
    at spawnDynamicRequests (http://localhost:3000/_next/static/chunks/node_modules_next_dist_client_17643121._.js:3501:35)
    at navigateToSeededRoute (http://localhost:3000/_next/static/chunks/node_modules_next_dist_client_17643121._.js:7741:50)
    at refreshDynamicData (http://localhost:3000/_next/static/chunks/node_modules_next_dist_client_17643121._.js:8347:58)
    at hmrRefreshReducer (http://localhost:3000/_next/static/chunks/node_modules_next_dist_client_17643121._.js:8513:51)
    at clientReducer (http://localhost:3000/_next/static/chunks/node_modules_next_dist_client_17643121._.js:9081:65)
    at Object.action (http://localhost:3000/_next/static/chunks/node_modules_next_dist_client_17643121._.js:9310:55)
    at runAction (http://localhost:3000/_next/static/chunks/node_modules_next_dist_client_17643121._.js:9215:38)
    at dispatchAction (http://localhost:3000/_next/static/chunks/node_modules_next_dist_client_17643121._.js:9278:9)
    at Object.dispatch (http://localhost:3000/_next/static/chunks/node_modules_next_dist_client_17643121._.js:9308:40)
    at http://localhost:3000/_next/static/chunks/node_modules_next_dist_client_17643121._.js:1489:29
    at startTransition (http://localhost:3000/_next/static/chunks/node_modules_next_dist_compiled_react-dom_1e674e59._.js:5500:31)
    at dispatch (http://localhost:3000/_next/static/chunks/node_modules_next_dist_client_17643121._.js:1488:13)
    at dispatchAppRouterAction (http://localhost:3000/_next/static/chunks/node_modules_next_dist_client_17643121._.js:1470:5)
    at http://localhost:3000/_next/static/chunks/node_modules_next_dist_client_17643121._.js:9439:61
    at startTransition (http://localhost:3000/_next/static/chunks/node_modules_next_dist_compiled_a0e4c7b4._.js:1279:31)
    at Object.hmrRefresh (http://localhost:3000/_next/static/chunks/node_modules_next_dist_client_17643121._.js:9438:40)
    at processMessage (http://localhost:3000/_next/static/chunks/node_modules_next_dist_client_17643121._.js:11643:67)
    at WebSocket.handleMessage (http://localhost:3000/_next/static/chunks/node_modules_next_dist_client_17643121._.js:10914:52) @ http://localhost:3000/_next/static/chunks/node_modules_next_dist_f3530cac._.js:3127
[27981368ms] [ERROR] Failed to load resource: net::ERR_CONNECTION_REFUSED @ http://localhost:3000/contracts/d9258b20-b3c3-4101-ad68-f4fb6775ad6f?_rsc=1bsdz:0
[27981368ms] [ERROR] Failed to fetch RSC payload for http://localhost:3000/contracts/d9258b20-b3c3-4101-ad68-f4fb6775ad6f. Falling back to browser navigation. TypeError: Failed to fetch
    at createFetch (http://localhost:3000/_next/static/chunks/node_modules_next_dist_client_17643121._.js:2588:24)
    at fetchServerResponse (http://localhost:3000/_next/static/chunks/node_modules_next_dist_client_17643121._.js:2490:27)
    at fetchMissingDynamicData (http://localhost:3000/_next/static/chunks/node_modules_next_dist_client_17643121._.js:3654:75)
    at spawnDynamicRequests (http://localhost:3000/_next/static/chunks/node_modules_next_dist_client_17643121._.js:3501:35)
    at navigateToSeededRoute (http://localhost:3000/_next/static/chunks/node_modules_next_dist_client_17643121._.js:7741:50)
    at refreshDynamicData (http://localhost:3000/_next/static/chunks/node_modules_next_dist_client_17643121._.js:8347:58)
    at hmrRefreshReducer (http://localhost:3000/_next/static/chunks/node_modules_next_dist_client_17643121._.js:8513:51)
    at clientReducer (http://localhost:3000/_next/static/chunks/node_modules_next_dist_client_17643121._.js:9081:65)
    at Object.action (http://localhost:3000/_next/static/chunks/node_modules_next_dist_client_17643121._.js:9310:55)
    at runAction (http://localhost:3000/_next/static/chunks/node_modules_next_dist_client_17643121._.js:9215:38)
    at dispatchAction (http://localhost:3000/_next/static/chunks/node_modules_next_dist_client_17643121._.js:9278:9)
    at Object.dispatch (http://localhost:3000/_next/static/chunks/node_modules_next_dist_client_17643121._.js:9308:40)
    at http://localhost:3000/_next/static/chunks/node_modules_next_dist_client_17643121._.js:1489:29
    at startTransition (http://localhost:3000/_next/static/chunks/node_modules_next_dist_compiled_react-dom_1e674e59._.js:5500:31)
    at dispatch (http://localhost:3000/_next/static/chunks/node_modules_next_dist_client_17643121._.js:1488:13)
    at dispatchAppRouterAction (http://localhost:3000/_next/static/chunks/node_modules_next_dist_client_17643121._.js:1470:5)
    at http://localhost:3000/_next/static/chunks/node_modules_next_dist_client_17643121._.js:9439:61
    at startTransition (http://localhost:3000/_next/static/chunks/node_modules_next_dist_compiled_a0e4c7b4._.js:1279:31)
    at Object.hmrRefresh (http://localhost:3000/_next/static/chunks/node_modules_next_dist_client_17643121._.js:9438:40)
    at processMessage (http://localhost:3000/_next/static/chunks/node_modules_next_dist_client_17643121._.js:11643:67)
    at WebSocket.handleMessage (http://localhost:3000/_next/static/chunks/node_modules_next_dist_client_17643121._.js:10914:52) @ http://localhost:3000/_next/static/chunks/node_modules_next_dist_f3530cac._.js:3127
[27981368ms] [ERROR] Failed to load resource: net::ERR_CONNECTION_REFUSED @ http://localhost:3000/contracts/d9258b20-b3c3-4101-ad68-f4fb6775ad6f?_rsc=1bsdz:0
[27981368ms] [ERROR] Failed to fetch RSC payload for http://localhost:3000/contracts/d9258b20-b3c3-4101-ad68-f4fb6775ad6f. Falling back to browser navigation. TypeError: Failed to fetch
    at createFetch (http://localhost:3000/_next/static/chunks/node_modules_next_dist_client_17643121._.js:2588:24)
    at fetchServerResponse (http://localhost:3000/_next/static/chunks/node_modules_next_dist_client_17643121._.js:2490:27)
    at fetchMissingDynamicData (http://localhost:3000/_next/static/chunks/node_modules_next_dist_client_17643121._.js:3654:75)
    at spawnDynamicRequests (http://localhost:3000/_next/static/chunks/node_modules_next_dist_client_17643121._.js:3501:35)
    at navigateToSeededRoute (http://localhost:3000/_next/static/chunks/node_modules_next_dist_client_17643121._.js:7741:50)
    at refreshDynamicData (http://localhost:3000/_next/static/chunks/node_modules_next_dist_client_17643121._.js:8347:58)
    at hmrRefreshReducer (http://localhost:3000/_next/static/chunks/node_modules_next_dist_client_17643121._.js:8513:51)
    at clientReducer (http://localhost:3000/_next/static/chunks/node_modules_next_dist_client_17643121._.js:9081:65)
    at Object.action (http://localhost:3000/_next/static/chunks/node_modules_next_dist_client_17643121._.js:9310:55)
    at runAction (http://localhost:3000/_next/static/chunks/node_modules_next_dist_client_17643121._.js:9215:38)
    at dispatchAction (http://localhost:3000/_next/static/chunks/node_modules_next_dist_client_17643121._.js:9278:9)
    at Object.dispatch (http://localhost:3000/_next/static/chunks/node_modules_next_dist_client_17643121._.js:9308:40)
    at http://localhost:3000/_next/static/chunks/node_modules_next_dist_client_17643121._.js:1489:29
    at startTransition (http://localhost:3000/_next/static/chunks/node_modules_next_dist_compiled_react-dom_1e674e59._.js:5500:31)
    at dispatch (http://localhost:3000/_next/static/chunks/node_modules_next_dist_client_17643121._.js:1488:13)
    at dispatchAppRouterAction (http://localhost:3000/_next/static/chunks/node_modules_next_dist_client_17643121._.js:1470:5)
    at http://localhost:3000/_next/static/chunks/node_modules_next_dist_client_17643121._.js:9439:61
    at startTransition (http://localhost:3000/_next/static/chunks/node_modules_next_dist_compiled_a0e4c7b4._.js:1279:31)
    at Object.hmrRefresh (http://localhost:3000/_next/static/chunks/node_modules_next_dist_client_17643121._.js:9438:40)
    at processMessage (http://localhost:3000/_next/static/chunks/node_modules_next_dist_client_17643121._.js:11643:67)
    at WebSocket.handleMessage (http://localhost:3000/_next/static/chunks/node_modules_next_dist_client_17643121._.js:10914:52) @ http://localhost:3000/_next/static/chunks/node_modules_next_dist_f3530cac._.js:3127
[27981368ms] [ERROR] Failed to load resource: net::ERR_CONNECTION_REFUSED @ http://localhost:3000/contracts/d9258b20-b3c3-4101-ad68-f4fb6775ad6f?_rsc=1bsdz:0
[27981368ms] [ERROR] Failed to fetch RSC payload for http://localhost:3000/contracts/d9258b20-b3c3-4101-ad68-f4fb6775ad6f. Falling back to browser navigation. TypeError: Failed to fetch
    at createFetch (http://localhost:3000/_next/static/chunks/node_modules_next_dist_client_17643121._.js:2588:24)
    at fetchServerResponse (http://localhost:3000/_next/static/chunks/node_modules_next_dist_client_17643121._.js:2490:27)
    at fetchMissingDynamicData (http://localhost:3000/_next/static/chunks/node_modules_next_dist_client_17643121._.js:3654:75)
    at spawnDynamicRequests (http://localhost:3000/_next/static/chunks/node_modules_next_dist_client_17643121._.js:3501:35)
    at navigateToSeededRoute (http://localhost:3000/_next/static/chunks/node_modules_next_dist_client_17643121._.js:7741:50)
    at refreshDynamicData (http://localhost:3000/_next/static/chunks/node_modules_next_dist_client_17643121._.js:8347:58)
    at hmrRefreshReducer (http://localhost:3000/_next/static/chunks/node_modules_next_dist_client_17643121._.js:8513:51)
    at clientReducer (http://localhost:3000/_next/static/chunks/node_modules_next_dist_client_17643121._.js:9081:65)
    at Object.action (http://localhost:3000/_next/static/chunks/node_modules_next_dist_client_17643121._.js:9310:55)
    at runAction (http://localhost:3000/_next/static/chunks/node_modules_next_dist_client_17643121._.js:9215:38)
    at dispatchAction (http://localhost:3000/_next/static/chunks/node_modules_next_dist_client_17643121._.js:9278:9)
    at Object.dispatch (http://localhost:3000/_next/static/chunks/node_modules_next_dist_client_17643121._.js:9308:40)
    at http://localhost:3000/_next/static/chunks/node_modules_next_dist_client_17643121._.js:1489:29
    at startTransition (http://localhost:3000/_next/static/chunks/node_modules_next_dist_compiled_react-dom_1e674e59._.js:5500:31)
    at dispatch (http://localhost:3000/_next/static/chunks/node_modules_next_dist_client_17643121._.js:1488:13)
    at dispatchAppRouterAction (http://localhost:3000/_next/static/chunks/node_modules_next_dist_client_17643121._.js:1470:5)
    at http://localhost:3000/_next/static/chunks/node_modules_next_dist_client_17643121._.js:9439:61
    at startTransition (http://localhost:3000/_next/static/chunks/node_modules_next_dist_compiled_a0e4c7b4._.js:1279:31)
    at Object.hmrRefresh (http://localhost:3000/_next/static/chunks/node_modules_next_dist_client_17643121._.js:9438:40)
    at processMessage (http://localhost:3000/_next/static/chunks/node_modules_next_dist_client_17643121._.js:11643:67)
    at WebSocket.handleMessage (http://localhost:3000/_next/static/chunks/node_modules_next_dist_client_17643121._.js:10914:52) @ http://localhost:3000/_next/static/chunks/node_modules_next_dist_f3530cac._.js:3127
[27981369ms] [ERROR] Failed to load resource: net::ERR_CONNECTION_REFUSED @ http://localhost:3000/contracts/d9258b20-b3c3-4101-ad68-f4fb6775ad6f?_rsc=1bsdz:0
[27981369ms] [ERROR] Failed to fetch RSC payload for http://localhost:3000/contracts/d9258b20-b3c3-4101-ad68-f4fb6775ad6f. Falling back to browser navigation. TypeError: Failed to fetch
    at createFetch (http://localhost:3000/_next/static/chunks/node_modules_next_dist_client_17643121._.js:2588:24)
    at fetchServerResponse (http://localhost:3000/_next/static/chunks/node_modules_next_dist_client_17643121._.js:2490:27)
    at fetchMissingDynamicData (http://localhost:3000/_next/static/chunks/node_modules_next_dist_client_17643121._.js:3654:75)
    at spawnDynamicRequests (http://localhost:3000/_next/static/chunks/node_modules_next_dist_client_17643121._.js:3501:35)
    at navigateToSeededRoute (http://localhost:3000/_next/static/chunks/node_modules_next_dist_client_17643121._.js:7741:50)
    at refreshDynamicData (http://localhost:3000/_next/static/chunks/node_modules_next_dist_client_17643121._.js:8347:58)
    at hmrRefreshReducer (http://localhost:3000/_next/static/chunks/node_modules_next_dist_client_17643121._.js:8513:51)
    at clientReducer (http://localhost:3000/_next/static/chunks/node_modules_next_dist_client_17643121._.js:9081:65)
    at Object.action (http://localhost:3000/_next/static/chunks/node_modules_next_dist_client_17643121._.js:9310:55)
    at runAction (http://localhost:3000/_next/static/chunks/node_modules_next_dist_client_17643121._.js:9215:38)
    at dispatchAction (http://localhost:3000/_next/static/chunks/node_modules_next_dist_client_17643121._.js:9278:9)
    at Object.dispatch (http://localhost:3000/_next/static/chunks/node_modules_next_dist_client_17643121._.js:9308:40)
    at http://localhost:3000/_next/static/chunks/node_modules_next_dist_client_17643121._.js:1489:29
    at startTransition (http://localhost:3000/_next/static/chunks/node_modules_next_dist_compiled_react-dom_1e674e59._.js:5500:31)
    at dispatch (http://localhost:3000/_next/static/chunks/node_modules_next_dist_client_17643121._.js:1488:13)
    at dispatchAppRouterAction (http://localhost:3000/_next/static/chunks/node_modules_next_dist_client_17643121._.js:1470:5)
    at http://localhost:3000/_next/static/chunks/node_modules_next_dist_client_17643121._.js:9439:61
    at startTransition (http://localhost:3000/_next/static/chunks/node_modules_next_dist_compiled_a0e4c7b4._.js:1279:31)
    at Object.hmrRefresh (http://localhost:3000/_next/static/chunks/node_modules_next_dist_client_17643121._.js:9438:40)
    at processMessage (http://localhost:3000/_next/static/chunks/node_modules_next_dist_client_17643121._.js:11643:67)
    at WebSocket.handleMessage (http://localhost:3000/_next/static/chunks/node_modules_next_dist_client_17643121._.js:10914:52) @ http://localhost:3000/_next/static/chunks/node_modules_next_dist_f3530cac._.js:3127
[27981369ms] [ERROR] Failed to load resource: net::ERR_CONNECTION_REFUSED @ http://localhost:3000/contracts/d9258b20-b3c3-4101-ad68-f4fb6775ad6f?_rsc=1bsdz:0
[27981369ms] [ERROR] Failed to fetch RSC payload for http://localhost:3000/contracts/d9258b20-b3c3-4101-ad68-f4fb6775ad6f. Falling back to browser navigation. TypeError: Failed to fetch
    at createFetch (http://localhost:3000/_next/static/chunks/node_modules_next_dist_client_17643121._.js:2588:24)
    at fetchServerResponse (http://localhost:3000/_next/static/chunks/node_modules_next_dist_client_17643121._.js:2490:27)
    at fetchMissingDynamicData (http://localhost:3000/_next/static/chunks/node_modules_next_dist_client_17643121._.js:3654:75)
    at spawnDynamicRequests (http://localhost:3000/_next/static/chunks/node_modules_next_dist_client_17643121._.js:3501:35)
    at navigateToSeededRoute (http://localhost:3000/_next/static/chunks/node_modules_next_dist_client_17643121._.js:7741:50)
    at refreshDynamicData (http://localhost:3000/_next/static/chunks/node_modules_next_dist_client_17643121._.js:8347:58)
    at hmrRefreshReducer (http://localhost:3000/_next/static/chunks/node_modules_next_dist_client_17643121._.js:8513:51)
    at clientReducer (http://localhost:3000/_next/static/chunks/node_modules_next_dist_client_17643121._.js:9081:65)
    at Object.action (http://localhost:3000/_next/static/chunks/node_modules_next_dist_client_17643121._.js:9310:55)
    at runAction (http://localhost:3000/_next/static/chunks/node_modules_next_dist_client_17643121._.js:9215:38)
    at dispatchAction (http://localhost:3000/_next/static/chunks/node_modules_next_dist_client_17643121._.js:9278:9)
    at Object.dispatch (http://localhost:3000/_next/static/chunks/node_modules_next_dist_client_17643121._.js:9308:40)
    at http://localhost:3000/_next/static/chunks/node_modules_next_dist_client_17643121._.js:1489:29
    at startTransition (http://localhost:3000/_next/static/chunks/node_modules_next_dist_compiled_react-dom_1e674e59._.js:5500:31)
    at dispatch (http://localhost:3000/_next/static/chunks/node_modules_next_dist_client_17643121._.js:1488:13)
    at dispatchAppRouterAction (http://localhost:3000/_next/static/chunks/node_modules_next_dist_client_17643121._.js:1470:5)
    at http://localhost:3000/_next/static/chunks/node_modules_next_dist_client_17643121._.js:9439:61
    at startTransition (http://localhost:3000/_next/static/chunks/node_modules_next_dist_compiled_a0e4c7b4._.js:1279:31)
    at Object.hmrRefresh (http://localhost:3000/_next/static/chunks/node_modules_next_dist_client_17643121._.js:9438:40)
    at processMessage (http://localhost:3000/_next/static/chunks/node_modules_next_dist_client_17643121._.js:11643:67)
    at WebSocket.handleMessage (http://localhost:3000/_next/static/chunks/node_modules_next_dist_client_17643121._.js:10914:52) @ http://localhost:3000/_next/static/chunks/node_modules_next_dist_f3530cac._.js:3127
[27981370ms] [ERROR] Failed to load resource: net::ERR_CONNECTION_REFUSED @ http://localhost:3000/contracts/d9258b20-b3c3-4101-ad68-f4fb6775ad6f?_rsc=1bsdz:0
[27981370ms] [ERROR] Failed to fetch RSC payload for http://localhost:3000/contracts/d9258b20-b3c3-4101-ad68-f4fb6775ad6f. Falling back to browser navigation. TypeError: Failed to fetch
    at createFetch (http://localhost:3000/_next/static/chunks/node_modules_next_dist_client_17643121._.js:2588:24)
    at fetchServerResponse (http://localhost:3000/_next/static/chunks/node_modules_next_dist_client_17643121._.js:2490:27)
    at fetchMissingDynamicData (http://localhost:3000/_next/static/chunks/node_modules_next_dist_client_17643121._.js:3654:75)
    at spawnDynamicRequests (http://localhost:3000/_next/static/chunks/node_modules_next_dist_client_17643121._.js:3501:35)
    at navigateToSeededRoute (http://localhost:3000/_next/static/chunks/node_modules_next_dist_client_17643121._.js:7741:50)
    at refreshDynamicData (http://localhost:3000/_next/static/chunks/node_modules_next_dist_client_17643121._.js:8347:58)
    at hmrRefreshReducer (http://localhost:3000/_next/static/chunks/node_modules_next_dist_client_17643121._.js:8513:51)
    at clientReducer (http://localhost:3000/_next/static/chunks/node_modules_next_dist_client_17643121._.js:9081:65)
    at Object.action (http://localhost:3000/_next/static/chunks/node_modules_next_dist_client_17643121._.js:9310:55)
    at runAction (http://localhost:3000/_next/static/chunks/node_modules_next_dist_client_17643121._.js:9215:38)
    at dispatchAction (http://localhost:3000/_next/static/chunks/node_modules_next_dist_client_17643121._.js:9278:9)
    at Object.dispatch (http://localhost:3000/_next/static/chunks/node_modules_next_dist_client_17643121._.js:9308:40)
    at http://localhost:3000/_next/static/chunks/node_modules_next_dist_client_17643121._.js:1489:29
    at startTransition (http://localhost:3000/_next/static/chunks/node_modules_next_dist_compiled_react-dom_1e674e59._.js:5500:31)
    at dispatch (http://localhost:3000/_next/static/chunks/node_modules_next_dist_client_17643121._.js:1488:13)
    at dispatchAppRouterAction (http://localhost:3000/_next/static/chunks/node_modules_next_dist_client_17643121._.js:1470:5)
    at http://localhost:3000/_next/static/chunks/node_modules_next_dist_client_17643121._.js:9439:61
    at startTransition (http://localhost:3000/_next/static/chunks/node_modules_next_dist_compiled_a0e4c7b4._.js:1279:31)
    at Object.hmrRefresh (http://localhost:3000/_next/static/chunks/node_modules_next_dist_client_17643121._.js:9438:40)
    at processMessage (http://localhost:3000/_next/static/chunks/node_modules_next_dist_client_17643121._.js:11643:67)
    at WebSocket.handleMessage (http://localhost:3000/_next/static/chunks/node_modules_next_dist_client_17643121._.js:10914:52) @ http://localhost:3000/_next/static/chunks/node_modules_next_dist_f3530cac._.js:3127
[27981371ms] [ERROR] Failed to load resource: net::ERR_CONNECTION_REFUSED @ http://localhost:3000/contracts/d9258b20-b3c3-4101-ad68-f4fb6775ad6f?_rsc=1bsdz:0
[27981371ms] [ERROR] Failed to fetch RSC payload for http://localhost:3000/contracts/d9258b20-b3c3-4101-ad68-f4fb6775ad6f. Falling back to browser navigation. TypeError: Failed to fetch
    at createFetch (http://localhost:3000/_next/static/chunks/node_modules_next_dist_client_17643121._.js:2588:24)
    at fetchServerResponse (http://localhost:3000/_next/static/chunks/node_modules_next_dist_client_17643121._.js:2490:27)
    at fetchMissingDynamicData (http://localhost:3000/_next/static/chunks/node_modules_next_dist_client_17643121._.js:3654:75)
    at spawnDynamicRequests (http://localhost:3000/_next/static/chunks/node_modules_next_dist_client_17643121._.js:3501:35)
    at navigateToSeededRoute (http://localhost:3000/_next/static/chunks/node_modules_next_dist_client_17643121._.js:7741:50)
    at refreshDynamicData (http://localhost:3000/_next/static/chunks/node_modules_next_dist_client_17643121._.js:8347:58)
    at hmrRefreshReducer (http://localhost:3000/_next/static/chunks/node_modules_next_dist_client_17643121._.js:8513:51)
    at clientReducer (http://localhost:3000/_next/static/chunks/node_modules_next_dist_client_17643121._.js:9081:65)
    at Object.action (http://localhost:3000/_next/static/chunks/node_modules_next_dist_client_17643121._.js:9310:55)
    at runAction (http://localhost:3000/_next/static/chunks/node_modules_next_dist_client_17643121._.js:9215:38)
    at dispatchAction (http://localhost:3000/_next/static/chunks/node_modules_next_dist_client_17643121._.js:9278:9)
    at Object.dispatch (http://localhost:3000/_next/static/chunks/node_modules_next_dist_client_17643121._.js:9308:40)
    at http://localhost:3000/_next/static/chunks/node_modules_next_dist_client_17643121._.js:1489:29
    at startTransition (http://localhost:3000/_next/static/chunks/node_modules_next_dist_compiled_react-dom_1e674e59._.js:5500:31)
    at dispatch (http://localhost:3000/_next/static/chunks/node_modules_next_dist_client_17643121._.js:1488:13)
    at dispatchAppRouterAction (http://localhost:3000/_next/static/chunks/node_modules_next_dist_client_17643121._.js:1470:5)
    at http://localhost:3000/_next/static/chunks/node_modules_next_dist_client_17643121._.js:9439:61
    at startTransition (http://localhost:3000/_next/static/chunks/node_modules_next_dist_compiled_a0e4c7b4._.js:1279:31)
    at Object.hmrRefresh (http://localhost:3000/_next/static/chunks/node_modules_next_dist_client_17643121._.js:9438:40)
    at processMessage (http://localhost:3000/_next/static/chunks/node_modules_next_dist_client_17643121._.js:11643:67)
    at WebSocket.handleMessage (http://localhost:3000/_next/static/chunks/node_modules_next_dist_client_17643121._.js:10914:52) @ http://localhost:3000/_next/static/chunks/node_modules_next_dist_f3530cac._.js:3127
[27981372ms] [ERROR] Failed to load resource: net::ERR_CONNECTION_REFUSED @ http://localhost:3000/contracts/d9258b20-b3c3-4101-ad68-f4fb6775ad6f?_rsc=1bsdz:0
[27981372ms] [ERROR] Failed to fetch RSC payload for http://localhost:3000/contracts/d9258b20-b3c3-4101-ad68-f4fb6775ad6f. Falling back to browser navigation. TypeError: Failed to fetch
    at createFetch (http://localhost:3000/_next/static/chunks/node_modules_next_dist_client_17643121._.js:2588:24)
    at fetchServerResponse (http://localhost:3000/_next/static/chunks/node_modules_next_dist_client_17643121._.js:2490:27)
    at fetchMissingDynamicData (http://localhost:3000/_next/static/chunks/node_modules_next_dist_client_17643121._.js:3654:75)
    at spawnDynamicRequests (http://localhost:3000/_next/static/chunks/node_modules_next_dist_client_17643121._.js:3501:35)
    at navigateToSeededRoute (http://localhost:3000/_next/static/chunks/node_modules_next_dist_client_17643121._.js:7741:50)
    at refreshDynamicData (http://localhost:3000/_next/static/chunks/node_modules_next_dist_client_17643121._.js:8347:58)
    at hmrRefreshReducer (http://localhost:3000/_next/static/chunks/node_modules_next_dist_client_17643121._.js:8513:51)
    at clientReducer (http://localhost:3000/_next/static/chunks/node_modules_next_dist_client_17643121._.js:9081:65)
    at Object.action (http://localhost:3000/_next/static/chunks/node_modules_next_dist_client_17643121._.js:9310:55)
    at runAction (http://localhost:3000/_next/static/chunks/node_modules_next_dist_client_17643121._.js:9215:38)
    at dispatchAction (http://localhost:3000/_next/static/chunks/node_modules_next_dist_client_17643121._.js:9278:9)
    at Object.dispatch (http://localhost:3000/_next/static/chunks/node_modules_next_dist_client_17643121._.js:9308:40)
    at http://localhost:3000/_next/static/chunks/node_modules_next_dist_client_17643121._.js:1489:29
    at startTransition (http://localhost:3000/_next/static/chunks/node_modules_next_dist_compiled_react-dom_1e674e59._.js:5500:31)
    at dispatch (http://localhost:3000/_next/static/chunks/node_modules_next_dist_client_17643121._.js:1488:13)
    at dispatchAppRouterAction (http://localhost:3000/_next/static/chunks/node_modules_next_dist_client_17643121._.js:1470:5)
    at http://localhost:3000/_next/static/chunks/node_modules_next_dist_client_17643121._.js:9439:61
    at startTransition (http://localhost:3000/_next/static/chunks/node_modules_next_dist_compiled_a0e4c7b4._.js:1279:31)
    at Object.hmrRefresh (http://localhost:3000/_next/static/chunks/node_modules_next_dist_client_17643121._.js:9438:40)
    at processMessage (http://localhost:3000/_next/static/chunks/node_modules_next_dist_client_17643121._.js:11643:67)
    at WebSocket.handleMessage (http://localhost:3000/_next/static/chunks/node_modules_next_dist_client_17643121._.js:10914:52) @ http://localhost:3000/_next/static/chunks/node_modules_next_dist_f3530cac._.js:3127
[27981372ms] [ERROR] Failed to load resource: net::ERR_CONNECTION_REFUSED @ http://localhost:3000/contracts/d9258b20-b3c3-4101-ad68-f4fb6775ad6f?_rsc=1bsdz:0
[27981372ms] [ERROR] Failed to fetch RSC payload for http://localhost:3000/contracts/d9258b20-b3c3-4101-ad68-f4fb6775ad6f. Falling back to browser navigation. TypeError: Failed to fetch
    at createFetch (http://localhost:3000/_next/static/chunks/node_modules_next_dist_client_17643121._.js:2588:24)
    at fetchServerResponse (http://localhost:3000/_next/static/chunks/node_modules_next_dist_client_17643121._.js:2490:27)
    at fetchMissingDynamicData (http://localhost:3000/_next/static/chunks/node_modules_next_dist_client_17643121._.js:3654:75)
    at spawnDynamicRequests (http://localhost:3000/_next/static/chunks/node_modules_next_dist_client_17643121._.js:3501:35)
    at navigateToSeededRoute (http://localhost:3000/_next/static/chunks/node_modules_next_dist_client_17643121._.js:7741:50)
    at refreshDynamicData (http://localhost:3000/_next/static/chunks/node_modules_next_dist_client_17643121._.js:8347:58)
    at hmrRefreshReducer (http://localhost:3000/_next/static/chunks/node_modules_next_dist_client_17643121._.js:8513:51)
    at clientReducer (http://localhost:3000/_next/static/chunks/node_modules_next_dist_client_17643121._.js:9081:65)
    at Object.action (http://localhost:3000/_next/static/chunks/node_modules_next_dist_client_17643121._.js:9310:55)
    at runAction (http://localhost:3000/_next/static/chunks/node_modules_next_dist_client_17643121._.js:9215:38)
    at dispatchAction (http://localhost:3000/_next/static/chunks/node_modules_next_dist_client_17643121._.js:9278:9)
    at Object.dispatch (http://localhost:3000/_next/static/chunks/node_modules_next_dist_client_17643121._.js:9308:40)
    at http://localhost:3000/_next/static/chunks/node_modules_next_dist_client_17643121._.js:1489:29
    at startTransition (http://localhost:3000/_next/static/chunks/node_modules_next_dist_compiled_react-dom_1e674e59._.js:5500:31)
    at dispatch (http://localhost:3000/_next/static/chunks/node_modules_next_dist_client_17643121._.js:1488:13)
    at dispatchAppRouterAction (http://localhost:3000/_next/static/chunks/node_modules_next_dist_client_17643121._.js:1470:5)
    at http://localhost:3000/_next/static/chunks/node_modules_next_dist_client_17643121._.js:9439:61
    at startTransition (http://localhost:3000/_next/static/chunks/node_modules_next_dist_compiled_a0e4c7b4._.js:1279:31)
    at Object.hmrRefresh (http://localhost:3000/_next/static/chunks/node_modules_next_dist_client_17643121._.js:9438:40)
    at processMessage (http://localhost:3000/_next/static/chunks/node_modules_next_dist_client_17643121._.js:11643:67)
    at WebSocket.handleMessage (http://localhost:3000/_next/static/chunks/node_modules_next_dist_client_17643121._.js:10914:52) @ http://localhost:3000/_next/static/chunks/node_modules_next_dist_f3530cac._.js:3127
[27981372ms] [ERROR] Failed to load resource: net::ERR_CONNECTION_REFUSED @ http://localhost:3000/contracts/d9258b20-b3c3-4101-ad68-f4fb6775ad6f?_rsc=1bsdz:0
[27981372ms] [ERROR] Failed to fetch RSC payload for http://localhost:3000/contracts/d9258b20-b3c3-4101-ad68-f4fb6775ad6f. Falling back to browser navigation. TypeError: Failed to fetch
    at createFetch (http://localhost:3000/_next/static/chunks/node_modules_next_dist_client_17643121._.js:2588:24)
    at fetchServerResponse (http://localhost:3000/_next/static/chunks/node_modules_next_dist_client_17643121._.js:2490:27)
    at fetchMissingDynamicData (http://localhost:3000/_next/static/chunks/node_modules_next_dist_client_17643121._.js:3654:75)
    at spawnDynamicRequests (http://localhost:3000/_next/static/chunks/node_modules_next_dist_client_17643121._.js:3501:35)
    at navigateToSeededRoute (http://localhost:3000/_next/static/chunks/node_modules_next_dist_client_17643121._.js:7741:50)
    at refreshDynamicData (http://localhost:3000/_next/static/chunks/node_modules_next_dist_client_17643121._.js:8347:58)
    at hmrRefreshReducer (http://localhost:3000/_next/static/chunks/node_modules_next_dist_client_17643121._.js:8513:51)
    at clientReducer (http://localhost:3000/_next/static/chunks/node_modules_next_dist_client_17643121._.js:9081:65)
    at Object.action (http://localhost:3000/_next/static/chunks/node_modules_next_dist_client_17643121._.js:9310:55)
    at runAction (http://localhost:3000/_next/static/chunks/node_modules_next_dist_client_17643121._.js:9215:38)
    at dispatchAction (http://localhost:3000/_next/static/chunks/node_modules_next_dist_client_17643121._.js:9278:9)
    at Object.dispatch (http://localhost:3000/_next/static/chunks/node_modules_next_dist_client_17643121._.js:9308:40)
    at http://localhost:3000/_next/static/chunks/node_modules_next_dist_client_17643121._.js:1489:29
    at startTransition (http://localhost:3000/_next/static/chunks/node_modules_next_dist_compiled_react-dom_1e674e59._.js:5500:31)
    at dispatch (http://localhost:3000/_next/static/chunks/node_modules_next_dist_client_17643121._.js:1488:13)
    at dispatchAppRouterAction (http://localhost:3000/_next/static/chunks/node_modules_next_dist_client_17643121._.js:1470:5)
    at http://localhost:3000/_next/static/chunks/node_modules_next_dist_client_17643121._.js:9439:61
    at startTransition (http://localhost:3000/_next/static/chunks/node_modules_next_dist_compiled_a0e4c7b4._.js:1279:31)
    at Object.hmrRefresh (http://localhost:3000/_next/static/chunks/node_modules_next_dist_client_17643121._.js:9438:40)
    at processMessage (http://localhost:3000/_next/static/chunks/node_modules_next_dist_client_17643121._.js:11643:67)
    at WebSocket.handleMessage (http://localhost:3000/_next/static/chunks/node_modules_next_dist_client_17643121._.js:10914:52) @ http://localhost:3000/_next/static/chunks/node_modules_next_dist_f3530cac._.js:3127
[27981373ms] [ERROR] Failed to load resource: net::ERR_CONNECTION_REFUSED @ http://localhost:3000/contracts/d9258b20-b3c3-4101-ad68-f4fb6775ad6f?_rsc=1bsdz:0
[27981373ms] [ERROR] Failed to fetch RSC payload for http://localhost:3000/contracts/d9258b20-b3c3-4101-ad68-f4fb6775ad6f. Falling back to browser navigation. TypeError: Failed to fetch
    at createFetch (http://localhost:3000/_next/static/chunks/node_modules_next_dist_client_17643121._.js:2588:24)
    at fetchServerResponse (http://localhost:3000/_next/static/chunks/node_modules_next_dist_client_17643121._.js:2490:27)
    at fetchMissingDynamicData (http://localhost:3000/_next/static/chunks/node_modules_next_dist_client_17643121._.js:3654:75)
    at spawnDynamicRequests (http://localhost:3000/_next/static/chunks/node_modules_next_dist_client_17643121._.js:3501:35)
    at navigateToSeededRoute (http://localhost:3000/_next/static/chunks/node_modules_next_dist_client_17643121._.js:7741:50)
    at refreshDynamicData (http://localhost:3000/_next/static/chunks/node_modules_next_dist_client_17643121._.js:8347:58)
    at hmrRefreshReducer (http://localhost:3000/_next/static/chunks/node_modules_next_dist_client_17643121._.js:8513:51)
    at clientReducer (http://localhost:3000/_next/static/chunks/node_modules_next_dist_client_17643121._.js:9081:65)
    at Object.action (http://localhost:3000/_next/static/chunks/node_modules_next_dist_client_17643121._.js:9310:55)
    at runAction (http://localhost:3000/_next/static/chunks/node_modules_next_dist_client_17643121._.js:9215:38)
    at dispatchAction (http://localhost:3000/_next/static/chunks/node_modules_next_dist_client_17643121._.js:9278:9)
    at Object.dispatch (http://localhost:3000/_next/static/chunks/node_modules_next_dist_client_17643121._.js:9308:40)
    at http://localhost:3000/_next/static/chunks/node_modules_next_dist_client_17643121._.js:1489:29
    at startTransition (http://localhost:3000/_next/static/chunks/node_modules_next_dist_compiled_react-dom_1e674e59._.js:5500:31)
    at dispatch (http://localhost:3000/_next/static/chunks/node_modules_next_dist_client_17643121._.js:1488:13)
    at dispatchAppRouterAction (http://localhost:3000/_next/static/chunks/node_modules_next_dist_client_17643121._.js:1470:5)
    at http://localhost:3000/_next/static/chunks/node_modules_next_dist_client_17643121._.js:9439:61
    at startTransition (http://localhost:3000/_next/static/chunks/node_modules_next_dist_compiled_a0e4c7b4._.js:1279:31)
    at Object.hmrRefresh (http://localhost:3000/_next/static/chunks/node_modules_next_dist_client_17643121._.js:9438:40)
    at processMessage (http://localhost:3000/_next/static/chunks/node_modules_next_dist_client_17643121._.js:11643:67)
    at WebSocket.handleMessage (http://localhost:3000/_next/static/chunks/node_modules_next_dist_client_17643121._.js:10914:52) @ http://localhost:3000/_next/static/chunks/node_modules_next_dist_f3530cac._.js:3127
[27981373ms] [ERROR] Failed to load resource: net::ERR_CONNECTION_REFUSED @ http://localhost:3000/contracts/d9258b20-b3c3-4101-ad68-f4fb6775ad6f?_rsc=1bsdz:0
[27981373ms] [ERROR] Failed to fetch RSC payload for http://localhost:3000/contracts/d9258b20-b3c3-4101-ad68-f4fb6775ad6f. Falling back to browser navigation. TypeError: Failed to fetch
    at createFetch (http://localhost:3000/_next/static/chunks/node_modules_next_dist_client_17643121._.js:2588:24)
    at fetchServerResponse (http://localhost:3000/_next/static/chunks/node_modules_next_dist_client_17643121._.js:2490:27)
    at fetchMissingDynamicData (http://localhost:3000/_next/static/chunks/node_modules_next_dist_client_17643121._.js:3654:75)
    at spawnDynamicRequests (http://localhost:3000/_next/static/chunks/node_modules_next_dist_client_17643121._.js:3501:35)
    at navigateToSeededRoute (http://localhost:3000/_next/static/chunks/node_modules_next_dist_client_17643121._.js:7741:50)
    at refreshDynamicData (http://localhost:3000/_next/static/chunks/node_modules_next_dist_client_17643121._.js:8347:58)
    at hmrRefreshReducer (http://localhost:3000/_next/static/chunks/node_modules_next_dist_client_17643121._.js:8513:51)
    at clientReducer (http://localhost:3000/_next/static/chunks/node_modules_next_dist_client_17643121._.js:9081:65)
    at Object.action (http://localhost:3000/_next/static/chunks/node_modules_next_dist_client_17643121._.js:9310:55)
    at runAction (http://localhost:3000/_next/static/chunks/node_modules_next_dist_client_17643121._.js:9215:38)
    at dispatchAction (http://localhost:3000/_next/static/chunks/node_modules_next_dist_client_17643121._.js:9278:9)
    at Object.dispatch (http://localhost:3000/_next/static/chunks/node_modules_next_dist_client_17643121._.js:9308:40)
    at http://localhost:3000/_next/static/chunks/node_modules_next_dist_client_17643121._.js:1489:29
    at startTransition (http://localhost:3000/_next/static/chunks/node_modules_next_dist_compiled_react-dom_1e674e59._.js:5500:31)
    at dispatch (http://localhost:3000/_next/static/chunks/node_modules_next_dist_client_17643121._.js:1488:13)
    at dispatchAppRouterAction (http://localhost:3000/_next/static/chunks/node_modules_next_dist_client_17643121._.js:1470:5)
    at http://localhost:3000/_next/static/chunks/node_modules_next_dist_client_17643121._.js:9439:61
    at startTransition (http://localhost:3000/_next/static/chunks/node_modules_next_dist_compiled_a0e4c7b4._.js:1279:31)
    at Object.hmrRefresh (http://localhost:3000/_next/static/chunks/node_modules_next_dist_client_17643121._.js:9438:40)
    at processMessage (http://localhost:3000/_next/static/chunks/node_modules_next_dist_client_17643121._.js:11643:67)
    at WebSocket.handleMessage (http://localhost:3000/_next/static/chunks/node_modules_next_dist_client_17643121._.js:10914:52) @ http://localhost:3000/_next/static/chunks/node_modules_next_dist_f3530cac._.js:3127
[27981373ms] [ERROR] Failed to load resource: net::ERR_CONNECTION_REFUSED @ http://localhost:3000/contracts/d9258b20-b3c3-4101-ad68-f4fb6775ad6f?_rsc=1bsdz:0
[27981373ms] [ERROR] Failed to fetch RSC payload for http://localhost:3000/contracts/d9258b20-b3c3-4101-ad68-f4fb6775ad6f. Falling back to browser navigation. TypeError: Failed to fetch
    at createFetch (http://localhost:3000/_next/static/chunks/node_modules_next_dist_client_17643121._.js:2588:24)
    at fetchServerResponse (http://localhost:3000/_next/static/chunks/node_modules_next_dist_client_17643121._.js:2490:27)
    at fetchMissingDynamicData (http://localhost:3000/_next/static/chunks/node_modules_next_dist_client_17643121._.js:3654:75)
    at spawnDynamicRequests (http://localhost:3000/_next/static/chunks/node_modules_next_dist_client_17643121._.js:3501:35)
    at navigateToSeededRoute (http://localhost:3000/_next/static/chunks/node_modules_next_dist_client_17643121._.js:7741:50)
    at refreshDynamicData (http://localhost:3000/_next/static/chunks/node_modules_next_dist_client_17643121._.js:8347:58)
    at hmrRefreshReducer (http://localhost:3000/_next/static/chunks/node_modules_next_dist_client_17643121._.js:8513:51)
    at clientReducer (http://localhost:3000/_next/static/chunks/node_modules_next_dist_client_17643121._.js:9081:65)
    at Object.action (http://localhost:3000/_next/static/chunks/node_modules_next_dist_client_17643121._.js:9310:55)
    at runAction (http://localhost:3000/_next/static/chunks/node_modules_next_dist_client_17643121._.js:9215:38)
    at dispatchAction (http://localhost:3000/_next/static/chunks/node_modules_next_dist_client_17643121._.js:9278:9)
    at Object.dispatch (http://localhost:3000/_next/static/chunks/node_modules_next_dist_client_17643121._.js:9308:40)
    at http://localhost:3000/_next/static/chunks/node_modules_next_dist_client_17643121._.js:1489:29
    at startTransition (http://localhost:3000/_next/static/chunks/node_modules_next_dist_compiled_react-dom_1e674e59._.js:5500:31)
    at dispatch (http://localhost:3000/_next/static/chunks/node_modules_next_dist_client_17643121._.js:1488:13)
    at dispatchAppRouterAction (http://localhost:3000/_next/static/chunks/node_modules_next_dist_client_17643121._.js:1470:5)
    at http://localhost:3000/_next/static/chunks/node_modules_next_dist_client_17643121._.js:9439:61
    at startTransition (http://localhost:3000/_next/static/chunks/node_modules_next_dist_compiled_a0e4c7b4._.js:1279:31)
    at Object.hmrRefresh (http://localhost:3000/_next/static/chunks/node_modules_next_dist_client_17643121._.js:9438:40)
    at processMessage (http://localhost:3000/_next/static/chunks/node_modules_next_dist_client_17643121._.js:11643:67)
    at WebSocket.handleMessage (http://localhost:3000/_next/static/chunks/node_modules_next_dist_client_17643121._.js:10914:52) @ http://localhost:3000/_next/static/chunks/node_modules_next_dist_f3530cac._.js:3127
[27981374ms] [ERROR] Failed to load resource: net::ERR_CONNECTION_REFUSED @ http://localhost:3000/contracts/d9258b20-b3c3-4101-ad68-f4fb6775ad6f?_rsc=1bsdz:0
[27981374ms] [ERROR] Failed to fetch RSC payload for http://localhost:3000/contracts/d9258b20-b3c3-4101-ad68-f4fb6775ad6f. Falling back to browser navigation. TypeError: Failed to fetch
    at createFetch (http://localhost:3000/_next/static/chunks/node_modules_next_dist_client_17643121._.js:2588:24)
    at fetchServerResponse (http://localhost:3000/_next/static/chunks/node_modules_next_dist_client_17643121._.js:2490:27)
    at fetchMissingDynamicData (http://localhost:3000/_next/static/chunks/node_modules_next_dist_client_17643121._.js:3654:75)
    at spawnDynamicRequests (http://localhost:3000/_next/static/chunks/node_modules_next_dist_client_17643121._.js:3501:35)
    at navigateToSeededRoute (http://localhost:3000/_next/static/chunks/node_modules_next_dist_client_17643121._.js:7741:50)
    at refreshDynamicData (http://localhost:3000/_next/static/chunks/node_modules_next_dist_client_17643121._.js:8347:58)
    at hmrRefreshReducer (http://localhost:3000/_next/static/chunks/node_modules_next_dist_client_17643121._.js:8513:51)
    at clientReducer (http://localhost:3000/_next/static/chunks/node_modules_next_dist_client_17643121._.js:9081:65)
    at Object.action (http://localhost:3000/_next/static/chunks/node_modules_next_dist_client_17643121._.js:9310:55)
    at runAction (http://localhost:3000/_next/static/chunks/node_modules_next_dist_client_17643121._.js:9215:38)
    at dispatchAction (http://localhost:3000/_next/static/chunks/node_modules_next_dist_client_17643121._.js:9278:9)
    at Object.dispatch (http://localhost:3000/_next/static/chunks/node_modules_next_dist_client_17643121._.js:9308:40)
    at http://localhost:3000/_next/static/chunks/node_modules_next_dist_client_17643121._.js:1489:29
    at startTransition (http://localhost:3000/_next/static/chunks/node_modules_next_dist_compiled_react-dom_1e674e59._.js:5500:31)
    at dispatch (http://localhost:3000/_next/static/chunks/node_modules_next_dist_client_17643121._.js:1488:13)
    at dispatchAppRouterAction (http://localhost:3000/_next/static/chunks/node_modules_next_dist_client_17643121._.js:1470:5)
    at http://localhost:3000/_next/static/chunks/node_modules_next_dist_client_17643121._.js:9439:61
    at startTransition (http://localhost:3000/_next/static/chunks/node_modules_next_dist_compiled_a0e4c7b4._.js:1279:31)
    at Object.hmrRefresh (http://localhost:3000/_next/static/chunks/node_modules_next_dist_client_17643121._.js:9438:40)
    at processMessage (http://localhost:3000/_next/static/chunks/node_modules_next_dist_client_17643121._.js:11643:67)
    at WebSocket.handleMessage (http://localhost:3000/_next/static/chunks/node_modules_next_dist_client_17643121._.js:10914:52) @ http://localhost:3000/_next/static/chunks/node_modules_next_dist_f3530cac._.js:3127
[27981374ms] [ERROR] Failed to load resource: net::ERR_CONNECTION_REFUSED @ http://localhost:3000/contracts/d9258b20-b3c3-4101-ad68-f4fb6775ad6f?_rsc=1bsdz:0
[27981374ms] [ERROR] Failed to fetch RSC payload for http://localhost:3000/contracts/d9258b20-b3c3-4101-ad68-f4fb6775ad6f. Falling back to browser navigation. TypeError: Failed to fetch
    at createFetch (http://localhost:3000/_next/static/chunks/node_modules_next_dist_client_17643121._.js:2588:24)
    at fetchServerResponse (http://localhost:3000/_next/static/chunks/node_modules_next_dist_client_17643121._.js:2490:27)
    at fetchMissingDynamicData (http://localhost:3000/_next/static/chunks/node_modules_next_dist_client_17643121._.js:3654:75)
    at spawnDynamicRequests (http://localhost:3000/_next/static/chunks/node_modules_next_dist_client_17643121._.js:3501:35)
    at navigateToSeededRoute (http://localhost:3000/_next/static/chunks/node_modules_next_dist_client_17643121._.js:7741:50)
    at refreshDynamicData (http://localhost:3000/_next/static/chunks/node_modules_next_dist_client_17643121._.js:8347:58)
    at hmrRefreshReducer (http://localhost:3000/_next/static/chunks/node_modules_next_dist_client_17643121._.js:8513:51)
    at clientReducer (http://localhost:3000/_next/static/chunks/node_modules_next_dist_client_17643121._.js:9081:65)
    at Object.action (http://localhost:3000/_next/static/chunks/node_modules_next_dist_client_17643121._.js:9310:55)
    at runAction (http://localhost:3000/_next/static/chunks/node_modules_next_dist_client_17643121._.js:9215:38)
    at dispatchAction (http://localhost:3000/_next/static/chunks/node_modules_next_dist_client_17643121._.js:9278:9)
    at Object.dispatch (http://localhost:3000/_next/static/chunks/node_modules_next_dist_client_17643121._.js:9308:40)
    at http://localhost:3000/_next/static/chunks/node_modules_next_dist_client_17643121._.js:1489:29
    at startTransition (http://localhost:3000/_next/static/chunks/node_modules_next_dist_compiled_react-dom_1e674e59._.js:5500:31)
    at dispatch (http://localhost:3000/_next/static/chunks/node_modules_next_dist_client_17643121._.js:1488:13)
    at dispatchAppRouterAction (http://localhost:3000/_next/static/chunks/node_modules_next_dist_client_17643121._.js:1470:5)
    at http://localhost:3000/_next/static/chunks/node_modules_next_dist_client_17643121._.js:9439:61
    at startTransition (http://localhost:3000/_next/static/chunks/node_modules_next_dist_compiled_a0e4c7b4._.js:1279:31)
    at Object.hmrRefresh (http://localhost:3000/_next/static/chunks/node_modules_next_dist_client_17643121._.js:9438:40)
    at processMessage (http://localhost:3000/_next/static/chunks/node_modules_next_dist_client_17643121._.js:11643:67)
    at WebSocket.handleMessage (http://localhost:3000/_next/static/chunks/node_modules_next_dist_client_17643121._.js:10914:52) @ http://localhost:3000/_next/static/chunks/node_modules_next_dist_f3530cac._.js:3127
[27981374ms] [ERROR] Failed to load resource: net::ERR_CONNECTION_REFUSED @ http://localhost:3000/contracts/d9258b20-b3c3-4101-ad68-f4fb6775ad6f?_rsc=1bsdz:0
[27981374ms] [ERROR] Failed to fetch RSC payload for http://localhost:3000/contracts/d9258b20-b3c3-4101-ad68-f4fb6775ad6f. Falling back to browser navigation. TypeError: Failed to fetch
    at createFetch (http://localhost:3000/_next/static/chunks/node_modules_next_dist_client_17643121._.js:2588:24)
    at fetchServerResponse (http://localhost:3000/_next/static/chunks/node_modules_next_dist_client_17643121._.js:2490:27)
    at fetchMissingDynamicData (http://localhost:3000/_next/static/chunks/node_modules_next_dist_client_17643121._.js:3654:75)
    at spawnDynamicRequests (http://localhost:3000/_next/static/chunks/node_modules_next_dist_client_17643121._.js:3501:35)
    at navigateToSeededRoute (http://localhost:3000/_next/static/chunks/node_modules_next_dist_client_17643121._.js:7741:50)
    at refreshDynamicData (http://localhost:3000/_next/static/chunks/node_modules_next_dist_client_17643121._.js:8347:58)
    at hmrRefreshReducer (http://localhost:3000/_next/static/chunks/node_modules_next_dist_client_17643121._.js:8513:51)
    at clientReducer (http://localhost:3000/_next/static/chunks/node_modules_next_dist_client_17643121._.js:9081:65)
    at Object.action (http://localhost:3000/_next/static/chunks/node_modules_next_dist_client_17643121._.js:9310:55)
    at runAction (http://localhost:3000/_next/static/chunks/node_modules_next_dist_client_17643121._.js:9215:38)
    at dispatchAction (http://localhost:3000/_next/static/chunks/node_modules_next_dist_client_17643121._.js:9278:9)
    at Object.dispatch (http://localhost:3000/_next/static/chunks/node_modules_next_dist_client_17643121._.js:9308:40)
    at http://localhost:3000/_next/static/chunks/node_modules_next_dist_client_17643121._.js:1489:29
    at startTransition (http://localhost:3000/_next/static/chunks/node_modules_next_dist_compiled_react-dom_1e674e59._.js:5500:31)
    at dispatch (http://localhost:3000/_next/static/chunks/node_modules_next_dist_client_17643121._.js:1488:13)
    at dispatchAppRouterAction (http://localhost:3000/_next/static/chunks/node_modules_next_dist_client_17643121._.js:1470:5)
    at http://localhost:3000/_next/static/chunks/node_modules_next_dist_client_17643121._.js:9439:61
    at startTransition (http://localhost:3000/_next/static/chunks/node_modules_next_dist_compiled_a0e4c7b4._.js:1279:31)
    at Object.hmrRefresh (http://localhost:3000/_next/static/chunks/node_modules_next_dist_client_17643121._.js:9438:40)
    at processMessage (http://localhost:3000/_next/static/chunks/node_modules_next_dist_client_17643121._.js:11643:67)
    at WebSocket.handleMessage (http://localhost:3000/_next/static/chunks/node_modules_next_dist_client_17643121._.js:10914:52) @ http://localhost:3000/_next/static/chunks/node_modules_next_dist_f3530cac._.js:3127
[27981375ms] [ERROR] Failed to load resource: net::ERR_CONNECTION_REFUSED @ http://localhost:3000/contracts/d9258b20-b3c3-4101-ad68-f4fb6775ad6f?_rsc=1bsdz:0
[27981375ms] [ERROR] Failed to fetch RSC payload for http://localhost:3000/contracts/d9258b20-b3c3-4101-ad68-f4fb6775ad6f. Falling back to browser navigation. TypeError: Failed to fetch
    at createFetch (http://localhost:3000/_next/static/chunks/node_modules_next_dist_client_17643121._.js:2588:24)
    at fetchServerResponse (http://localhost:3000/_next/static/chunks/node_modules_next_dist_client_17643121._.js:2490:27)
    at fetchMissingDynamicData (http://localhost:3000/_next/static/chunks/node_modules_next_dist_client_17643121._.js:3654:75)
    at spawnDynamicRequests (http://localhost:3000/_next/static/chunks/node_modules_next_dist_client_17643121._.js:3501:35)
    at navigateToSeededRoute (http://localhost:3000/_next/static/chunks/node_modules_next_dist_client_17643121._.js:7741:50)
    at refreshDynamicData (http://localhost:3000/_next/static/chunks/node_modules_next_dist_client_17643121._.js:8347:58)
    at hmrRefreshReducer (http://localhost:3000/_next/static/chunks/node_modules_next_dist_client_17643121._.js:8513:51)
    at clientReducer (http://localhost:3000/_next/static/chunks/node_modules_next_dist_client_17643121._.js:9081:65)
    at Object.action (http://localhost:3000/_next/static/chunks/node_modules_next_dist_client_17643121._.js:9310:55)
    at runAction (http://localhost:3000/_next/static/chunks/node_modules_next_dist_client_17643121._.js:9215:38)
    at dispatchAction (http://localhost:3000/_next/static/chunks/node_modules_next_dist_client_17643121._.js:9278:9)
    at Object.dispatch (http://localhost:3000/_next/static/chunks/node_modules_next_dist_client_17643121._.js:9308:40)
    at http://localhost:3000/_next/static/chunks/node_modules_next_dist_client_17643121._.js:1489:29
    at startTransition (http://localhost:3000/_next/static/chunks/node_modules_next_dist_compiled_react-dom_1e674e59._.js:5500:31)
    at dispatch (http://localhost:3000/_next/static/chunks/node_modules_next_dist_client_17643121._.js:1488:13)
    at dispatchAppRouterAction (http://localhost:3000/_next/static/chunks/node_modules_next_dist_client_17643121._.js:1470:5)
    at http://localhost:3000/_next/static/chunks/node_modules_next_dist_client_17643121._.js:9439:61
    at startTransition (http://localhost:3000/_next/static/chunks/node_modules_next_dist_compiled_a0e4c7b4._.js:1279:31)
    at Object.hmrRefresh (http://localhost:3000/_next/static/chunks/node_modules_next_dist_client_17643121._.js:9438:40)
    at processMessage (http://localhost:3000/_next/static/chunks/node_modules_next_dist_client_17643121._.js:11643:67)
    at WebSocket.handleMessage (http://localhost:3000/_next/static/chunks/node_modules_next_dist_client_17643121._.js:10914:52) @ http://localhost:3000/_next/static/chunks/node_modules_next_dist_f3530cac._.js:3127
[27981375ms] [ERROR] Failed to load resource: net::ERR_CONNECTION_REFUSED @ http://localhost:3000/contracts/d9258b20-b3c3-4101-ad68-f4fb6775ad6f?_rsc=1bsdz:0
[27981375ms] [ERROR] Failed to fetch RSC payload for http://localhost:3000/contracts/d9258b20-b3c3-4101-ad68-f4fb6775ad6f. Falling back to browser navigation. TypeError: Failed to fetch
    at createFetch (http://localhost:3000/_next/static/chunks/node_modules_next_dist_client_17643121._.js:2588:24)
    at fetchServerResponse (http://localhost:3000/_next/static/chunks/node_modules_next_dist_client_17643121._.js:2490:27)
    at fetchMissingDynamicData (http://localhost:3000/_next/static/chunks/node_modules_next_dist_client_17643121._.js:3654:75)
    at spawnDynamicRequests (http://localhost:3000/_next/static/chunks/node_modules_next_dist_client_17643121._.js:3501:35)
    at navigateToSeededRoute (http://localhost:3000/_next/static/chunks/node_modules_next_dist_client_17643121._.js:7741:50)
    at refreshDynamicData (http://localhost:3000/_next/static/chunks/node_modules_next_dist_client_17643121._.js:8347:58)
    at hmrRefreshReducer (http://localhost:3000/_next/static/chunks/node_modules_next_dist_client_17643121._.js:8513:51)
    at clientReducer (http://localhost:3000/_next/static/chunks/node_modules_next_dist_client_17643121._.js:9081:65)
    at Object.action (http://localhost:3000/_next/static/chunks/node_modules_next_dist_client_17643121._.js:9310:55)
    at runAction (http://localhost:3000/_next/static/chunks/node_modules_next_dist_client_17643121._.js:9215:38)
    at dispatchAction (http://localhost:3000/_next/static/chunks/node_modules_next_dist_client_17643121._.js:9278:9)
    at Object.dispatch (http://localhost:3000/_next/static/chunks/node_modules_next_dist_client_17643121._.js:9308:40)
    at http://localhost:3000/_next/static/chunks/node_modules_next_dist_client_17643121._.js:1489:29
    at startTransition (http://localhost:3000/_next/static/chunks/node_modules_next_dist_compiled_react-dom_1e674e59._.js:5500:31)
    at dispatch (http://localhost:3000/_next/static/chunks/node_modules_next_dist_client_17643121._.js:1488:13)
    at dispatchAppRouterAction (http://localhost:3000/_next/static/chunks/node_modules_next_dist_client_17643121._.js:1470:5)
    at http://localhost:3000/_next/static/chunks/node_modules_next_dist_client_17643121._.js:9439:61
    at startTransition (http://localhost:3000/_next/static/chunks/node_modules_next_dist_compiled_a0e4c7b4._.js:1279:31)
    at Object.hmrRefresh (http://localhost:3000/_next/static/chunks/node_modules_next_dist_client_17643121._.js:9438:40)
    at processMessage (http://localhost:3000/_next/static/chunks/node_modules_next_dist_client_17643121._.js:11643:67)
    at WebSocket.handleMessage (http://localhost:3000/_next/static/chunks/node_modules_next_dist_client_17643121._.js:10914:52) @ http://localhost:3000/_next/static/chunks/node_modules_next_dist_f3530cac._.js:3127
[27981375ms] [ERROR] Failed to load resource: net::ERR_CONNECTION_REFUSED @ http://localhost:3000/contracts/d9258b20-b3c3-4101-ad68-f4fb6775ad6f?_rsc=1bsdz:0
[27981375ms] [ERROR] Failed to fetch RSC payload for http://localhost:3000/contracts/d9258b20-b3c3-4101-ad68-f4fb6775ad6f. Falling back to browser navigation. TypeError: Failed to fetch
    at createFetch (http://localhost:3000/_next/static/chunks/node_modules_next_dist_client_17643121._.js:2588:24)
    at fetchServerResponse (http://localhost:3000/_next/static/chunks/node_modules_next_dist_client_17643121._.js:2490:27)
    at fetchMissingDynamicData (http://localhost:3000/_next/static/chunks/node_modules_next_dist_client_17643121._.js:3654:75)
    at spawnDynamicRequests (http://localhost:3000/_next/static/chunks/node_modules_next_dist_client_17643121._.js:3501:35)
    at navigateToSeededRoute (http://localhost:3000/_next/static/chunks/node_modules_next_dist_client_17643121._.js:7741:50)
    at refreshDynamicData (http://localhost:3000/_next/static/chunks/node_modules_next_dist_client_17643121._.js:8347:58)
    at hmrRefreshReducer (http://localhost:3000/_next/static/chunks/node_modules_next_dist_client_17643121._.js:8513:51)
    at clientReducer (http://localhost:3000/_next/static/chunks/node_modules_next_dist_client_17643121._.js:9081:65)
    at Object.action (http://localhost:3000/_next/static/chunks/node_modules_next_dist_client_17643121._.js:9310:55)
    at runAction (http://localhost:3000/_next/static/chunks/node_modules_next_dist_client_17643121._.js:9215:38)
    at dispatchAction (http://localhost:3000/_next/static/chunks/node_modules_next_dist_client_17643121._.js:9278:9)
    at Object.dispatch (http://localhost:3000/_next/static/chunks/node_modules_next_dist_client_17643121._.js:9308:40)
    at http://localhost:3000/_next/static/chunks/node_modules_next_dist_client_17643121._.js:1489:29
    at startTransition (http://localhost:3000/_next/static/chunks/node_modules_next_dist_compiled_react-dom_1e674e59._.js:5500:31)
    at dispatch (http://localhost:3000/_next/static/chunks/node_modules_next_dist_client_17643121._.js:1488:13)
    at dispatchAppRouterAction (http://localhost:3000/_next/static/chunks/node_modules_next_dist_client_17643121._.js:1470:5)
    at http://localhost:3000/_next/static/chunks/node_modules_next_dist_client_17643121._.js:9439:61
    at startTransition (http://localhost:3000/_next/static/chunks/node_modules_next_dist_compiled_a0e4c7b4._.js:1279:31)
    at Object.hmrRefresh (http://localhost:3000/_next/static/chunks/node_modules_next_dist_client_17643121._.js:9438:40)
    at processMessage (http://localhost:3000/_next/static/chunks/node_modules_next_dist_client_17643121._.js:11643:67)
    at WebSocket.handleMessage (http://localhost:3000/_next/static/chunks/node_modules_next_dist_client_17643121._.js:10914:52) @ http://localhost:3000/_next/static/chunks/node_modules_next_dist_f3530cac._.js:3127
[27981376ms] [ERROR] Failed to load resource: net::ERR_CONNECTION_REFUSED @ http://localhost:3000/contracts/d9258b20-b3c3-4101-ad68-f4fb6775ad6f?_rsc=1bsdz:0
[27981376ms] [ERROR] Failed to fetch RSC payload for http://localhost:3000/contracts/d9258b20-b3c3-4101-ad68-f4fb6775ad6f. Falling back to browser navigation. TypeError: Failed to fetch
    at createFetch (http://localhost:3000/_next/static/chunks/node_modules_next_dist_client_17643121._.js:2588:24)
    at fetchServerResponse (http://localhost:3000/_next/static/chunks/node_modules_next_dist_client_17643121._.js:2490:27)
    at fetchMissingDynamicData (http://localhost:3000/_next/static/chunks/node_modules_next_dist_client_17643121._.js:3654:75)
    at spawnDynamicRequests (http://localhost:3000/_next/static/chunks/node_modules_next_dist_client_17643121._.js:3501:35)
    at navigateToSeededRoute (http://localhost:3000/_next/static/chunks/node_modules_next_dist_client_17643121._.js:7741:50)
    at refreshDynamicData (http://localhost:3000/_next/static/chunks/node_modules_next_dist_client_17643121._.js:8347:58)
    at hmrRefreshReducer (http://localhost:3000/_next/static/chunks/node_modules_next_dist_client_17643121._.js:8513:51)
    at clientReducer (http://localhost:3000/_next/static/chunks/node_modules_next_dist_client_17643121._.js:9081:65)
    at Object.action (http://localhost:3000/_next/static/chunks/node_modules_next_dist_client_17643121._.js:9310:55)
    at runAction (http://localhost:3000/_next/static/chunks/node_modules_next_dist_client_17643121._.js:9215:38)
    at dispatchAction (http://localhost:3000/_next/static/chunks/node_modules_next_dist_client_17643121._.js:9278:9)
    at Object.dispatch (http://localhost:3000/_next/static/chunks/node_modules_next_dist_client_17643121._.js:9308:40)
    at http://localhost:3000/_next/static/chunks/node_modules_next_dist_client_17643121._.js:1489:29
    at startTransition (http://localhost:3000/_next/static/chunks/node_modules_next_dist_compiled_react-dom_1e674e59._.js:5500:31)
    at dispatch (http://localhost:3000/_next/static/chunks/node_modules_next_dist_client_17643121._.js:1488:13)
    at dispatchAppRouterAction (http://localhost:3000/_next/static/chunks/node_modules_next_dist_client_17643121._.js:1470:5)
    at http://localhost:3000/_next/static/chunks/node_modules_next_dist_client_17643121._.js:9439:61
    at startTransition (http://localhost:3000/_next/static/chunks/node_modules_next_dist_compiled_a0e4c7b4._.js:1279:31)
    at Object.hmrRefresh (http://localhost:3000/_next/static/chunks/node_modules_next_dist_client_17643121._.js:9438:40)
    at processMessage (http://localhost:3000/_next/static/chunks/node_modules_next_dist_client_17643121._.js:11643:67)
    at WebSocket.handleMessage (http://localhost:3000/_next/static/chunks/node_modules_next_dist_client_17643121._.js:10914:52) @ http://localhost:3000/_next/static/chunks/node_modules_next_dist_f3530cac._.js:3127
[27981376ms] [ERROR] Failed to load resource: net::ERR_CONNECTION_REFUSED @ http://localhost:3000/contracts/d9258b20-b3c3-4101-ad68-f4fb6775ad6f?_rsc=1bsdz:0
[27981376ms] [ERROR] Failed to fetch RSC payload for http://localhost:3000/contracts/d9258b20-b3c3-4101-ad68-f4fb6775ad6f. Falling back to browser navigation. TypeError: Failed to fetch
    at createFetch (http://localhost:3000/_next/static/chunks/node_modules_next_dist_client_17643121._.js:2588:24)
    at fetchServerResponse (http://localhost:3000/_next/static/chunks/node_modules_next_dist_client_17643121._.js:2490:27)
    at fetchMissingDynamicData (http://localhost:3000/_next/static/chunks/node_modules_next_dist_client_17643121._.js:3654:75)
    at spawnDynamicRequests (http://localhost:3000/_next/static/chunks/node_modules_next_dist_client_17643121._.js:3501:35)
    at navigateToSeededRoute (http://localhost:3000/_next/static/chunks/node_modules_next_dist_client_17643121._.js:7741:50)
    at refreshDynamicData (http://localhost:3000/_next/static/chunks/node_modules_next_dist_client_17643121._.js:8347:58)
    at hmrRefreshReducer (http://localhost:3000/_next/static/chunks/node_modules_next_dist_client_17643121._.js:8513:51)
    at clientReducer (http://localhost:3000/_next/static/chunks/node_modules_next_dist_client_17643121._.js:9081:65)
    at Object.action (http://localhost:3000/_next/static/chunks/node_modules_next_dist_client_17643121._.js:9310:55)
    at runAction (http://localhost:3000/_next/static/chunks/node_modules_next_dist_client_17643121._.js:9215:38)
    at dispatchAction (http://localhost:3000/_next/static/chunks/node_modules_next_dist_client_17643121._.js:9278:9)
    at Object.dispatch (http://localhost:3000/_next/static/chunks/node_modules_next_dist_client_17643121._.js:9308:40)
    at http://localhost:3000/_next/static/chunks/node_modules_next_dist_client_17643121._.js:1489:29
    at startTransition (http://localhost:3000/_next/static/chunks/node_modules_next_dist_compiled_react-dom_1e674e59._.js:5500:31)
    at dispatch (http://localhost:3000/_next/static/chunks/node_modules_next_dist_client_17643121._.js:1488:13)
    at dispatchAppRouterAction (http://localhost:3000/_next/static/chunks/node_modules_next_dist_client_17643121._.js:1470:5)
    at http://localhost:3000/_next/static/chunks/node_modules_next_dist_client_17643121._.js:9439:61
    at startTransition (http://localhost:3000/_next/static/chunks/node_modules_next_dist_compiled_a0e4c7b4._.js:1279:31)
    at Object.hmrRefresh (http://localhost:3000/_next/static/chunks/node_modules_next_dist_client_17643121._.js:9438:40)
    at processMessage (http://localhost:3000/_next/static/chunks/node_modules_next_dist_client_17643121._.js:11643:67)
    at WebSocket.handleMessage (http://localhost:3000/_next/static/chunks/node_modules_next_dist_client_17643121._.js:10914:52) @ http://localhost:3000/_next/static/chunks/node_modules_next_dist_f3530cac._.js:3127
[27981376ms] [ERROR] Failed to load resource: net::ERR_CONNECTION_REFUSED @ http://localhost:3000/contracts/d9258b20-b3c3-4101-ad68-f4fb6775ad6f?_rsc=1bsdz:0
[27981376ms] [ERROR] Failed to fetch RSC payload for http://localhost:3000/contracts/d9258b20-b3c3-4101-ad68-f4fb6775ad6f. Falling back to browser navigation. TypeError: Failed to fetch
    at createFetch (http://localhost:3000/_next/static/chunks/node_modules_next_dist_client_17643121._.js:2588:24)
    at fetchServerResponse (http://localhost:3000/_next/static/chunks/node_modules_next_dist_client_17643121._.js:2490:27)
    at fetchMissingDynamicData (http://localhost:3000/_next/static/chunks/node_modules_next_dist_client_17643121._.js:3654:75)
    at spawnDynamicRequests (http://localhost:3000/_next/static/chunks/node_modules_next_dist_client_17643121._.js:3501:35)
    at navigateToSeededRoute (http://localhost:3000/_next/static/chunks/node_modules_next_dist_client_17643121._.js:7741:50)
    at refreshDynamicData (http://localhost:3000/_next/static/chunks/node_modules_next_dist_client_17643121._.js:8347:58)
    at hmrRefreshReducer (http://localhost:3000/_next/static/chunks/node_modules_next_dist_client_17643121._.js:8513:51)
    at clientReducer (http://localhost:3000/_next/static/chunks/node_modules_next_dist_client_17643121._.js:9081:65)
    at Object.action (http://localhost:3000/_next/static/chunks/node_modules_next_dist_client_17643121._.js:9310:55)
    at runAction (http://localhost:3000/_next/static/chunks/node_modules_next_dist_client_17643121._.js:9215:38)
    at dispatchAction (http://localhost:3000/_next/static/chunks/node_modules_next_dist_client_17643121._.js:9278:9)
    at Object.dispatch (http://localhost:3000/_next/static/chunks/node_modules_next_dist_client_17643121._.js:9308:40)
    at http://localhost:3000/_next/static/chunks/node_modules_next_dist_client_17643121._.js:1489:29
    at startTransition (http://localhost:3000/_next/static/chunks/node_modules_next_dist_compiled_react-dom_1e674e59._.js:5500:31)
    at dispatch (http://localhost:3000/_next/static/chunks/node_modules_next_dist_client_17643121._.js:1488:13)
    at dispatchAppRouterAction (http://localhost:3000/_next/static/chunks/node_modules_next_dist_client_17643121._.js:1470:5)
    at http://localhost:3000/_next/static/chunks/node_modules_next_dist_client_17643121._.js:9439:61
    at startTransition (http://localhost:3000/_next/static/chunks/node_modules_next_dist_compiled_a0e4c7b4._.js:1279:31)
    at Object.hmrRefresh (http://localhost:3000/_next/static/chunks/node_modules_next_dist_client_17643121._.js:9438:40)
    at processMessage (http://localhost:3000/_next/static/chunks/node_modules_next_dist_client_17643121._.js:11643:67)
    at WebSocket.handleMessage (http://localhost:3000/_next/static/chunks/node_modules_next_dist_client_17643121._.js:10914:52) @ http://localhost:3000/_next/static/chunks/node_modules_next_dist_f3530cac._.js:3127
[27981376ms] [ERROR] Failed to load resource: net::ERR_CONNECTION_REFUSED @ http://localhost:3000/contracts/d9258b20-b3c3-4101-ad68-f4fb6775ad6f?_rsc=1bsdz:0
[27981376ms] [ERROR] Failed to fetch RSC payload for http://localhost:3000/contracts/d9258b20-b3c3-4101-ad68-f4fb6775ad6f. Falling back to browser navigation. TypeError: Failed to fetch
    at createFetch (http://localhost:3000/_next/static/chunks/node_modules_next_dist_client_17643121._.js:2588:24)
    at fetchServerResponse (http://localhost:3000/_next/static/chunks/node_modules_next_dist_client_17643121._.js:2490:27)
    at fetchMissingDynamicData (http://localhost:3000/_next/static/chunks/node_modules_next_dist_client_17643121._.js:3654:75)
    at spawnDynamicRequests (http://localhost:3000/_next/static/chunks/node_modules_next_dist_client_17643121._.js:3501:35)
    at navigateToSeededRoute (http://localhost:3000/_next/static/chunks/node_modules_next_dist_client_17643121._.js:7741:50)
    at refreshDynamicData (http://localhost:3000/_next/static/chunks/node_modules_next_dist_client_17643121._.js:8347:58)
    at hmrRefreshReducer (http://localhost:3000/_next/static/chunks/node_modules_next_dist_client_17643121._.js:8513:51)
    at clientReducer (http://localhost:3000/_next/static/chunks/node_modules_next_dist_client_17643121._.js:9081:65)
    at Object.action (http://localhost:3000/_next/static/chunks/node_modules_next_dist_client_17643121._.js:9310:55)
    at runAction (http://localhost:3000/_next/static/chunks/node_modules_next_dist_client_17643121._.js:9215:38)
    at dispatchAction (http://localhost:3000/_next/static/chunks/node_modules_next_dist_client_17643121._.js:9278:9)
    at Object.dispatch (http://localhost:3000/_next/static/chunks/node_modules_next_dist_client_17643121._.js:9308:40)
    at http://localhost:3000/_next/static/chunks/node_modules_next_dist_client_17643121._.js:1489:29
    at startTransition (http://localhost:3000/_next/static/chunks/node_modules_next_dist_compiled_react-dom_1e674e59._.js:5500:31)
    at dispatch (http://localhost:3000/_next/static/chunks/node_modules_next_dist_client_17643121._.js:1488:13)
    at dispatchAppRouterAction (http://localhost:3000/_next/static/chunks/node_modules_next_dist_client_17643121._.js:1470:5)
    at http://localhost:3000/_next/static/chunks/node_modules_next_dist_client_17643121._.js:9439:61
    at startTransition (http://localhost:3000/_next/static/chunks/node_modules_next_dist_compiled_a0e4c7b4._.js:1279:31)
    at Object.hmrRefresh (http://localhost:3000/_next/static/chunks/node_modules_next_dist_client_17643121._.js:9438:40)
    at processMessage (http://localhost:3000/_next/static/chunks/node_modules_next_dist_client_17643121._.js:11643:67)
    at WebSocket.handleMessage (http://localhost:3000/_next/static/chunks/node_modules_next_dist_client_17643121._.js:10914:52) @ http://localhost:3000/_next/static/chunks/node_modules_next_dist_f3530cac._.js:3127
[27981377ms] [ERROR] Failed to load resource: net::ERR_CONNECTION_REFUSED @ http://localhost:3000/contracts/d9258b20-b3c3-4101-ad68-f4fb6775ad6f?_rsc=1bsdz:0
[27981377ms] [ERROR] Failed to fetch RSC payload for http://localhost:3000/contracts/d9258b20-b3c3-4101-ad68-f4fb6775ad6f. Falling back to browser navigation. TypeError: Failed to fetch
    at createFetch (http://localhost:3000/_next/static/chunks/node_modules_next_dist_client_17643121._.js:2588:24)
    at fetchServerResponse (http://localhost:3000/_next/static/chunks/node_modules_next_dist_client_17643121._.js:2490:27)
    at fetchMissingDynamicData (http://localhost:3000/_next/static/chunks/node_modules_next_dist_client_17643121._.js:3654:75)
    at spawnDynamicRequests (http://localhost:3000/_next/static/chunks/node_modules_next_dist_client_17643121._.js:3501:35)
    at navigateToSeededRoute (http://localhost:3000/_next/static/chunks/node_modules_next_dist_client_17643121._.js:7741:50)
    at refreshDynamicData (http://localhost:3000/_next/static/chunks/node_modules_next_dist_client_17643121._.js:8347:58)
    at hmrRefreshReducer (http://localhost:3000/_next/static/chunks/node_modules_next_dist_client_17643121._.js:8513:51)
    at clientReducer (http://localhost:3000/_next/static/chunks/node_modules_next_dist_client_17643121._.js:9081:65)
    at Object.action (http://localhost:3000/_next/static/chunks/node_modules_next_dist_client_17643121._.js:9310:55)
    at runAction (http://localhost:3000/_next/static/chunks/node_modules_next_dist_client_17643121._.js:9215:38)
    at dispatchAction (http://localhost:3000/_next/static/chunks/node_modules_next_dist_client_17643121._.js:9278:9)
    at Object.dispatch (http://localhost:3000/_next/static/chunks/node_modules_next_dist_client_17643121._.js:9308:40)
    at http://localhost:3000/_next/static/chunks/node_modules_next_dist_client_17643121._.js:1489:29
    at startTransition (http://localhost:3000/_next/static/chunks/node_modules_next_dist_compiled_react-dom_1e674e59._.js:5500:31)
    at dispatch (http://localhost:3000/_next/static/chunks/node_modules_next_dist_client_17643121._.js:1488:13)
    at dispatchAppRouterAction (http://localhost:3000/_next/static/chunks/node_modules_next_dist_client_17643121._.js:1470:5)
    at http://localhost:3000/_next/static/chunks/node_modules_next_dist_client_17643121._.js:9439:61
    at startTransition (http://localhost:3000/_next/static/chunks/node_modules_next_dist_compiled_a0e4c7b4._.js:1279:31)
    at Object.hmrRefresh (http://localhost:3000/_next/static/chunks/node_modules_next_dist_client_17643121._.js:9438:40)
    at processMessage (http://localhost:3000/_next/static/chunks/node_modules_next_dist_client_17643121._.js:11643:67)
    at WebSocket.handleMessage (http://localhost:3000/_next/static/chunks/node_modules_next_dist_client_17643121._.js:10914:52) @ http://localhost:3000/_next/static/chunks/node_modules_next_dist_f3530cac._.js:3127
[27981377ms] [ERROR] Failed to load resource: net::ERR_CONNECTION_REFUSED @ http://localhost:3000/contracts/d9258b20-b3c3-4101-ad68-f4fb6775ad6f?_rsc=1bsdz:0
[27981377ms] [ERROR] Failed to fetch RSC payload for http://localhost:3000/contracts/d9258b20-b3c3-4101-ad68-f4fb6775ad6f. Falling back to browser navigation. TypeError: Failed to fetch
    at createFetch (http://localhost:3000/_next/static/chunks/node_modules_next_dist_client_17643121._.js:2588:24)
    at fetchServerResponse (http://localhost:3000/_next/static/chunks/node_modules_next_dist_client_17643121._.js:2490:27)
    at fetchMissingDynamicData (http://localhost:3000/_next/static/chunks/node_modules_next_dist_client_17643121._.js:3654:75)
    at spawnDynamicRequests (http://localhost:3000/_next/static/chunks/node_modules_next_dist_client_17643121._.js:3501:35)
    at navigateToSeededRoute (http://localhost:3000/_next/static/chunks/node_modules_next_dist_client_17643121._.js:7741:50)
    at refreshDynamicData (http://localhost:3000/_next/static/chunks/node_modules_next_dist_client_17643121._.js:8347:58)
    at hmrRefreshReducer (http://localhost:3000/_next/static/chunks/node_modules_next_dist_client_17643121._.js:8513:51)
    at clientReducer (http://localhost:3000/_next/static/chunks/node_modules_next_dist_client_17643121._.js:9081:65)
    at Object.action (http://localhost:3000/_next/static/chunks/node_modules_next_dist_client_17643121._.js:9310:55)
    at runAction (http://localhost:3000/_next/static/chunks/node_modules_next_dist_client_17643121._.js:9215:38)
    at dispatchAction (http://localhost:3000/_next/static/chunks/node_modules_next_dist_client_17643121._.js:9278:9)
    at Object.dispatch (http://localhost:3000/_next/static/chunks/node_modules_next_dist_client_17643121._.js:9308:40)
    at http://localhost:3000/_next/static/chunks/node_modules_next_dist_client_17643121._.js:1489:29
    at startTransition (http://localhost:3000/_next/static/chunks/node_modules_next_dist_compiled_react-dom_1e674e59._.js:5500:31)
    at dispatch (http://localhost:3000/_next/static/chunks/node_modules_next_dist_client_17643121._.js:1488:13)
    at dispatchAppRouterAction (http://localhost:3000/_next/static/chunks/node_modules_next_dist_client_17643121._.js:1470:5)
    at http://localhost:3000/_next/static/chunks/node_modules_next_dist_client_17643121._.js:9439:61
    at startTransition (http://localhost:3000/_next/static/chunks/node_modules_next_dist_compiled_a0e4c7b4._.js:1279:31)
    at Object.hmrRefresh (http://localhost:3000/_next/static/chunks/node_modules_next_dist_client_17643121._.js:9438:40)
    at processMessage (http://localhost:3000/_next/static/chunks/node_modules_next_dist_client_17643121._.js:11643:67)
    at WebSocket.handleMessage (http://localhost:3000/_next/static/chunks/node_modules_next_dist_client_17643121._.js:10914:52) @ http://localhost:3000/_next/static/chunks/node_modules_next_dist_f3530cac._.js:3127
[27981377ms] [ERROR] Failed to load resource: net::ERR_CONNECTION_REFUSED @ http://localhost:3000/contracts/d9258b20-b3c3-4101-ad68-f4fb6775ad6f?_rsc=1bsdz:0
[27981377ms] [ERROR] Failed to fetch RSC payload for http://localhost:3000/contracts/d9258b20-b3c3-4101-ad68-f4fb6775ad6f. Falling back to browser navigation. TypeError: Failed to fetch
    at createFetch (http://localhost:3000/_next/static/chunks/node_modules_next_dist_client_17643121._.js:2588:24)
    at fetchServerResponse (http://localhost:3000/_next/static/chunks/node_modules_next_dist_client_17643121._.js:2490:27)
    at fetchMissingDynamicData (http://localhost:3000/_next/static/chunks/node_modules_next_dist_client_17643121._.js:3654:75)
    at spawnDynamicRequests (http://localhost:3000/_next/static/chunks/node_modules_next_dist_client_17643121._.js:3501:35)
    at navigateToSeededRoute (http://localhost:3000/_next/static/chunks/node_modules_next_dist_client_17643121._.js:7741:50)
    at refreshDynamicData (http://localhost:3000/_next/static/chunks/node_modules_next_dist_client_17643121._.js:8347:58)
    at hmrRefreshReducer (http://localhost:3000/_next/static/chunks/node_modules_next_dist_client_17643121._.js:8513:51)
    at clientReducer (http://localhost:3000/_next/static/chunks/node_modules_next_dist_client_17643121._.js:9081:65)
    at Object.action (http://localhost:3000/_next/static/chunks/node_modules_next_dist_client_17643121._.js:9310:55)
    at runAction (http://localhost:3000/_next/static/chunks/node_modules_next_dist_client_17643121._.js:9215:38)
    at dispatchAction (http://localhost:3000/_next/static/chunks/node_modules_next_dist_client_17643121._.js:9278:9)
    at Object.dispatch (http://localhost:3000/_next/static/chunks/node_modules_next_dist_client_17643121._.js:9308:40)
    at http://localhost:3000/_next/static/chunks/node_modules_next_dist_client_17643121._.js:1489:29
    at startTransition (http://localhost:3000/_next/static/chunks/node_modules_next_dist_compiled_react-dom_1e674e59._.js:5500:31)
    at dispatch (http://localhost:3000/_next/static/chunks/node_modules_next_dist_client_17643121._.js:1488:13)
    at dispatchAppRouterAction (http://localhost:3000/_next/static/chunks/node_modules_next_dist_client_17643121._.js:1470:5)
    at http://localhost:3000/_next/static/chunks/node_modules_next_dist_client_17643121._.js:9439:61
    at startTransition (http://localhost:3000/_next/static/chunks/node_modules_next_dist_compiled_a0e4c7b4._.js:1279:31)
    at Object.hmrRefresh (http://localhost:3000/_next/static/chunks/node_modules_next_dist_client_17643121._.js:9438:40)
    at processMessage (http://localhost:3000/_next/static/chunks/node_modules_next_dist_client_17643121._.js:11643:67)
    at WebSocket.handleMessage (http://localhost:3000/_next/static/chunks/node_modules_next_dist_client_17643121._.js:10914:52) @ http://localhost:3000/_next/static/chunks/node_modules_next_dist_f3530cac._.js:3127
[27981378ms] [ERROR] Failed to load resource: net::ERR_CONNECTION_REFUSED @ http://localhost:3000/contracts/d9258b20-b3c3-4101-ad68-f4fb6775ad6f?_rsc=1bsdz:0
[27981378ms] [ERROR] Failed to fetch RSC payload for http://localhost:3000/contracts/d9258b20-b3c3-4101-ad68-f4fb6775ad6f. Falling back to browser navigation. TypeError: Failed to fetch
    at createFetch (http://localhost:3000/_next/static/chunks/node_modules_next_dist_client_17643121._.js:2588:24)
    at fetchServerResponse (http://localhost:3000/_next/static/chunks/node_modules_next_dist_client_17643121._.js:2490:27)
    at fetchMissingDynamicData (http://localhost:3000/_next/static/chunks/node_modules_next_dist_client_17643121._.js:3654:75)
    at spawnDynamicRequests (http://localhost:3000/_next/static/chunks/node_modules_next_dist_client_17643121._.js:3501:35)
    at navigateToSeededRoute (http://localhost:3000/_next/static/chunks/node_modules_next_dist_client_17643121._.js:7741:50)
    at refreshDynamicData (http://localhost:3000/_next/static/chunks/node_modules_next_dist_client_17643121._.js:8347:58)
    at hmrRefreshReducer (http://localhost:3000/_next/static/chunks/node_modules_next_dist_client_17643121._.js:8513:51)
    at clientReducer (http://localhost:3000/_next/static/chunks/node_modules_next_dist_client_17643121._.js:9081:65)
    at Object.action (http://localhost:3000/_next/static/chunks/node_modules_next_dist_client_17643121._.js:9310:55)
    at runAction (http://localhost:3000/_next/static/chunks/node_modules_next_dist_client_17643121._.js:9215:38)
    at dispatchAction (http://localhost:3000/_next/static/chunks/node_modules_next_dist_client_17643121._.js:9278:9)
    at Object.dispatch (http://localhost:3000/_next/static/chunks/node_modules_next_dist_client_17643121._.js:9308:40)
    at http://localhost:3000/_next/static/chunks/node_modules_next_dist_client_17643121._.js:1489:29
    at startTransition (http://localhost:3000/_next/static/chunks/node_modules_next_dist_compiled_react-dom_1e674e59._.js:5500:31)
    at dispatch (http://localhost:3000/_next/static/chunks/node_modules_next_dist_client_17643121._.js:1488:13)
    at dispatchAppRouterAction (http://localhost:3000/_next/static/chunks/node_modules_next_dist_client_17643121._.js:1470:5)
    at http://localhost:3000/_next/static/chunks/node_modules_next_dist_client_17643121._.js:9439:61
    at startTransition (http://localhost:3000/_next/static/chunks/node_modules_next_dist_compiled_a0e4c7b4._.js:1279:31)
    at Object.hmrRefresh (http://localhost:3000/_next/static/chunks/node_modules_next_dist_client_17643121._.js:9438:40)
    at processMessage (http://localhost:3000/_next/static/chunks/node_modules_next_dist_client_17643121._.js:11643:67)
    at WebSocket.handleMessage (http://localhost:3000/_next/static/chunks/node_modules_next_dist_client_17643121._.js:10914:52) @ http://localhost:3000/_next/static/chunks/node_modules_next_dist_f3530cac._.js:3127
[27981378ms] [ERROR] Failed to load resource: net::ERR_CONNECTION_REFUSED @ http://localhost:3000/contracts/d9258b20-b3c3-4101-ad68-f4fb6775ad6f?_rsc=1bsdz:0
[27981378ms] [ERROR] Failed to fetch RSC payload for http://localhost:3000/contracts/d9258b20-b3c3-4101-ad68-f4fb6775ad6f. Falling back to browser navigation. TypeError: Failed to fetch
    at createFetch (http://localhost:3000/_next/static/chunks/node_modules_next_dist_client_17643121._.js:2588:24)
    at fetchServerResponse (http://localhost:3000/_next/static/chunks/node_modules_next_dist_client_17643121._.js:2490:27)
    at fetchMissingDynamicData (http://localhost:3000/_next/static/chunks/node_modules_next_dist_client_17643121._.js:3654:75)
    at spawnDynamicRequests (http://localhost:3000/_next/static/chunks/node_modules_next_dist_client_17643121._.js:3501:35)
    at navigateToSeededRoute (http://localhost:3000/_next/static/chunks/node_modules_next_dist_client_17643121._.js:7741:50)
    at refreshDynamicData (http://localhost:3000/_next/static/chunks/node_modules_next_dist_client_17643121._.js:8347:58)
    at hmrRefreshReducer (http://localhost:3000/_next/static/chunks/node_modules_next_dist_client_17643121._.js:8513:51)
    at clientReducer (http://localhost:3000/_next/static/chunks/node_modules_next_dist_client_17643121._.js:9081:65)
    at Object.action (http://localhost:3000/_next/static/chunks/node_modules_next_dist_client_17643121._.js:9310:55)
    at runAction (http://localhost:3000/_next/static/chunks/node_modules_next_dist_client_17643121._.js:9215:38)
    at dispatchAction (http://localhost:3000/_next/static/chunks/node_modules_next_dist_client_17643121._.js:9278:9)
    at Object.dispatch (http://localhost:3000/_next/static/chunks/node_modules_next_dist_client_17643121._.js:9308:40)
    at http://localhost:3000/_next/static/chunks/node_modules_next_dist_client_17643121._.js:1489:29
    at startTransition (http://localhost:3000/_next/static/chunks/node_modules_next_dist_compiled_react-dom_1e674e59._.js:5500:31)
    at dispatch (http://localhost:3000/_next/static/chunks/node_modules_next_dist_client_17643121._.js:1488:13)
    at dispatchAppRouterAction (http://localhost:3000/_next/static/chunks/node_modules_next_dist_client_17643121._.js:1470:5)
    at http://localhost:3000/_next/static/chunks/node_modules_next_dist_client_17643121._.js:9439:61
    at startTransition (http://localhost:3000/_next/static/chunks/node_modules_next_dist_compiled_a0e4c7b4._.js:1279:31)
    at Object.hmrRefresh (http://localhost:3000/_next/static/chunks/node_modules_next_dist_client_17643121._.js:9438:40)
    at processMessage (http://localhost:3000/_next/static/chunks/node_modules_next_dist_client_17643121._.js:11643:67)
    at WebSocket.handleMessage (http://localhost:3000/_next/static/chunks/node_modules_next_dist_client_17643121._.js:10914:52) @ http://localhost:3000/_next/static/chunks/node_modules_next_dist_f3530cac._.js:3127
[27981378ms] [ERROR] Failed to load resource: net::ERR_CONNECTION_REFUSED @ http://localhost:3000/contracts/d9258b20-b3c3-4101-ad68-f4fb6775ad6f?_rsc=1bsdz:0
[27981378ms] [ERROR] Failed to fetch RSC payload for http://localhost:3000/contracts/d9258b20-b3c3-4101-ad68-f4fb6775ad6f. Falling back to browser navigation. TypeError: Failed to fetch
    at createFetch (http://localhost:3000/_next/static/chunks/node_modules_next_dist_client_17643121._.js:2588:24)
    at fetchServerResponse (http://localhost:3000/_next/static/chunks/node_modules_next_dist_client_17643121._.js:2490:27)
    at fetchMissingDynamicData (http://localhost:3000/_next/static/chunks/node_modules_next_dist_client_17643121._.js:3654:75)
    at spawnDynamicRequests (http://localhost:3000/_next/static/chunks/node_modules_next_dist_client_17643121._.js:3501:35)
    at navigateToSeededRoute (http://localhost:3000/_next/static/chunks/node_modules_next_dist_client_17643121._.js:7741:50)
    at refreshDynamicData (http://localhost:3000/_next/static/chunks/node_modules_next_dist_client_17643121._.js:8347:58)
    at hmrRefreshReducer (http://localhost:3000/_next/static/chunks/node_modules_next_dist_client_17643121._.js:8513:51)
    at clientReducer (http://localhost:3000/_next/static/chunks/node_modules_next_dist_client_17643121._.js:9081:65)
    at Object.action (http://localhost:3000/_next/static/chunks/node_modules_next_dist_client_17643121._.js:9310:55)
    at runAction (http://localhost:3000/_next/static/chunks/node_modules_next_dist_client_17643121._.js:9215:38)
    at dispatchAction (http://localhost:3000/_next/static/chunks/node_modules_next_dist_client_17643121._.js:9278:9)
    at Object.dispatch (http://localhost:3000/_next/static/chunks/node_modules_next_dist_client_17643121._.js:9308:40)
    at http://localhost:3000/_next/static/chunks/node_modules_next_dist_client_17643121._.js:1489:29
    at startTransition (http://localhost:3000/_next/static/chunks/node_modules_next_dist_compiled_react-dom_1e674e59._.js:5500:31)
    at dispatch (http://localhost:3000/_next/static/chunks/node_modules_next_dist_client_17643121._.js:1488:13)
    at dispatchAppRouterAction (http://localhost:3000/_next/static/chunks/node_modules_next_dist_client_17643121._.js:1470:5)
    at http://localhost:3000/_next/static/chunks/node_modules_next_dist_client_17643121._.js:9439:61
    at startTransition (http://localhost:3000/_next/static/chunks/node_modules_next_dist_compiled_a0e4c7b4._.js:1279:31)
    at Object.hmrRefresh (http://localhost:3000/_next/static/chunks/node_modules_next_dist_client_17643121._.js:9438:40)
    at processMessage (http://localhost:3000/_next/static/chunks/node_modules_next_dist_client_17643121._.js:11643:67)
    at WebSocket.handleMessage (http://localhost:3000/_next/static/chunks/node_modules_next_dist_client_17643121._.js:10914:52) @ http://localhost:3000/_next/static/chunks/node_modules_next_dist_f3530cac._.js:3127
[27981379ms] [ERROR] Failed to load resource: net::ERR_CONNECTION_REFUSED @ http://localhost:3000/contracts/d9258b20-b3c3-4101-ad68-f4fb6775ad6f?_rsc=1bsdz:0
[27981379ms] [ERROR] Failed to fetch RSC payload for http://localhost:3000/contracts/d9258b20-b3c3-4101-ad68-f4fb6775ad6f. Falling back to browser navigation. TypeError: Failed to fetch
    at createFetch (http://localhost:3000/_next/static/chunks/node_modules_next_dist_client_17643121._.js:2588:24)
    at fetchServerResponse (http://localhost:3000/_next/static/chunks/node_modules_next_dist_client_17643121._.js:2490:27)
    at fetchMissingDynamicData (http://localhost:3000/_next/static/chunks/node_modules_next_dist_client_17643121._.js:3654:75)
    at spawnDynamicRequests (http://localhost:3000/_next/static/chunks/node_modules_next_dist_client_17643121._.js:3501:35)
    at navigateToSeededRoute (http://localhost:3000/_next/static/chunks/node_modules_next_dist_client_17643121._.js:7741:50)
    at refreshDynamicData (http://localhost:3000/_next/static/chunks/node_modules_next_dist_client_17643121._.js:8347:58)
    at hmrRefreshReducer (http://localhost:3000/_next/static/chunks/node_modules_next_dist_client_17643121._.js:8513:51)
    at clientReducer (http://localhost:3000/_next/static/chunks/node_modules_next_dist_client_17643121._.js:9081:65)
    at Object.action (http://localhost:3000/_next/static/chunks/node_modules_next_dist_client_17643121._.js:9310:55)
    at runAction (http://localhost:3000/_next/static/chunks/node_modules_next_dist_client_17643121._.js:9215:38)
    at dispatchAction (http://localhost:3000/_next/static/chunks/node_modules_next_dist_client_17643121._.js:9278:9)
    at Object.dispatch (http://localhost:3000/_next/static/chunks/node_modules_next_dist_client_17643121._.js:9308:40)
    at http://localhost:3000/_next/static/chunks/node_modules_next_dist_client_17643121._.js:1489:29
    at startTransition (http://localhost:3000/_next/static/chunks/node_modules_next_dist_compiled_react-dom_1e674e59._.js:5500:31)
    at dispatch (http://localhost:3000/_next/static/chunks/node_modules_next_dist_client_17643121._.js:1488:13)
    at dispatchAppRouterAction (http://localhost:3000/_next/static/chunks/node_modules_next_dist_client_17643121._.js:1470:5)
    at http://localhost:3000/_next/static/chunks/node_modules_next_dist_client_17643121._.js:9439:61
    at startTransition (http://localhost:3000/_next/static/chunks/node_modules_next_dist_compiled_a0e4c7b4._.js:1279:31)
    at Object.hmrRefresh (http://localhost:3000/_next/static/chunks/node_modules_next_dist_client_17643121._.js:9438:40)
    at processMessage (http://localhost:3000/_next/static/chunks/node_modules_next_dist_client_17643121._.js:11643:67)
    at WebSocket.handleMessage (http://localhost:3000/_next/static/chunks/node_modules_next_dist_client_17643121._.js:10914:52) @ http://localhost:3000/_next/static/chunks/node_modules_next_dist_f3530cac._.js:3127
[27981379ms] [ERROR] Failed to load resource: net::ERR_CONNECTION_REFUSED @ http://localhost:3000/contracts/d9258b20-b3c3-4101-ad68-f4fb6775ad6f?_rsc=1bsdz:0
[27981379ms] [ERROR] Failed to fetch RSC payload for http://localhost:3000/contracts/d9258b20-b3c3-4101-ad68-f4fb6775ad6f. Falling back to browser navigation. TypeError: Failed to fetch
    at createFetch (http://localhost:3000/_next/static/chunks/node_modules_next_dist_client_17643121._.js:2588:24)
    at fetchServerResponse (http://localhost:3000/_next/static/chunks/node_modules_next_dist_client_17643121._.js:2490:27)
    at fetchMissingDynamicData (http://localhost:3000/_next/static/chunks/node_modules_next_dist_client_17643121._.js:3654:75)
    at spawnDynamicRequests (http://localhost:3000/_next/static/chunks/node_modules_next_dist_client_17643121._.js:3501:35)
    at navigateToSeededRoute (http://localhost:3000/_next/static/chunks/node_modules_next_dist_client_17643121._.js:7741:50)
    at refreshDynamicData (http://localhost:3000/_next/static/chunks/node_modules_next_dist_client_17643121._.js:8347:58)
    at hmrRefreshReducer (http://localhost:3000/_next/static/chunks/node_modules_next_dist_client_17643121._.js:8513:51)
    at clientReducer (http://localhost:3000/_next/static/chunks/node_modules_next_dist_client_17643121._.js:9081:65)
    at Object.action (http://localhost:3000/_next/static/chunks/node_modules_next_dist_client_17643121._.js:9310:55)
    at runAction (http://localhost:3000/_next/static/chunks/node_modules_next_dist_client_17643121._.js:9215:38)
    at dispatchAction (http://localhost:3000/_next/static/chunks/node_modules_next_dist_client_17643121._.js:9278:9)
    at Object.dispatch (http://localhost:3000/_next/static/chunks/node_modules_next_dist_client_17643121._.js:9308:40)
    at http://localhost:3000/_next/static/chunks/node_modules_next_dist_client_17643121._.js:1489:29
    at startTransition (http://localhost:3000/_next/static/chunks/node_modules_next_dist_compiled_react-dom_1e674e59._.js:5500:31)
    at dispatch (http://localhost:3000/_next/static/chunks/node_modules_next_dist_client_17643121._.js:1488:13)
    at dispatchAppRouterAction (http://localhost:3000/_next/static/chunks/node_modules_next_dist_client_17643121._.js:1470:5)
    at http://localhost:3000/_next/static/chunks/node_modules_next_dist_client_17643121._.js:9439:61
    at startTransition (http://localhost:3000/_next/static/chunks/node_modules_next_dist_compiled_a0e4c7b4._.js:1279:31)
    at Object.hmrRefresh (http://localhost:3000/_next/static/chunks/node_modules_next_dist_client_17643121._.js:9438:40)
    at processMessage (http://localhost:3000/_next/static/chunks/node_modules_next_dist_client_17643121._.js:11643:67)
    at WebSocket.handleMessage (http://localhost:3000/_next/static/chunks/node_modules_next_dist_client_17643121._.js:10914:52) @ http://localhost:3000/_next/static/chunks/node_modules_next_dist_f3530cac._.js:3127
[27981380ms] [ERROR] Failed to load resource: net::ERR_CONNECTION_REFUSED @ http://localhost:3000/contracts/d9258b20-b3c3-4101-ad68-f4fb6775ad6f?_rsc=1bsdz:0
[27981380ms] [ERROR] Failed to fetch RSC payload for http://localhost:3000/contracts/d9258b20-b3c3-4101-ad68-f4fb6775ad6f. Falling back to browser navigation. TypeError: Failed to fetch
    at createFetch (http://localhost:3000/_next/static/chunks/node_modules_next_dist_client_17643121._.js:2588:24)
    at fetchServerResponse (http://localhost:3000/_next/static/chunks/node_modules_next_dist_client_17643121._.js:2490:27)
    at fetchMissingDynamicData (http://localhost:3000/_next/static/chunks/node_modules_next_dist_client_17643121._.js:3654:75)
    at spawnDynamicRequests (http://localhost:3000/_next/static/chunks/node_modules_next_dist_client_17643121._.js:3501:35)
    at navigateToSeededRoute (http://localhost:3000/_next/static/chunks/node_modules_next_dist_client_17643121._.js:7741:50)
    at refreshDynamicData (http://localhost:3000/_next/static/chunks/node_modules_next_dist_client_17643121._.js:8347:58)
    at hmrRefreshReducer (http://localhost:3000/_next/static/chunks/node_modules_next_dist_client_17643121._.js:8513:51)
    at clientReducer (http://localhost:3000/_next/static/chunks/node_modules_next_dist_client_17643121._.js:9081:65)
    at Object.action (http://localhost:3000/_next/static/chunks/node_modules_next_dist_client_17643121._.js:9310:55)
    at runAction (http://localhost:3000/_next/static/chunks/node_modules_next_dist_client_17643121._.js:9215:38)
    at dispatchAction (http://localhost:3000/_next/static/chunks/node_modules_next_dist_client_17643121._.js:9278:9)
    at Object.dispatch (http://localhost:3000/_next/static/chunks/node_modules_next_dist_client_17643121._.js:9308:40)
    at http://localhost:3000/_next/static/chunks/node_modules_next_dist_client_17643121._.js:1489:29
    at startTransition (http://localhost:3000/_next/static/chunks/node_modules_next_dist_compiled_react-dom_1e674e59._.js:5500:31)
    at dispatch (http://localhost:3000/_next/static/chunks/node_modules_next_dist_client_17643121._.js:1488:13)
    at dispatchAppRouterAction (http://localhost:3000/_next/static/chunks/node_modules_next_dist_client_17643121._.js:1470:5)
    at http://localhost:3000/_next/static/chunks/node_modules_next_dist_client_17643121._.js:9439:61
    at startTransition (http://localhost:3000/_next/static/chunks/node_modules_next_dist_compiled_a0e4c7b4._.js:1279:31)
    at Object.hmrRefresh (http://localhost:3000/_next/static/chunks/node_modules_next_dist_client_17643121._.js:9438:40)
    at processMessage (http://localhost:3000/_next/static/chunks/node_modules_next_dist_client_17643121._.js:11643:67)
    at WebSocket.handleMessage (http://localhost:3000/_next/static/chunks/node_modules_next_dist_client_17643121._.js:10914:52) @ http://localhost:3000/_next/static/chunks/node_modules_next_dist_f3530cac._.js:3127
[27981380ms] [ERROR] Failed to load resource: net::ERR_CONNECTION_REFUSED @ http://localhost:3000/contracts/d9258b20-b3c3-4101-ad68-f4fb6775ad6f?_rsc=1bsdz:0
[27981380ms] [ERROR] Failed to fetch RSC payload for http://localhost:3000/contracts/d9258b20-b3c3-4101-ad68-f4fb6775ad6f. Falling back to browser navigation. TypeError: Failed to fetch
    at createFetch (http://localhost:3000/_next/static/chunks/node_modules_next_dist_client_17643121._.js:2588:24)
    at fetchServerResponse (http://localhost:3000/_next/static/chunks/node_modules_next_dist_client_17643121._.js:2490:27)
    at fetchMissingDynamicData (http://localhost:3000/_next/static/chunks/node_modules_next_dist_client_17643121._.js:3654:75)
    at spawnDynamicRequests (http://localhost:3000/_next/static/chunks/node_modules_next_dist_client_17643121._.js:3501:35)
    at navigateToSeededRoute (http://localhost:3000/_next/static/chunks/node_modules_next_dist_client_17643121._.js:7741:50)
    at refreshDynamicData (http://localhost:3000/_next/static/chunks/node_modules_next_dist_client_17643121._.js:8347:58)
    at hmrRefreshReducer (http://localhost:3000/_next/static/chunks/node_modules_next_dist_client_17643121._.js:8513:51)
    at clientReducer (http://localhost:3000/_next/static/chunks/node_modules_next_dist_client_17643121._.js:9081:65)
    at Object.action (http://localhost:3000/_next/static/chunks/node_modules_next_dist_client_17643121._.js:9310:55)
    at runAction (http://localhost:3000/_next/static/chunks/node_modules_next_dist_client_17643121._.js:9215:38)
    at dispatchAction (http://localhost:3000/_next/static/chunks/node_modules_next_dist_client_17643121._.js:9278:9)
    at Object.dispatch (http://localhost:3000/_next/static/chunks/node_modules_next_dist_client_17643121._.js:9308:40)
    at http://localhost:3000/_next/static/chunks/node_modules_next_dist_client_17643121._.js:1489:29
    at startTransition (http://localhost:3000/_next/static/chunks/node_modules_next_dist_compiled_react-dom_1e674e59._.js:5500:31)
    at dispatch (http://localhost:3000/_next/static/chunks/node_modules_next_dist_client_17643121._.js:1488:13)
    at dispatchAppRouterAction (http://localhost:3000/_next/static/chunks/node_modules_next_dist_client_17643121._.js:1470:5)
    at http://localhost:3000/_next/static/chunks/node_modules_next_dist_client_17643121._.js:9439:61
    at startTransition (http://localhost:3000/_next/static/chunks/node_modules_next_dist_compiled_a0e4c7b4._.js:1279:31)
    at Object.hmrRefresh (http://localhost:3000/_next/static/chunks/node_modules_next_dist_client_17643121._.js:9438:40)
    at processMessage (http://localhost:3000/_next/static/chunks/node_modules_next_dist_client_17643121._.js:11643:67)
    at WebSocket.handleMessage (http://localhost:3000/_next/static/chunks/node_modules_next_dist_client_17643121._.js:10914:52) @ http://localhost:3000/_next/static/chunks/node_modules_next_dist_f3530cac._.js:3127
[27981380ms] [ERROR] Failed to load resource: net::ERR_CONNECTION_REFUSED @ http://localhost:3000/contracts/d9258b20-b3c3-4101-ad68-f4fb6775ad6f?_rsc=1bsdz:0
[27981380ms] [ERROR] Failed to fetch RSC payload for http://localhost:3000/contracts/d9258b20-b3c3-4101-ad68-f4fb6775ad6f. Falling back to browser navigation. TypeError: Failed to fetch
    at createFetch (http://localhost:3000/_next/static/chunks/node_modules_next_dist_client_17643121._.js:2588:24)
    at fetchServerResponse (http://localhost:3000/_next/static/chunks/node_modules_next_dist_client_17643121._.js:2490:27)
    at fetchMissingDynamicData (http://localhost:3000/_next/static/chunks/node_modules_next_dist_client_17643121._.js:3654:75)
    at spawnDynamicRequests (http://localhost:3000/_next/static/chunks/node_modules_next_dist_client_17643121._.js:3501:35)
    at navigateToSeededRoute (http://localhost:3000/_next/static/chunks/node_modules_next_dist_client_17643121._.js:7741:50)
    at refreshDynamicData (http://localhost:3000/_next/static/chunks/node_modules_next_dist_client_17643121._.js:8347:58)
    at hmrRefreshReducer (http://localhost:3000/_next/static/chunks/node_modules_next_dist_client_17643121._.js:8513:51)
    at clientReducer (http://localhost:3000/_next/static/chunks/node_modules_next_dist_client_17643121._.js:9081:65)
    at Object.action (http://localhost:3000/_next/static/chunks/node_modules_next_dist_client_17643121._.js:9310:55)
    at runAction (http://localhost:3000/_next/static/chunks/node_modules_next_dist_client_17643121._.js:9215:38)
    at dispatchAction (http://localhost:3000/_next/static/chunks/node_modules_next_dist_client_17643121._.js:9278:9)
    at Object.dispatch (http://localhost:3000/_next/static/chunks/node_modules_next_dist_client_17643121._.js:9308:40)
    at http://localhost:3000/_next/static/chunks/node_modules_next_dist_client_17643121._.js:1489:29
    at startTransition (http://localhost:3000/_next/static/chunks/node_modules_next_dist_compiled_react-dom_1e674e59._.js:5500:31)
    at dispatch (http://localhost:3000/_next/static/chunks/node_modules_next_dist_client_17643121._.js:1488:13)
    at dispatchAppRouterAction (http://localhost:3000/_next/static/chunks/node_modules_next_dist_client_17643121._.js:1470:5)
    at http://localhost:3000/_next/static/chunks/node_modules_next_dist_client_17643121._.js:9439:61
    at startTransition (http://localhost:3000/_next/static/chunks/node_modules_next_dist_compiled_a0e4c7b4._.js:1279:31)
    at Object.hmrRefresh (http://localhost:3000/_next/static/chunks/node_modules_next_dist_client_17643121._.js:9438:40)
    at processMessage (http://localhost:3000/_next/static/chunks/node_modules_next_dist_client_17643121._.js:11643:67)
    at WebSocket.handleMessage (http://localhost:3000/_next/static/chunks/node_modules_next_dist_client_17643121._.js:10914:52) @ http://localhost:3000/_next/static/chunks/node_modules_next_dist_f3530cac._.js:3127
[27981381ms] [ERROR] Failed to load resource: net::ERR_CONNECTION_REFUSED @ http://localhost:3000/contracts/d9258b20-b3c3-4101-ad68-f4fb6775ad6f?_rsc=1bsdz:0
[27981381ms] [ERROR] Failed to fetch RSC payload for http://localhost:3000/contracts/d9258b20-b3c3-4101-ad68-f4fb6775ad6f. Falling back to browser navigation. TypeError: Failed to fetch
    at createFetch (http://localhost:3000/_next/static/chunks/node_modules_next_dist_client_17643121._.js:2588:24)
    at fetchServerResponse (http://localhost:3000/_next/static/chunks/node_modules_next_dist_client_17643121._.js:2490:27)
    at fetchMissingDynamicData (http://localhost:3000/_next/static/chunks/node_modules_next_dist_client_17643121._.js:3654:75)
    at spawnDynamicRequests (http://localhost:3000/_next/static/chunks/node_modules_next_dist_client_17643121._.js:3501:35)
    at navigateToSeededRoute (http://localhost:3000/_next/static/chunks/node_modules_next_dist_client_17643121._.js:7741:50)
    at refreshDynamicData (http://localhost:3000/_next/static/chunks/node_modules_next_dist_client_17643121._.js:8347:58)
    at hmrRefreshReducer (http://localhost:3000/_next/static/chunks/node_modules_next_dist_client_17643121._.js:8513:51)
    at clientReducer (http://localhost:3000/_next/static/chunks/node_modules_next_dist_client_17643121._.js:9081:65)
    at Object.action (http://localhost:3000/_next/static/chunks/node_modules_next_dist_client_17643121._.js:9310:55)
    at runAction (http://localhost:3000/_next/static/chunks/node_modules_next_dist_client_17643121._.js:9215:38)
    at dispatchAction (http://localhost:3000/_next/static/chunks/node_modules_next_dist_client_17643121._.js:9278:9)
    at Object.dispatch (http://localhost:3000/_next/static/chunks/node_modules_next_dist_client_17643121._.js:9308:40)
    at http://localhost:3000/_next/static/chunks/node_modules_next_dist_client_17643121._.js:1489:29
    at startTransition (http://localhost:3000/_next/static/chunks/node_modules_next_dist_compiled_react-dom_1e674e59._.js:5500:31)
    at dispatch (http://localhost:3000/_next/static/chunks/node_modules_next_dist_client_17643121._.js:1488:13)
    at dispatchAppRouterAction (http://localhost:3000/_next/static/chunks/node_modules_next_dist_client_17643121._.js:1470:5)
    at http://localhost:3000/_next/static/chunks/node_modules_next_dist_client_17643121._.js:9439:61
    at startTransition (http://localhost:3000/_next/static/chunks/node_modules_next_dist_compiled_a0e4c7b4._.js:1279:31)
    at Object.hmrRefresh (http://localhost:3000/_next/static/chunks/node_modules_next_dist_client_17643121._.js:9438:40)
    at processMessage (http://localhost:3000/_next/static/chunks/node_modules_next_dist_client_17643121._.js:11643:67)
    at WebSocket.handleMessage (http://localhost:3000/_next/static/chunks/node_modules_next_dist_client_17643121._.js:10914:52) @ http://localhost:3000/_next/static/chunks/node_modules_next_dist_f3530cac._.js:3127
[27981382ms] [ERROR] Failed to load resource: net::ERR_CONNECTION_REFUSED @ http://localhost:3000/contracts/d9258b20-b3c3-4101-ad68-f4fb6775ad6f?_rsc=1bsdz:0
[27981382ms] [ERROR] Failed to fetch RSC payload for http://localhost:3000/contracts/d9258b20-b3c3-4101-ad68-f4fb6775ad6f. Falling back to browser navigation. TypeError: Failed to fetch
    at createFetch (http://localhost:3000/_next/static/chunks/node_modules_next_dist_client_17643121._.js:2588:24)
    at fetchServerResponse (http://localhost:3000/_next/static/chunks/node_modules_next_dist_client_17643121._.js:2490:27)
    at fetchMissingDynamicData (http://localhost:3000/_next/static/chunks/node_modules_next_dist_client_17643121._.js:3654:75)
    at spawnDynamicRequests (http://localhost:3000/_next/static/chunks/node_modules_next_dist_client_17643121._.js:3501:35)
    at navigateToSeededRoute (http://localhost:3000/_next/static/chunks/node_modules_next_dist_client_17643121._.js:7741:50)
    at refreshDynamicData (http://localhost:3000/_next/static/chunks/node_modules_next_dist_client_17643121._.js:8347:58)
    at hmrRefreshReducer (http://localhost:3000/_next/static/chunks/node_modules_next_dist_client_17643121._.js:8513:51)
    at clientReducer (http://localhost:3000/_next/static/chunks/node_modules_next_dist_client_17643121._.js:9081:65)
    at Object.action (http://localhost:3000/_next/static/chunks/node_modules_next_dist_client_17643121._.js:9310:55)
    at runAction (http://localhost:3000/_next/static/chunks/node_modules_next_dist_client_17643121._.js:9215:38)
    at dispatchAction (http://localhost:3000/_next/static/chunks/node_modules_next_dist_client_17643121._.js:9278:9)
    at Object.dispatch (http://localhost:3000/_next/static/chunks/node_modules_next_dist_client_17643121._.js:9308:40)
    at http://localhost:3000/_next/static/chunks/node_modules_next_dist_client_17643121._.js:1489:29
    at startTransition (http://localhost:3000/_next/static/chunks/node_modules_next_dist_compiled_react-dom_1e674e59._.js:5500:31)
    at dispatch (http://localhost:3000/_next/static/chunks/node_modules_next_dist_client_17643121._.js:1488:13)
    at dispatchAppRouterAction (http://localhost:3000/_next/static/chunks/node_modules_next_dist_client_17643121._.js:1470:5)
    at http://localhost:3000/_next/static/chunks/node_modules_next_dist_client_17643121._.js:9439:61
    at startTransition (http://localhost:3000/_next/static/chunks/node_modules_next_dist_compiled_a0e4c7b4._.js:1279:31)
    at Object.hmrRefresh (http://localhost:3000/_next/static/chunks/node_modules_next_dist_client_17643121._.js:9438:40)
    at processMessage (http://localhost:3000/_next/static/chunks/node_modules_next_dist_client_17643121._.js:11643:67)
    at WebSocket.handleMessage (http://localhost:3000/_next/static/chunks/node_modules_next_dist_client_17643121._.js:10914:52) @ http://localhost:3000/_next/static/chunks/node_modules_next_dist_f3530cac._.js:3127
[27981383ms] [ERROR] Failed to load resource: net::ERR_CONNECTION_REFUSED @ http://localhost:3000/contracts/d9258b20-b3c3-4101-ad68-f4fb6775ad6f?_rsc=1bsdz:0
[27981383ms] [ERROR] Failed to fetch RSC payload for http://localhost:3000/contracts/d9258b20-b3c3-4101-ad68-f4fb6775ad6f. Falling back to browser navigation. TypeError: Failed to fetch
    at createFetch (http://localhost:3000/_next/static/chunks/node_modules_next_dist_client_17643121._.js:2588:24)
    at fetchServerResponse (http://localhost:3000/_next/static/chunks/node_modules_next_dist_client_17643121._.js:2490:27)
    at fetchMissingDynamicData (http://localhost:3000/_next/static/chunks/node_modules_next_dist_client_17643121._.js:3654:75)
    at spawnDynamicRequests (http://localhost:3000/_next/static/chunks/node_modules_next_dist_client_17643121._.js:3501:35)
    at navigateToSeededRoute (http://localhost:3000/_next/static/chunks/node_modules_next_dist_client_17643121._.js:7741:50)
    at refreshDynamicData (http://localhost:3000/_next/static/chunks/node_modules_next_dist_client_17643121._.js:8347:58)
    at hmrRefreshReducer (http://localhost:3000/_next/static/chunks/node_modules_next_dist_client_17643121._.js:8513:51)
    at clientReducer (http://localhost:3000/_next/static/chunks/node_modules_next_dist_client_17643121._.js:9081:65)
    at Object.action (http://localhost:3000/_next/static/chunks/node_modules_next_dist_client_17643121._.js:9310:55)
    at runAction (http://localhost:3000/_next/static/chunks/node_modules_next_dist_client_17643121._.js:9215:38)
    at dispatchAction (http://localhost:3000/_next/static/chunks/node_modules_next_dist_client_17643121._.js:9278:9)
    at Object.dispatch (http://localhost:3000/_next/static/chunks/node_modules_next_dist_client_17643121._.js:9308:40)
    at http://localhost:3000/_next/static/chunks/node_modules_next_dist_client_17643121._.js:1489:29
    at startTransition (http://localhost:3000/_next/static/chunks/node_modules_next_dist_compiled_react-dom_1e674e59._.js:5500:31)
    at dispatch (http://localhost:3000/_next/static/chunks/node_modules_next_dist_client_17643121._.js:1488:13)
    at dispatchAppRouterAction (http://localhost:3000/_next/static/chunks/node_modules_next_dist_client_17643121._.js:1470:5)
    at http://localhost:3000/_next/static/chunks/node_modules_next_dist_client_17643121._.js:9439:61
    at startTransition (http://localhost:3000/_next/static/chunks/node_modules_next_dist_compiled_a0e4c7b4._.js:1279:31)
    at Object.hmrRefresh (http://localhost:3000/_next/static/chunks/node_modules_next_dist_client_17643121._.js:9438:40)
    at processMessage (http://localhost:3000/_next/static/chunks/node_modules_next_dist_client_17643121._.js:11643:67)
    at WebSocket.handleMessage (http://localhost:3000/_next/static/chunks/node_modules_next_dist_client_17643121._.js:10914:52) @ http://localhost:3000/_next/static/chunks/node_modules_next_dist_f3530cac._.js:3127
[27981383ms] [ERROR] Failed to load resource: net::ERR_CONNECTION_REFUSED @ http://localhost:3000/contracts/d9258b20-b3c3-4101-ad68-f4fb6775ad6f?_rsc=1bsdz:0
[27981383ms] [ERROR] Failed to fetch RSC payload for http://localhost:3000/contracts/d9258b20-b3c3-4101-ad68-f4fb6775ad6f. Falling back to browser navigation. TypeError: Failed to fetch
    at createFetch (http://localhost:3000/_next/static/chunks/node_modules_next_dist_client_17643121._.js:2588:24)
    at fetchServerResponse (http://localhost:3000/_next/static/chunks/node_modules_next_dist_client_17643121._.js:2490:27)
    at fetchMissingDynamicData (http://localhost:3000/_next/static/chunks/node_modules_next_dist_client_17643121._.js:3654:75)
    at spawnDynamicRequests (http://localhost:3000/_next/static/chunks/node_modules_next_dist_client_17643121._.js:3501:35)
    at navigateToSeededRoute (http://localhost:3000/_next/static/chunks/node_modules_next_dist_client_17643121._.js:7741:50)
    at refreshDynamicData (http://localhost:3000/_next/static/chunks/node_modules_next_dist_client_17643121._.js:8347:58)
    at hmrRefreshReducer (http://localhost:3000/_next/static/chunks/node_modules_next_dist_client_17643121._.js:8513:51)
    at clientReducer (http://localhost:3000/_next/static/chunks/node_modules_next_dist_client_17643121._.js:9081:65)
    at Object.action (http://localhost:3000/_next/static/chunks/node_modules_next_dist_client_17643121._.js:9310:55)
    at runAction (http://localhost:3000/_next/static/chunks/node_modules_next_dist_client_17643121._.js:9215:38)
    at dispatchAction (http://localhost:3000/_next/static/chunks/node_modules_next_dist_client_17643121._.js:9278:9)
    at Object.dispatch (http://localhost:3000/_next/static/chunks/node_modules_next_dist_client_17643121._.js:9308:40)
    at http://localhost:3000/_next/static/chunks/node_modules_next_dist_client_17643121._.js:1489:29
    at startTransition (http://localhost:3000/_next/static/chunks/node_modules_next_dist_compiled_react-dom_1e674e59._.js:5500:31)
    at dispatch (http://localhost:3000/_next/static/chunks/node_modules_next_dist_client_17643121._.js:1488:13)
    at dispatchAppRouterAction (http://localhost:3000/_next/static/chunks/node_modules_next_dist_client_17643121._.js:1470:5)
    at http://localhost:3000/_next/static/chunks/node_modules_next_dist_client_17643121._.js:9439:61
    at startTransition (http://localhost:3000/_next/static/chunks/node_modules_next_dist_compiled_a0e4c7b4._.js:1279:31)
    at Object.hmrRefresh (http://localhost:3000/_next/static/chunks/node_modules_next_dist_client_17643121._.js:9438:40)
    at processMessage (http://localhost:3000/_next/static/chunks/node_modules_next_dist_client_17643121._.js:11643:67)
    at WebSocket.handleMessage (http://localhost:3000/_next/static/chunks/node_modules_next_dist_client_17643121._.js:10914:52) @ http://localhost:3000/_next/static/chunks/node_modules_next_dist_f3530cac._.js:3127
[27981383ms] [ERROR] Failed to load resource: net::ERR_CONNECTION_REFUSED @ http://localhost:3000/contracts/d9258b20-b3c3-4101-ad68-f4fb6775ad6f?_rsc=1bsdz:0
[27981383ms] [ERROR] Failed to fetch RSC payload for http://localhost:3000/contracts/d9258b20-b3c3-4101-ad68-f4fb6775ad6f. Falling back to browser navigation. TypeError: Failed to fetch
    at createFetch (http://localhost:3000/_next/static/chunks/node_modules_next_dist_client_17643121._.js:2588:24)
    at fetchServerResponse (http://localhost:3000/_next/static/chunks/node_modules_next_dist_client_17643121._.js:2490:27)
    at fetchMissingDynamicData (http://localhost:3000/_next/static/chunks/node_modules_next_dist_client_17643121._.js:3654:75)
    at spawnDynamicRequests (http://localhost:3000/_next/static/chunks/node_modules_next_dist_client_17643121._.js:3501:35)
    at navigateToSeededRoute (http://localhost:3000/_next/static/chunks/node_modules_next_dist_client_17643121._.js:7741:50)
    at refreshDynamicData (http://localhost:3000/_next/static/chunks/node_modules_next_dist_client_17643121._.js:8347:58)
    at hmrRefreshReducer (http://localhost:3000/_next/static/chunks/node_modules_next_dist_client_17643121._.js:8513:51)
    at clientReducer (http://localhost:3000/_next/static/chunks/node_modules_next_dist_client_17643121._.js:9081:65)
    at Object.action (http://localhost:3000/_next/static/chunks/node_modules_next_dist_client_17643121._.js:9310:55)
    at runAction (http://localhost:3000/_next/static/chunks/node_modules_next_dist_client_17643121._.js:9215:38)
    at dispatchAction (http://localhost:3000/_next/static/chunks/node_modules_next_dist_client_17643121._.js:9278:9)
    at Object.dispatch (http://localhost:3000/_next/static/chunks/node_modules_next_dist_client_17643121._.js:9308:40)
    at http://localhost:3000/_next/static/chunks/node_modules_next_dist_client_17643121._.js:1489:29
    at startTransition (http://localhost:3000/_next/static/chunks/node_modules_next_dist_compiled_react-dom_1e674e59._.js:5500:31)
    at dispatch (http://localhost:3000/_next/static/chunks/node_modules_next_dist_client_17643121._.js:1488:13)
    at dispatchAppRouterAction (http://localhost:3000/_next/static/chunks/node_modules_next_dist_client_17643121._.js:1470:5)
    at http://localhost:3000/_next/static/chunks/node_modules_next_dist_client_17643121._.js:9439:61
    at startTransition (http://localhost:3000/_next/static/chunks/node_modules_next_dist_compiled_a0e4c7b4._.js:1279:31)
    at Object.hmrRefresh (http://localhost:3000/_next/static/chunks/node_modules_next_dist_client_17643121._.js:9438:40)
    at processMessage (http://localhost:3000/_next/static/chunks/node_modules_next_dist_client_17643121._.js:11643:67)
    at WebSocket.handleMessage (http://localhost:3000/_next/static/chunks/node_modules_next_dist_client_17643121._.js:10914:52) @ http://localhost:3000/_next/static/chunks/node_modules_next_dist_f3530cac._.js:3127
[27981384ms] [ERROR] Failed to load resource: net::ERR_CONNECTION_REFUSED @ http://localhost:3000/contracts/d9258b20-b3c3-4101-ad68-f4fb6775ad6f?_rsc=1bsdz:0
[27981384ms] [ERROR] Failed to fetch RSC payload for http://localhost:3000/contracts/d9258b20-b3c3-4101-ad68-f4fb6775ad6f. Falling back to browser navigation. TypeError: Failed to fetch
    at createFetch (http://localhost:3000/_next/static/chunks/node_modules_next_dist_client_17643121._.js:2588:24)
    at fetchServerResponse (http://localhost:3000/_next/static/chunks/node_modules_next_dist_client_17643121._.js:2490:27)
    at fetchMissingDynamicData (http://localhost:3000/_next/static/chunks/node_modules_next_dist_client_17643121._.js:3654:75)
    at spawnDynamicRequests (http://localhost:3000/_next/static/chunks/node_modules_next_dist_client_17643121._.js:3501:35)
    at navigateToSeededRoute (http://localhost:3000/_next/static/chunks/node_modules_next_dist_client_17643121._.js:7741:50)
    at refreshDynamicData (http://localhost:3000/_next/static/chunks/node_modules_next_dist_client_17643121._.js:8347:58)
    at hmrRefreshReducer (http://localhost:3000/_next/static/chunks/node_modules_next_dist_client_17643121._.js:8513:51)
    at clientReducer (http://localhost:3000/_next/static/chunks/node_modules_next_dist_client_17643121._.js:9081:65)
    at Object.action (http://localhost:3000/_next/static/chunks/node_modules_next_dist_client_17643121._.js:9310:55)
    at runAction (http://localhost:3000/_next/static/chunks/node_modules_next_dist_client_17643121._.js:9215:38)
    at dispatchAction (http://localhost:3000/_next/static/chunks/node_modules_next_dist_client_17643121._.js:9278:9)
    at Object.dispatch (http://localhost:3000/_next/static/chunks/node_modules_next_dist_client_17643121._.js:9308:40)
    at http://localhost:3000/_next/static/chunks/node_modules_next_dist_client_17643121._.js:1489:29
    at startTransition (http://localhost:3000/_next/static/chunks/node_modules_next_dist_compiled_react-dom_1e674e59._.js:5500:31)
    at dispatch (http://localhost:3000/_next/static/chunks/node_modules_next_dist_client_17643121._.js:1488:13)
    at dispatchAppRouterAction (http://localhost:3000/_next/static/chunks/node_modules_next_dist_client_17643121._.js:1470:5)
    at http://localhost:3000/_next/static/chunks/node_modules_next_dist_client_17643121._.js:9439:61
    at startTransition (http://localhost:3000/_next/static/chunks/node_modules_next_dist_compiled_a0e4c7b4._.js:1279:31)
    at Object.hmrRefresh (http://localhost:3000/_next/static/chunks/node_modules_next_dist_client_17643121._.js:9438:40)
    at processMessage (http://localhost:3000/_next/static/chunks/node_modules_next_dist_client_17643121._.js:11643:67)
    at WebSocket.handleMessage (http://localhost:3000/_next/static/chunks/node_modules_next_dist_client_17643121._.js:10914:52) @ http://localhost:3000/_next/static/chunks/node_modules_next_dist_f3530cac._.js:3127
[27981384ms] [ERROR] Failed to load resource: net::ERR_CONNECTION_REFUSED @ http://localhost:3000/contracts/d9258b20-b3c3-4101-ad68-f4fb6775ad6f?_rsc=1bsdz:0
[27981384ms] [ERROR] Failed to fetch RSC payload for http://localhost:3000/contracts/d9258b20-b3c3-4101-ad68-f4fb6775ad6f. Falling back to browser navigation. TypeError: Failed to fetch
    at createFetch (http://localhost:3000/_next/static/chunks/node_modules_next_dist_client_17643121._.js:2588:24)
    at fetchServerResponse (http://localhost:3000/_next/static/chunks/node_modules_next_dist_client_17643121._.js:2490:27)
    at fetchMissingDynamicData (http://localhost:3000/_next/static/chunks/node_modules_next_dist_client_17643121._.js:3654:75)
    at spawnDynamicRequests (http://localhost:3000/_next/static/chunks/node_modules_next_dist_client_17643121._.js:3501:35)
    at navigateToSeededRoute (http://localhost:3000/_next/static/chunks/node_modules_next_dist_client_17643121._.js:7741:50)
    at refreshDynamicData (http://localhost:3000/_next/static/chunks/node_modules_next_dist_client_17643121._.js:8347:58)
    at hmrRefreshReducer (http://localhost:3000/_next/static/chunks/node_modules_next_dist_client_17643121._.js:8513:51)
    at clientReducer (http://localhost:3000/_next/static/chunks/node_modules_next_dist_client_17643121._.js:9081:65)
    at Object.action (http://localhost:3000/_next/static/chunks/node_modules_next_dist_client_17643121._.js:9310:55)
    at runAction (http://localhost:3000/_next/static/chunks/node_modules_next_dist_client_17643121._.js:9215:38)
    at dispatchAction (http://localhost:3000/_next/static/chunks/node_modules_next_dist_client_17643121._.js:9278:9)
    at Object.dispatch (http://localhost:3000/_next/static/chunks/node_modules_next_dist_client_17643121._.js:9308:40)
    at http://localhost:3000/_next/static/chunks/node_modules_next_dist_client_17643121._.js:1489:29
    at startTransition (http://localhost:3000/_next/static/chunks/node_modules_next_dist_compiled_react-dom_1e674e59._.js:5500:31)
    at dispatch (http://localhost:3000/_next/static/chunks/node_modules_next_dist_client_17643121._.js:1488:13)
    at dispatchAppRouterAction (http://localhost:3000/_next/static/chunks/node_modules_next_dist_client_17643121._.js:1470:5)
    at http://localhost:3000/_next/static/chunks/node_modules_next_dist_client_17643121._.js:9439:61
    at startTransition (http://localhost:3000/_next/static/chunks/node_modules_next_dist_compiled_a0e4c7b4._.js:1279:31)
    at Object.hmrRefresh (http://localhost:3000/_next/static/chunks/node_modules_next_dist_client_17643121._.js:9438:40)
    at processMessage (http://localhost:3000/_next/static/chunks/node_modules_next_dist_client_17643121._.js:11643:67)
    at WebSocket.handleMessage (http://localhost:3000/_next/static/chunks/node_modules_next_dist_client_17643121._.js:10914:52) @ http://localhost:3000/_next/static/chunks/node_modules_next_dist_f3530cac._.js:3127
[27981384ms] [ERROR] Failed to load resource: net::ERR_CONNECTION_REFUSED @ http://localhost:3000/contracts/d9258b20-b3c3-4101-ad68-f4fb6775ad6f?_rsc=1bsdz:0
[27981384ms] [ERROR] Failed to fetch RSC payload for http://localhost:3000/contracts/d9258b20-b3c3-4101-ad68-f4fb6775ad6f. Falling back to browser navigation. TypeError: Failed to fetch
    at createFetch (http://localhost:3000/_next/static/chunks/node_modules_next_dist_client_17643121._.js:2588:24)
    at fetchServerResponse (http://localhost:3000/_next/static/chunks/node_modules_next_dist_client_17643121._.js:2490:27)
    at fetchMissingDynamicData (http://localhost:3000/_next/static/chunks/node_modules_next_dist_client_17643121._.js:3654:75)
    at spawnDynamicRequests (http://localhost:3000/_next/static/chunks/node_modules_next_dist_client_17643121._.js:3501:35)
    at navigateToSeededRoute (http://localhost:3000/_next/static/chunks/node_modules_next_dist_client_17643121._.js:7741:50)
    at refreshDynamicData (http://localhost:3000/_next/static/chunks/node_modules_next_dist_client_17643121._.js:8347:58)
    at hmrRefreshReducer (http://localhost:3000/_next/static/chunks/node_modules_next_dist_client_17643121._.js:8513:51)
    at clientReducer (http://localhost:3000/_next/static/chunks/node_modules_next_dist_client_17643121._.js:9081:65)
    at Object.action (http://localhost:3000/_next/static/chunks/node_modules_next_dist_client_17643121._.js:9310:55)
    at runAction (http://localhost:3000/_next/static/chunks/node_modules_next_dist_client_17643121._.js:9215:38)
    at dispatchAction (http://localhost:3000/_next/static/chunks/node_modules_next_dist_client_17643121._.js:9278:9)
    at Object.dispatch (http://localhost:3000/_next/static/chunks/node_modules_next_dist_client_17643121._.js:9308:40)
    at http://localhost:3000/_next/static/chunks/node_modules_next_dist_client_17643121._.js:1489:29
    at startTransition (http://localhost:3000/_next/static/chunks/node_modules_next_dist_compiled_react-dom_1e674e59._.js:5500:31)
    at dispatch (http://localhost:3000/_next/static/chunks/node_modules_next_dist_client_17643121._.js:1488:13)
    at dispatchAppRouterAction (http://localhost:3000/_next/static/chunks/node_modules_next_dist_client_17643121._.js:1470:5)
    at http://localhost:3000/_next/static/chunks/node_modules_next_dist_client_17643121._.js:9439:61
    at startTransition (http://localhost:3000/_next/static/chunks/node_modules_next_dist_compiled_a0e4c7b4._.js:1279:31)
    at Object.hmrRefresh (http://localhost:3000/_next/static/chunks/node_modules_next_dist_client_17643121._.js:9438:40)
    at processMessage (http://localhost:3000/_next/static/chunks/node_modules_next_dist_client_17643121._.js:11643:67)
    at WebSocket.handleMessage (http://localhost:3000/_next/static/chunks/node_modules_next_dist_client_17643121._.js:10914:52) @ http://localhost:3000/_next/static/chunks/node_modules_next_dist_f3530cac._.js:3127
[27981384ms] [ERROR] Failed to load resource: net::ERR_CONNECTION_REFUSED @ http://localhost:3000/contracts/d9258b20-b3c3-4101-ad68-f4fb6775ad6f?_rsc=1bsdz:0
[27981385ms] [ERROR] Failed to fetch RSC payload for http://localhost:3000/contracts/d9258b20-b3c3-4101-ad68-f4fb6775ad6f. Falling back to browser navigation. TypeError: Failed to fetch
    at createFetch (http://localhost:3000/_next/static/chunks/node_modules_next_dist_client_17643121._.js:2588:24)
    at fetchServerResponse (http://localhost:3000/_next/static/chunks/node_modules_next_dist_client_17643121._.js:2490:27)
    at fetchMissingDynamicData (http://localhost:3000/_next/static/chunks/node_modules_next_dist_client_17643121._.js:3654:75)
    at spawnDynamicRequests (http://localhost:3000/_next/static/chunks/node_modules_next_dist_client_17643121._.js:3501:35)
    at navigateToSeededRoute (http://localhost:3000/_next/static/chunks/node_modules_next_dist_client_17643121._.js:7741:50)
    at refreshDynamicData (http://localhost:3000/_next/static/chunks/node_modules_next_dist_client_17643121._.js:8347:58)
    at hmrRefreshReducer (http://localhost:3000/_next/static/chunks/node_modules_next_dist_client_17643121._.js:8513:51)
    at clientReducer (http://localhost:3000/_next/static/chunks/node_modules_next_dist_client_17643121._.js:9081:65)
    at Object.action (http://localhost:3000/_next/static/chunks/node_modules_next_dist_client_17643121._.js:9310:55)
    at runAction (http://localhost:3000/_next/static/chunks/node_modules_next_dist_client_17643121._.js:9215:38)
    at dispatchAction (http://localhost:3000/_next/static/chunks/node_modules_next_dist_client_17643121._.js:9278:9)
    at Object.dispatch (http://localhost:3000/_next/static/chunks/node_modules_next_dist_client_17643121._.js:9308:40)
    at http://localhost:3000/_next/static/chunks/node_modules_next_dist_client_17643121._.js:1489:29
    at startTransition (http://localhost:3000/_next/static/chunks/node_modules_next_dist_compiled_react-dom_1e674e59._.js:5500:31)
    at dispatch (http://localhost:3000/_next/static/chunks/node_modules_next_dist_client_17643121._.js:1488:13)
    at dispatchAppRouterAction (http://localhost:3000/_next/static/chunks/node_modules_next_dist_client_17643121._.js:1470:5)
    at http://localhost:3000/_next/static/chunks/node_modules_next_dist_client_17643121._.js:9439:61
    at startTransition (http://localhost:3000/_next/static/chunks/node_modules_next_dist_compiled_a0e4c7b4._.js:1279:31)
    at Object.hmrRefresh (http://localhost:3000/_next/static/chunks/node_modules_next_dist_client_17643121._.js:9438:40)
    at processMessage (http://localhost:3000/_next/static/chunks/node_modules_next_dist_client_17643121._.js:11643:67)
    at WebSocket.handleMessage (http://localhost:3000/_next/static/chunks/node_modules_next_dist_client_17643121._.js:10914:52) @ http://localhost:3000/_next/static/chunks/node_modules_next_dist_f3530cac._.js:3127
[27981385ms] [ERROR] Failed to load resource: net::ERR_CONNECTION_REFUSED @ http://localhost:3000/contracts/d9258b20-b3c3-4101-ad68-f4fb6775ad6f?_rsc=1bsdz:0
[27981385ms] [ERROR] Failed to fetch RSC payload for http://localhost:3000/contracts/d9258b20-b3c3-4101-ad68-f4fb6775ad6f. Falling back to browser navigation. TypeError: Failed to fetch
    at createFetch (http://localhost:3000/_next/static/chunks/node_modules_next_dist_client_17643121._.js:2588:24)
    at fetchServerResponse (http://localhost:3000/_next/static/chunks/node_modules_next_dist_client_17643121._.js:2490:27)
    at fetchMissingDynamicData (http://localhost:3000/_next/static/chunks/node_modules_next_dist_client_17643121._.js:3654:75)
    at spawnDynamicRequests (http://localhost:3000/_next/static/chunks/node_modules_next_dist_client_17643121._.js:3501:35)
    at navigateToSeededRoute (http://localhost:3000/_next/static/chunks/node_modules_next_dist_client_17643121._.js:7741:50)
    at refreshDynamicData (http://localhost:3000/_next/static/chunks/node_modules_next_dist_client_17643121._.js:8347:58)
    at hmrRefreshReducer (http://localhost:3000/_next/static/chunks/node_modules_next_dist_client_17643121._.js:8513:51)
    at clientReducer (http://localhost:3000/_next/static/chunks/node_modules_next_dist_client_17643121._.js:9081:65)
    at Object.action (http://localhost:3000/_next/static/chunks/node_modules_next_dist_client_17643121._.js:9310:55)
    at runAction (http://localhost:3000/_next/static/chunks/node_modules_next_dist_client_17643121._.js:9215:38)
    at dispatchAction (http://localhost:3000/_next/static/chunks/node_modules_next_dist_client_17643121._.js:9278:9)
    at Object.dispatch (http://localhost:3000/_next/static/chunks/node_modules_next_dist_client_17643121._.js:9308:40)
    at http://localhost:3000/_next/static/chunks/node_modules_next_dist_client_17643121._.js:1489:29
    at startTransition (http://localhost:3000/_next/static/chunks/node_modules_next_dist_compiled_react-dom_1e674e59._.js:5500:31)
    at dispatch (http://localhost:3000/_next/static/chunks/node_modules_next_dist_client_17643121._.js:1488:13)
    at dispatchAppRouterAction (http://localhost:3000/_next/static/chunks/node_modules_next_dist_client_17643121._.js:1470:5)
    at http://localhost:3000/_next/static/chunks/node_modules_next_dist_client_17643121._.js:9439:61
    at startTransition (http://localhost:3000/_next/static/chunks/node_modules_next_dist_compiled_a0e4c7b4._.js:1279:31)
    at Object.hmrRefresh (http://localhost:3000/_next/static/chunks/node_modules_next_dist_client_17643121._.js:9438:40)
    at processMessage (http://localhost:3000/_next/static/chunks/node_modules_next_dist_client_17643121._.js:11643:67)
    at WebSocket.handleMessage (http://localhost:3000/_next/static/chunks/node_modules_next_dist_client_17643121._.js:10914:52) @ http://localhost:3000/_next/static/chunks/node_modules_next_dist_f3530cac._.js:3127
[27981385ms] [ERROR] Failed to load resource: net::ERR_CONNECTION_REFUSED @ http://localhost:3000/contracts/d9258b20-b3c3-4101-ad68-f4fb6775ad6f?_rsc=1bsdz:0
[27981385ms] [ERROR] Failed to fetch RSC payload for http://localhost:3000/contracts/d9258b20-b3c3-4101-ad68-f4fb6775ad6f. Falling back to browser navigation. TypeError: Failed to fetch
    at createFetch (http://localhost:3000/_next/static/chunks/node_modules_next_dist_client_17643121._.js:2588:24)
    at fetchServerResponse (http://localhost:3000/_next/static/chunks/node_modules_next_dist_client_17643121._.js:2490:27)
    at fetchMissingDynamicData (http://localhost:3000/_next/static/chunks/node_modules_next_dist_client_17643121._.js:3654:75)
    at spawnDynamicRequests (http://localhost:3000/_next/static/chunks/node_modules_next_dist_client_17643121._.js:3501:35)
    at navigateToSeededRoute (http://localhost:3000/_next/static/chunks/node_modules_next_dist_client_17643121._.js:7741:50)
    at refreshDynamicData (http://localhost:3000/_next/static/chunks/node_modules_next_dist_client_17643121._.js:8347:58)
    at hmrRefreshReducer (http://localhost:3000/_next/static/chunks/node_modules_next_dist_client_17643121._.js:8513:51)
    at clientReducer (http://localhost:3000/_next/static/chunks/node_modules_next_dist_client_17643121._.js:9081:65)
    at Object.action (http://localhost:3000/_next/static/chunks/node_modules_next_dist_client_17643121._.js:9310:55)
    at runAction (http://localhost:3000/_next/static/chunks/node_modules_next_dist_client_17643121._.js:9215:38)
    at dispatchAction (http://localhost:3000/_next/static/chunks/node_modules_next_dist_client_17643121._.js:9278:9)
    at Object.dispatch (http://localhost:3000/_next/static/chunks/node_modules_next_dist_client_17643121._.js:9308:40)
    at http://localhost:3000/_next/static/chunks/node_modules_next_dist_client_17643121._.js:1489:29
    at startTransition (http://localhost:3000/_next/static/chunks/node_modules_next_dist_compiled_react-dom_1e674e59._.js:5500:31)
    at dispatch (http://localhost:3000/_next/static/chunks/node_modules_next_dist_client_17643121._.js:1488:13)
    at dispatchAppRouterAction (http://localhost:3000/_next/static/chunks/node_modules_next_dist_client_17643121._.js:1470:5)
    at http://localhost:3000/_next/static/chunks/node_modules_next_dist_client_17643121._.js:9439:61
    at startTransition (http://localhost:3000/_next/static/chunks/node_modules_next_dist_compiled_a0e4c7b4._.js:1279:31)
    at Object.hmrRefresh (http://localhost:3000/_next/static/chunks/node_modules_next_dist_client_17643121._.js:9438:40)
    at processMessage (http://localhost:3000/_next/static/chunks/node_modules_next_dist_client_17643121._.js:11643:67)
    at WebSocket.handleMessage (http://localhost:3000/_next/static/chunks/node_modules_next_dist_client_17643121._.js:10914:52) @ http://localhost:3000/_next/static/chunks/node_modules_next_dist_f3530cac._.js:3127
[27981385ms] [ERROR] Failed to load resource: net::ERR_CONNECTION_REFUSED @ http://localhost:3000/contracts/d9258b20-b3c3-4101-ad68-f4fb6775ad6f?_rsc=1bsdz:0
[27981385ms] [ERROR] Failed to fetch RSC payload for http://localhost:3000/contracts/d9258b20-b3c3-4101-ad68-f4fb6775ad6f. Falling back to browser navigation. TypeError: Failed to fetch
    at createFetch (http://localhost:3000/_next/static/chunks/node_modules_next_dist_client_17643121._.js:2588:24)
    at fetchServerResponse (http://localhost:3000/_next/static/chunks/node_modules_next_dist_client_17643121._.js:2490:27)
    at fetchMissingDynamicData (http://localhost:3000/_next/static/chunks/node_modules_next_dist_client_17643121._.js:3654:75)
    at spawnDynamicRequests (http://localhost:3000/_next/static/chunks/node_modules_next_dist_client_17643121._.js:3501:35)
    at navigateToSeededRoute (http://localhost:3000/_next/static/chunks/node_modules_next_dist_client_17643121._.js:7741:50)
    at refreshDynamicData (http://localhost:3000/_next/static/chunks/node_modules_next_dist_client_17643121._.js:8347:58)
    at hmrRefreshReducer (http://localhost:3000/_next/static/chunks/node_modules_next_dist_client_17643121._.js:8513:51)
    at clientReducer (http://localhost:3000/_next/static/chunks/node_modules_next_dist_client_17643121._.js:9081:65)
    at Object.action (http://localhost:3000/_next/static/chunks/node_modules_next_dist_client_17643121._.js:9310:55)
    at runAction (http://localhost:3000/_next/static/chunks/node_modules_next_dist_client_17643121._.js:9215:38)
    at dispatchAction (http://localhost:3000/_next/static/chunks/node_modules_next_dist_client_17643121._.js:9278:9)
    at Object.dispatch (http://localhost:3000/_next/static/chunks/node_modules_next_dist_client_17643121._.js:9308:40)
    at http://localhost:3000/_next/static/chunks/node_modules_next_dist_client_17643121._.js:1489:29
    at startTransition (http://localhost:3000/_next/static/chunks/node_modules_next_dist_compiled_react-dom_1e674e59._.js:5500:31)
    at dispatch (http://localhost:3000/_next/static/chunks/node_modules_next_dist_client_17643121._.js:1488:13)
    at dispatchAppRouterAction (http://localhost:3000/_next/static/chunks/node_modules_next_dist_client_17643121._.js:1470:5)
    at http://localhost:3000/_next/static/chunks/node_modules_next_dist_client_17643121._.js:9439:61
    at startTransition (http://localhost:3000/_next/static/chunks/node_modules_next_dist_compiled_a0e4c7b4._.js:1279:31)
    at Object.hmrRefresh (http://localhost:3000/_next/static/chunks/node_modules_next_dist_client_17643121._.js:9438:40)
    at processMessage (http://localhost:3000/_next/static/chunks/node_modules_next_dist_client_17643121._.js:11643:67)
    at WebSocket.handleMessage (http://localhost:3000/_next/static/chunks/node_modules_next_dist_client_17643121._.js:10914:52) @ http://localhost:3000/_next/static/chunks/node_modules_next_dist_f3530cac._.js:3127
[27981386ms] [ERROR] Failed to load resource: net::ERR_CONNECTION_REFUSED @ http://localhost:3000/contracts/d9258b20-b3c3-4101-ad68-f4fb6775ad6f?_rsc=1bsdz:0
[27981386ms] [ERROR] Failed to fetch RSC payload for http://localhost:3000/contracts/d9258b20-b3c3-4101-ad68-f4fb6775ad6f. Falling back to browser navigation. TypeError: Failed to fetch
    at createFetch (http://localhost:3000/_next/static/chunks/node_modules_next_dist_client_17643121._.js:2588:24)
    at fetchServerResponse (http://localhost:3000/_next/static/chunks/node_modules_next_dist_client_17643121._.js:2490:27)
    at fetchMissingDynamicData (http://localhost:3000/_next/static/chunks/node_modules_next_dist_client_17643121._.js:3654:75)
    at spawnDynamicRequests (http://localhost:3000/_next/static/chunks/node_modules_next_dist_client_17643121._.js:3501:35)
    at navigateToSeededRoute (http://localhost:3000/_next/static/chunks/node_modules_next_dist_client_17643121._.js:7741:50)
    at refreshDynamicData (http://localhost:3000/_next/static/chunks/node_modules_next_dist_client_17643121._.js:8347:58)
    at hmrRefreshReducer (http://localhost:3000/_next/static/chunks/node_modules_next_dist_client_17643121._.js:8513:51)
    at clientReducer (http://localhost:3000/_next/static/chunks/node_modules_next_dist_client_17643121._.js:9081:65)
    at Object.action (http://localhost:3000/_next/static/chunks/node_modules_next_dist_client_17643121._.js:9310:55)
    at runAction (http://localhost:3000/_next/static/chunks/node_modules_next_dist_client_17643121._.js:9215:38)
    at dispatchAction (http://localhost:3000/_next/static/chunks/node_modules_next_dist_client_17643121._.js:9278:9)
    at Object.dispatch (http://localhost:3000/_next/static/chunks/node_modules_next_dist_client_17643121._.js:9308:40)
    at http://localhost:3000/_next/static/chunks/node_modules_next_dist_client_17643121._.js:1489:29
    at startTransition (http://localhost:3000/_next/static/chunks/node_modules_next_dist_compiled_react-dom_1e674e59._.js:5500:31)
    at dispatch (http://localhost:3000/_next/static/chunks/node_modules_next_dist_client_17643121._.js:1488:13)
    at dispatchAppRouterAction (http://localhost:3000/_next/static/chunks/node_modules_next_dist_client_17643121._.js:1470:5)
    at http://localhost:3000/_next/static/chunks/node_modules_next_dist_client_17643121._.js:9439:61
    at startTransition (http://localhost:3000/_next/static/chunks/node_modules_next_dist_compiled_a0e4c7b4._.js:1279:31)
    at Object.hmrRefresh (http://localhost:3000/_next/static/chunks/node_modules_next_dist_client_17643121._.js:9438:40)
    at processMessage (http://localhost:3000/_next/static/chunks/node_modules_next_dist_client_17643121._.js:11643:67)
    at WebSocket.handleMessage (http://localhost:3000/_next/static/chunks/node_modules_next_dist_client_17643121._.js:10914:52) @ http://localhost:3000/_next/static/chunks/node_modules_next_dist_f3530cac._.js:3127
[27981386ms] [ERROR] Failed to load resource: net::ERR_CONNECTION_REFUSED @ http://localhost:3000/contracts/d9258b20-b3c3-4101-ad68-f4fb6775ad6f?_rsc=1bsdz:0
[27981386ms] [ERROR] Failed to fetch RSC payload for http://localhost:3000/contracts/d9258b20-b3c3-4101-ad68-f4fb6775ad6f. Falling back to browser navigation. TypeError: Failed to fetch
    at createFetch (http://localhost:3000/_next/static/chunks/node_modules_next_dist_client_17643121._.js:2588:24)
    at fetchServerResponse (http://localhost:3000/_next/static/chunks/node_modules_next_dist_client_17643121._.js:2490:27)
    at fetchMissingDynamicData (http://localhost:3000/_next/static/chunks/node_modules_next_dist_client_17643121._.js:3654:75)
    at spawnDynamicRequests (http://localhost:3000/_next/static/chunks/node_modules_next_dist_client_17643121._.js:3501:35)
    at navigateToSeededRoute (http://localhost:3000/_next/static/chunks/node_modules_next_dist_client_17643121._.js:7741:50)
    at refreshDynamicData (http://localhost:3000/_next/static/chunks/node_modules_next_dist_client_17643121._.js:8347:58)
    at hmrRefreshReducer (http://localhost:3000/_next/static/chunks/node_modules_next_dist_client_17643121._.js:8513:51)
    at clientReducer (http://localhost:3000/_next/static/chunks/node_modules_next_dist_client_17643121._.js:9081:65)
    at Object.action (http://localhost:3000/_next/static/chunks/node_modules_next_dist_client_17643121._.js:9310:55)
    at runAction (http://localhost:3000/_next/static/chunks/node_modules_next_dist_client_17643121._.js:9215:38)
    at dispatchAction (http://localhost:3000/_next/static/chunks/node_modules_next_dist_client_17643121._.js:9278:9)
    at Object.dispatch (http://localhost:3000/_next/static/chunks/node_modules_next_dist_client_17643121._.js:9308:40)
    at http://localhost:3000/_next/static/chunks/node_modules_next_dist_client_17643121._.js:1489:29
    at startTransition (http://localhost:3000/_next/static/chunks/node_modules_next_dist_compiled_react-dom_1e674e59._.js:5500:31)
    at dispatch (http://localhost:3000/_next/static/chunks/node_modules_next_dist_client_17643121._.js:1488:13)
    at dispatchAppRouterAction (http://localhost:3000/_next/static/chunks/node_modules_next_dist_client_17643121._.js:1470:5)
    at http://localhost:3000/_next/static/chunks/node_modules_next_dist_client_17643121._.js:9439:61
    at startTransition (http://localhost:3000/_next/static/chunks/node_modules_next_dist_compiled_a0e4c7b4._.js:1279:31)
    at Object.hmrRefresh (http://localhost:3000/_next/static/chunks/node_modules_next_dist_client_17643121._.js:9438:40)
    at processMessage (http://localhost:3000/_next/static/chunks/node_modules_next_dist_client_17643121._.js:11643:67)
    at WebSocket.handleMessage (http://localhost:3000/_next/static/chunks/node_modules_next_dist_client_17643121._.js:10914:52) @ http://localhost:3000/_next/static/chunks/node_modules_next_dist_f3530cac._.js:3127
[27987229ms] [INFO] %cDownload the React DevTools for a better development experience: https://react.dev/link/react-devtools font-weight:bold @ http://localhost:3000/_next/static/chunks/node_modules_next_dist_f3530cac._.js:2297
[27987310ms] [LOG] [HMR] connected @ http://localhost:3000/_next/static/chunks/node_modules_next_dist_f3530cac._.js:2297
[27987435ms] [LOG] [Fast Refresh] rebuilding @ http://localhost:3000/_next/static/chunks/node_modules_next_dist_f3530cac._.js:2297
[27987505ms] [LOG] [Fast Refresh] done in 176ms @ http://localhost:3000/_next/static/chunks/node_modules_next_dist_f3530cac._.js:2297
[27994052ms] [LOG] [Fast Refresh] rebuilding @ http://localhost:3000/_next/static/chunks/node_modules_next_dist_f3530cac._.js:2297
[27994118ms] [LOG] [Fast Refresh] done in 168ms @ http://localhost:3000/_next/static/chunks/node_modules_next_dist_f3530cac._.js:2297
[28012915ms] [LOG] [Fast Refresh] rebuilding @ http://localhost:3000/_next/static/chunks/node_modules_next_dist_f3530cac._.js:2297
[28013220ms] [LOG] [Fast Refresh] done in 155ms @ http://localhost:3000/_next/static/chunks/node_modules_next_dist_f3530cac._.js:2297
[28083332ms] [LOG] [Fast Refresh] rebuilding @ http://localhost:3000/_next/static/chunks/node_modules_next_dist_f3530cac._.js:2297
[28084261ms] [LOG] [Fast Refresh] done in 1031ms @ http://localhost:3000/_next/static/chunks/node_modules_next_dist_f3530cac._.js:2297
[28089923ms] [LOG] [Fast Refresh] rebuilding @ http://localhost:3000/_next/static/chunks/node_modules_next_dist_f3530cac._.js:2297
[28090608ms] [LOG] [Fast Refresh] done in 786ms @ http://localhost:3000/_next/static/chunks/node_modules_next_dist_f3530cac._.js:2297
[28267754ms] [LOG] [Fast Refresh] rebuilding @ http://localhost:3000/_next/static/chunks/node_modules_next_dist_f3530cac._.js:2297
[28267906ms] [LOG] [Fast Refresh] done in 253ms @ http://localhost:3000/_next/static/chunks/node_modules_next_dist_f3530cac._.js:2297
[28433381ms] [LOG] [Fast Refresh] rebuilding @ http://localhost:3000/_next/static/chunks/node_modules_next_dist_f3530cac._.js:2297
[28433609ms] [LOG] [Fast Refresh] done in 320ms @ http://localhost:3000/_next/static/chunks/node_modules_next_dist_f3530cac._.js:2297
[28433758ms] [LOG] [Fast Refresh] rebuilding @ http://localhost:3000/_next/static/chunks/node_modules_next_dist_f3530cac._.js:2297
[28434113ms] [LOG] [Fast Refresh] done in 460ms @ http://localhost:3000/_next/static/chunks/node_modules_next_dist_f3530cac._.js:2297
[28438043ms] [LOG] [Fast Refresh] rebuilding @ http://localhost:3000/_next/static/chunks/node_modules_next_dist_f3530cac._.js:2297
[28438070ms] [LOG] [Fast Refresh] done in 128ms @ http://localhost:3000/_next/static/chunks/node_modules_next_dist_f3530cac._.js:2297
[28460264ms] [LOG] [Fast Refresh] rebuilding @ http://localhost:3000/_next/static/chunks/node_modules_next_dist_f3530cac._.js:2297
[28460494ms] [LOG] [Fast Refresh] done in 333ms @ http://localhost:3000/_next/static/chunks/node_modules_next_dist_f3530cac._.js:2297
[28466552ms] [LOG] [Fast Refresh] rebuilding @ http://localhost:3000/_next/static/chunks/node_modules_next_dist_f3530cac._.js:2297
[28466575ms] [LOG] [Fast Refresh] done in 97ms @ http://localhost:3000/_next/static/chunks/node_modules_next_dist_f3530cac._.js:2297
[28466717ms] [LOG] [Fast Refresh] rebuilding @ http://localhost:3000/_next/static/chunks/node_modules_next_dist_f3530cac._.js:2297
[28466906ms] [LOG] [Fast Refresh] done in 290ms @ http://localhost:3000/_next/static/chunks/node_modules_next_dist_f3530cac._.js:2297
[28479744ms] [LOG] [Fast Refresh] rebuilding @ http://localhost:3000/_next/static/chunks/node_modules_next_dist_f3530cac._.js:2297
[28480106ms] [LOG] [Fast Refresh] done in 462ms @ http://localhost:3000/_next/static/chunks/node_modules_next_dist_f3530cac._.js:2297
[28480736ms] [LOG] [Fast Refresh] rebuilding @ http://localhost:3000/_next/static/chunks/node_modules_next_dist_f3530cac._.js:2297
[28480745ms] [LOG] [Fast Refresh] done in 109ms @ http://localhost:3000/_next/static/chunks/node_modules_next_dist_f3530cac._.js:2297
[28489079ms] [LOG] [Fast Refresh] rebuilding @ http://localhost:3000/_next/static/chunks/node_modules_next_dist_f3530cac._.js:2297
[28489355ms] [LOG] [Fast Refresh] done in 377ms @ http://localhost:3000/_next/static/chunks/node_modules_next_dist_f3530cac._.js:2297
[28493995ms] [LOG] [Fast Refresh] rebuilding @ http://localhost:3000/_next/static/chunks/node_modules_next_dist_f3530cac._.js:2297
[28494058ms] [LOG] [Fast Refresh] done in 140ms @ http://localhost:3000/_next/static/chunks/node_modules_next_dist_f3530cac._.js:2297
[28494176ms] [LOG] [Fast Refresh] rebuilding @ http://localhost:3000/_next/static/chunks/node_modules_next_dist_f3530cac._.js:2297
[28494210ms] [LOG] [Fast Refresh] done in 135ms @ http://localhost:3000/_next/static/chunks/node_modules_next_dist_f3530cac._.js:2297
[28501439ms] [LOG] [Fast Refresh] rebuilding @ http://localhost:3000/_next/static/chunks/node_modules_next_dist_f3530cac._.js:2297
[28501457ms] [LOG] [Fast Refresh] done in 120ms @ http://localhost:3000/_next/static/chunks/node_modules_next_dist_f3530cac._.js:2297
[28505288ms] [LOG] [Fast Refresh] rebuilding @ http://localhost:3000/_next/static/chunks/node_modules_next_dist_f3530cac._.js:2297
[28505369ms] [LOG] [Fast Refresh] done in 59ms @ http://localhost:3000/_next/static/chunks/node_modules_next_dist_f3530cac._.js:2297
[28505487ms] [LOG] [Fast Refresh] rebuilding @ http://localhost:3000/_next/static/chunks/node_modules_next_dist_f3530cac._.js:2297
[28505575ms] [LOG] [Fast Refresh] done in 189ms @ http://localhost:3000/_next/static/chunks/node_modules_next_dist_f3530cac._.js:2297
[28505694ms] [LOG] [Fast Refresh] rebuilding @ http://localhost:3000/_next/static/chunks/node_modules_next_dist_f3530cac._.js:2297
[28505818ms] [LOG] [Fast Refresh] done in 226ms @ http://localhost:3000/_next/static/chunks/node_modules_next_dist_f3530cac._.js:2297
[28506213ms] [LOG] [Fast Refresh] rebuilding @ http://localhost:3000/_next/static/chunks/node_modules_next_dist_f3530cac._.js:2297
[28506246ms] [LOG] [Fast Refresh] done in 134ms @ http://localhost:3000/_next/static/chunks/node_modules_next_dist_f3530cac._.js:2297
[28506685ms] [LOG] [Fast Refresh] rebuilding @ http://localhost:3000/_next/static/chunks/node_modules_next_dist_f3530cac._.js:2297
[28506897ms] [LOG] [Fast Refresh] done in 312ms @ http://localhost:3000/_next/static/chunks/node_modules_next_dist_f3530cac._.js:2297
[28515870ms] [LOG] [Fast Refresh] rebuilding @ http://localhost:3000/_next/static/chunks/node_modules_next_dist_f3530cac._.js:2297
[28515877ms] [LOG] [Fast Refresh] done in 108ms @ http://localhost:3000/_next/static/chunks/node_modules_next_dist_f3530cac._.js:2297
[28537068ms] [LOG] [Fast Refresh] rebuilding @ http://localhost:3000/_next/static/chunks/node_modules_next_dist_f3530cac._.js:2297
[28537425ms] [LOG] [Fast Refresh] done in 440ms @ http://localhost:3000/_next/static/chunks/node_modules_next_dist_f3530cac._.js:2297
[28537918ms] [LOG] [Fast Refresh] rebuilding @ http://localhost:3000/_next/static/chunks/node_modules_next_dist_f3530cac._.js:2297
[28538116ms] [LOG] [Fast Refresh] done in 299ms @ http://localhost:3000/_next/static/chunks/node_modules_next_dist_f3530cac._.js:2297
[28557742ms] [LOG] [Fast Refresh] rebuilding @ http://localhost:3000/_next/static/chunks/node_modules_next_dist_f3530cac._.js:2297
[28557837ms] [LOG] [Fast Refresh] done in 86ms @ http://localhost:3000/_next/static/chunks/node_modules_next_dist_f3530cac._.js:2297
[28557949ms] [LOG] [Fast Refresh] rebuilding @ http://localhost:3000/_next/static/chunks/node_modules_next_dist_f3530cac._.js:2297
[28558127ms] [LOG] [Fast Refresh] done in 279ms @ http://localhost:3000/_next/static/chunks/node_modules_next_dist_f3530cac._.js:2297
[28558482ms] [LOG] [Fast Refresh] rebuilding @ http://localhost:3000/_next/static/chunks/node_modules_next_dist_f3530cac._.js:2297
[28558532ms] [LOG] [Fast Refresh] done in 150ms @ http://localhost:3000/_next/static/chunks/node_modules_next_dist_f3530cac._.js:2297
[28579617ms] [LOG] [Fast Refresh] rebuilding @ http://localhost:3000/_next/static/chunks/node_modules_next_dist_f3530cac._.js:2297
[28579679ms] [LOG] [Fast Refresh] done in 107ms @ http://localhost:3000/_next/static/chunks/node_modules_next_dist_f3530cac._.js:2297
[28579798ms] [LOG] [Fast Refresh] rebuilding @ http://localhost:3000/_next/static/chunks/node_modules_next_dist_f3530cac._.js:2297
[28579970ms] [LOG] [Fast Refresh] done in 273ms @ http://localhost:3000/_next/static/chunks/node_modules_next_dist_f3530cac._.js:2297
[28580103ms] [LOG] [Fast Refresh] rebuilding @ http://localhost:3000/_next/static/chunks/node_modules_next_dist_f3530cac._.js:2297
[28580216ms] [LOG] [Fast Refresh] done in 213ms @ http://localhost:3000/_next/static/chunks/node_modules_next_dist_f3530cac._.js:2297
[28598268ms] [LOG] [Fast Refresh] rebuilding @ http://localhost:3000/_next/static/chunks/node_modules_next_dist_f3530cac._.js:2297
[28598284ms] [LOG] [Fast Refresh] done in 118ms @ http://localhost:3000/_next/static/chunks/node_modules_next_dist_f3530cac._.js:2297
[28605230ms] [LOG] [Fast Refresh] rebuilding @ http://localhost:3000/_next/static/chunks/node_modules_next_dist_f3530cac._.js:2297
[28605272ms] [LOG] [Fast Refresh] done in 91ms @ http://localhost:3000/_next/static/chunks/node_modules_next_dist_f3530cac._.js:2297
[28605911ms] [LOG] [Fast Refresh] rebuilding @ http://localhost:3000/_next/static/chunks/node_modules_next_dist_f3530cac._.js:2297
[28606089ms] [LOG] [Fast Refresh] done in 281ms @ http://localhost:3000/_next/static/chunks/node_modules_next_dist_f3530cac._.js:2297
[28606266ms] [LOG] [Fast Refresh] rebuilding @ http://localhost:3000/_next/static/chunks/node_modules_next_dist_f3530cac._.js:2297
[28606398ms] [LOG] [Fast Refresh] done in 232ms @ http://localhost:3000/_next/static/chunks/node_modules_next_dist_f3530cac._.js:2297
[28617303ms] [LOG] [Fast Refresh] rebuilding @ http://localhost:3000/_next/static/chunks/node_modules_next_dist_f3530cac._.js:2297
[28617310ms] [LOG] [Fast Refresh] done in 109ms @ http://localhost:3000/_next/static/chunks/node_modules_next_dist_f3530cac._.js:2297
[28626477ms] [LOG] [Fast Refresh] rebuilding @ http://localhost:3000/_next/static/chunks/node_modules_next_dist_f3530cac._.js:2297
[28626487ms] [LOG] [Fast Refresh] done in 111ms @ http://localhost:3000/_next/static/chunks/node_modules_next_dist_f3530cac._.js:2297
[28632136ms] [LOG] [Fast Refresh] rebuilding @ http://localhost:3000/_next/static/chunks/node_modules_next_dist_f3530cac._.js:2297
[28632317ms] [LOG] [Fast Refresh] done in 283ms @ http://localhost:3000/_next/static/chunks/node_modules_next_dist_f3530cac._.js:2297
[28645834ms] [LOG] [Fast Refresh] rebuilding @ http://localhost:3000/_next/static/chunks/node_modules_next_dist_f3530cac._.js:2297
[28645884ms] [LOG] [Fast Refresh] done in 127ms @ http://localhost:3000/_next/static/chunks/node_modules_next_dist_f3530cac._.js:2297
[28646068ms] [LOG] [Fast Refresh] rebuilding @ http://localhost:3000/_next/static/chunks/node_modules_next_dist_f3530cac._.js:2297
[28646344ms] [LOG] [Fast Refresh] done in 376ms @ http://localhost:3000/_next/static/chunks/node_modules_next_dist_f3530cac._.js:2297
[28646489ms] [LOG] [Fast Refresh] rebuilding @ http://localhost:3000/_next/static/chunks/node_modules_next_dist_f3530cac._.js:2297
[28646622ms] [LOG] [Fast Refresh] done in 233ms @ http://localhost:3000/_next/static/chunks/node_modules_next_dist_f3530cac._.js:2297
[28661043ms] [LOG] [Fast Refresh] rebuilding @ http://localhost:3000/_next/static/chunks/node_modules_next_dist_f3530cac._.js:2297
[28661433ms] [LOG] [Fast Refresh] done in 493ms @ http://localhost:3000/_next/static/chunks/node_modules_next_dist_f3530cac._.js:2297
[28662944ms] [LOG] [Fast Refresh] rebuilding @ http://localhost:3000/_next/static/chunks/node_modules_next_dist_f3530cac._.js:2297
[28662947ms] [LOG] [Fast Refresh] done in 105ms @ http://localhost:3000/_next/static/chunks/node_modules_next_dist_f3530cac._.js:2297
[28696484ms] [LOG] [Fast Refresh] rebuilding @ http://localhost:3000/_next/static/chunks/node_modules_next_dist_f3530cac._.js:2297
[28696562ms] [LOG] [Fast Refresh] done in 154ms @ http://localhost:3000/_next/static/chunks/node_modules_next_dist_f3530cac._.js:2297
[29236147ms] [LOG] [Fast Refresh] rebuilding @ http://localhost:3000/_next/static/chunks/node_modules_next_dist_f3530cac._.js:2297
[29236765ms] [LOG] [Fast Refresh] done in 719ms @ http://localhost:3000/_next/static/chunks/node_modules_next_dist_f3530cac._.js:2297
[29268501ms] [LOG] [Fast Refresh] rebuilding @ http://localhost:3000/_next/static/chunks/node_modules_next_dist_f3530cac._.js:2297
[29268701ms] [LOG] [Fast Refresh] done in 301ms @ http://localhost:3000/_next/static/chunks/node_modules_next_dist_f3530cac._.js:2297
[29274975ms] [LOG] [Fast Refresh] rebuilding @ http://localhost:3000/_next/static/chunks/node_modules_next_dist_f3530cac._.js:2297
[29275098ms] [LOG] [Fast Refresh] done in 174ms @ http://localhost:3000/_next/static/chunks/node_modules_next_dist_f3530cac._.js:2297
[29282265ms] [LOG] [Fast Refresh] rebuilding @ http://localhost:3000/_next/static/chunks/node_modules_next_dist_f3530cac._.js:2297
[29282808ms] [LOG] [Fast Refresh] done in 510ms @ http://localhost:3000/_next/static/chunks/node_modules_next_dist_f3530cac._.js:2297
[29305048ms] [LOG] [Fast Refresh] rebuilding @ http://localhost:3000/_next/static/chunks/node_modules_next_dist_f3530cac._.js:2297
[29305132ms] [LOG] [Fast Refresh] done in 152ms @ http://localhost:3000/_next/static/chunks/node_modules_next_dist_f3530cac._.js:2297
[29305235ms] [LOG] [Fast Refresh] rebuilding @ http://localhost:3000/_next/static/chunks/node_modules_next_dist_f3530cac._.js:2297
[29305762ms] [LOG] [Fast Refresh] done in 627ms @ http://localhost:3000/_next/static/chunks/node_modules_next_dist_f3530cac._.js:2297
[29319758ms] [LOG] [Fast Refresh] rebuilding @ http://localhost:3000/_next/static/chunks/node_modules_next_dist_f3530cac._.js:2297
[29320267ms] [LOG] [Fast Refresh] done in 125ms @ http://localhost:3000/_next/static/chunks/node_modules_next_dist_f3530cac._.js:2297
[29320387ms] [LOG] [Fast Refresh] rebuilding @ http://localhost:3000/_next/static/chunks/node_modules_next_dist_f3530cac._.js:2297
[29320475ms] [LOG] [Fast Refresh] done in 189ms @ http://localhost:3000/_next/static/chunks/node_modules_next_dist_f3530cac._.js:2297
[29344061ms] [LOG] [Fast Refresh] rebuilding @ http://localhost:3000/_next/static/chunks/node_modules_next_dist_f3530cac._.js:2297
[29344260ms] [LOG] [Fast Refresh] done in 300ms @ http://localhost:3000/_next/static/chunks/node_modules_next_dist_f3530cac._.js:2297
[29344361ms] [LOG] [Fast Refresh] rebuilding @ http://localhost:3000/_next/static/chunks/node_modules_next_dist_f3530cac._.js:2297
[29344408ms] [LOG] [Fast Refresh] done in 148ms @ http://localhost:3000/_next/static/chunks/node_modules_next_dist_f3530cac._.js:2297
[29456686ms] [LOG] [Fast Refresh] rebuilding @ http://localhost:3000/_next/static/chunks/node_modules_next_dist_f3530cac._.js:2297
[29457096ms] [LOG] [Fast Refresh] done in 512ms @ http://localhost:3000/_next/static/chunks/node_modules_next_dist_f3530cac._.js:2297
[29458464ms] [LOG] [Fast Refresh] rebuilding @ http://localhost:3000/_next/static/chunks/node_modules_next_dist_f3530cac._.js:2297
[29458667ms] [LOG] [Fast Refresh] done in 304ms @ http://localhost:3000/_next/static/chunks/node_modules_next_dist_f3530cac._.js:2297
[29467052ms] [LOG] [Fast Refresh] rebuilding @ http://localhost:3000/_next/static/chunks/node_modules_next_dist_f3530cac._.js:2297
[29467247ms] [LOG] [Fast Refresh] done in 298ms @ http://localhost:3000/_next/static/chunks/node_modules_next_dist_f3530cac._.js:2297
[29469585ms] [LOG] [Fast Refresh] rebuilding @ http://localhost:3000/_next/static/chunks/node_modules_next_dist_f3530cac._.js:2297
[29469600ms] [LOG] [Fast Refresh] done in 117ms @ http://localhost:3000/_next/static/chunks/node_modules_next_dist_f3530cac._.js:2297
[29479508ms] [LOG] [Fast Refresh] rebuilding @ http://localhost:3000/_next/static/chunks/node_modules_next_dist_f3530cac._.js:2297
[29480923ms] [LOG] [Fast Refresh] done in 1487ms @ http://localhost:3000/_next/static/chunks/node_modules_next_dist_f3530cac._.js:2297
[29546782ms] [LOG] [Fast Refresh] rebuilding @ http://localhost:3000/_next/static/chunks/node_modules_next_dist_f3530cac._.js:2297
[29547093ms] [LOG] [Fast Refresh] done in 336ms @ http://localhost:3000/_next/static/chunks/node_modules_next_dist_f3530cac._.js:2297
[29570355ms] [LOG] [Fast Refresh] rebuilding @ http://localhost:3000/_next/static/chunks/node_modules_next_dist_f3530cac._.js:2297
[29570610ms] [LOG] [Fast Refresh] done in 357ms @ http://localhost:3000/_next/static/chunks/node_modules_next_dist_f3530cac._.js:2297
[29749268ms] [LOG] [Fast Refresh] rebuilding @ http://localhost:3000/_next/static/chunks/node_modules_next_dist_f3530cac._.js:2297
[29749389ms] [LOG] [Fast Refresh] done in 223ms @ http://localhost:3000/_next/static/chunks/node_modules_next_dist_f3530cac._.js:2297
[29760932ms] [LOG] [Fast Refresh] rebuilding @ http://localhost:3000/_next/static/chunks/node_modules_next_dist_f3530cac._.js:2297
[29760991ms] [LOG] [Fast Refresh] done in 131ms @ http://localhost:3000/_next/static/chunks/node_modules_next_dist_f3530cac._.js:2297
[29761667ms] [LOG] [Fast Refresh] rebuilding @ http://localhost:3000/_next/static/chunks/node_modules_next_dist_f3530cac._.js:2297
[29762002ms] [LOG] [Fast Refresh] done in 436ms @ http://localhost:3000/_next/static/chunks/node_modules_next_dist_f3530cac._.js:2297
[29783993ms] [LOG] [Fast Refresh] rebuilding @ http://localhost:3000/_next/static/chunks/node_modules_next_dist_f3530cac._.js:2297
[29784288ms] [LOG] [Fast Refresh] done in 98ms @ http://localhost:3000/_next/static/chunks/node_modules_next_dist_f3530cac._.js:2297
[29791060ms] [LOG] [Fast Refresh] rebuilding @ http://localhost:3000/_next/static/chunks/node_modules_next_dist_f3530cac._.js:2297
[29791177ms] [LOG] [Fast Refresh] done in 218ms @ http://localhost:3000/_next/static/chunks/node_modules_next_dist_f3530cac._.js:2297
[29796384ms] [LOG] [Fast Refresh] rebuilding @ http://localhost:3000/_next/static/chunks/node_modules_next_dist_f3530cac._.js:2297
[29796483ms] [LOG] [Fast Refresh] done in 169ms @ http://localhost:3000/_next/static/chunks/node_modules_next_dist_f3530cac._.js:2297
[29796701ms] [LOG] [Fast Refresh] rebuilding @ http://localhost:3000/_next/static/chunks/node_modules_next_dist_f3530cac._.js:2297
[29796885ms] [LOG] [Fast Refresh] done in 294ms @ http://localhost:3000/_next/static/chunks/node_modules_next_dist_f3530cac._.js:2297
[29810229ms] [LOG] [Fast Refresh] rebuilding @ http://localhost:3000/_next/static/chunks/node_modules_next_dist_f3530cac._.js:2297
[29810249ms] [LOG] [Fast Refresh] done in 122ms @ http://localhost:3000/_next/static/chunks/node_modules_next_dist_f3530cac._.js:2297
[29816227ms] [LOG] [Fast Refresh] rebuilding @ http://localhost:3000/_next/static/chunks/node_modules_next_dist_f3530cac._.js:2297
[29816644ms] [LOG] [Fast Refresh] done in 140ms @ http://localhost:3000/_next/static/chunks/node_modules_next_dist_f3530cac._.js:2297
[29817015ms] [LOG] [Fast Refresh] rebuilding @ http://localhost:3000/_next/static/chunks/node_modules_next_dist_f3530cac._.js:2297
[29817061ms] [LOG] [Fast Refresh] done in 148ms @ http://localhost:3000/_next/static/chunks/node_modules_next_dist_f3530cac._.js:2297
[29823542ms] [LOG] [Fast Refresh] rebuilding @ http://localhost:3000/_next/static/chunks/node_modules_next_dist_f3530cac._.js:2297
[29823783ms] [LOG] [Fast Refresh] done in 129ms @ http://localhost:3000/_next/static/chunks/node_modules_next_dist_f3530cac._.js:2297
[29823915ms] [LOG] [Fast Refresh] rebuilding @ http://localhost:3000/_next/static/chunks/node_modules_next_dist_f3530cac._.js:2297
[29824043ms] [LOG] [Fast Refresh] done in 230ms @ http://localhost:3000/_next/static/chunks/node_modules_next_dist_f3530cac._.js:2297
[29828290ms] [LOG] [Fast Refresh] rebuilding @ http://localhost:3000/_next/static/chunks/node_modules_next_dist_f3530cac._.js:2297
[29828368ms] [LOG] [Fast Refresh] done in 124ms @ http://localhost:3000/_next/static/chunks/node_modules_next_dist_f3530cac._.js:2297
[29828477ms] [LOG] [Fast Refresh] rebuilding @ http://localhost:3000/_next/static/chunks/node_modules_next_dist_f3530cac._.js:2297
[29828515ms] [LOG] [Fast Refresh] done in 140ms @ http://localhost:3000/_next/static/chunks/node_modules_next_dist_f3530cac._.js:2297
[29828653ms] [LOG] [Fast Refresh] rebuilding @ http://localhost:3000/_next/static/chunks/node_modules_next_dist_f3530cac._.js:2297
[29828713ms] [LOG] [Fast Refresh] done in 162ms @ http://localhost:3000/_next/static/chunks/node_modules_next_dist_f3530cac._.js:2297
[29834698ms] [LOG] [Fast Refresh] rebuilding @ http://localhost:3000/_next/static/chunks/node_modules_next_dist_f3530cac._.js:2297
[29834834ms] [LOG] [Fast Refresh] done in 188ms @ http://localhost:3000/_next/static/chunks/node_modules_next_dist_f3530cac._.js:2297
[29834944ms] [LOG] [Fast Refresh] rebuilding @ http://localhost:3000/_next/static/chunks/node_modules_next_dist_f3530cac._.js:2297
[29834979ms] [LOG] [Fast Refresh] done in 136ms @ http://localhost:3000/_next/static/chunks/node_modules_next_dist_f3530cac._.js:2297
[29835093ms] [LOG] [Fast Refresh] rebuilding @ http://localhost:3000/_next/static/chunks/node_modules_next_dist_f3530cac._.js:2297
[29835599ms] [LOG] [Fast Refresh] done in 606ms @ http://localhost:3000/_next/static/chunks/node_modules_next_dist_f3530cac._.js:2297
[29841103ms] [LOG] [Fast Refresh] rebuilding @ http://localhost:3000/_next/static/chunks/node_modules_next_dist_f3530cac._.js:2297
[29841186ms] [LOG] [Fast Refresh] done in 75ms @ http://localhost:3000/_next/static/chunks/node_modules_next_dist_f3530cac._.js:2297
[29841299ms] [LOG] [Fast Refresh] rebuilding @ http://localhost:3000/_next/static/chunks/node_modules_next_dist_f3530cac._.js:2297
[29841341ms] [LOG] [Fast Refresh] done in 143ms @ http://localhost:3000/_next/static/chunks/node_modules_next_dist_f3530cac._.js:2297
[29872503ms] [LOG] [Fast Refresh] rebuilding @ http://localhost:3000/_next/static/chunks/node_modules_next_dist_f3530cac._.js:2297
[29872638ms] [LOG] [Fast Refresh] done in 236ms @ http://localhost:3000/_next/static/chunks/node_modules_next_dist_f3530cac._.js:2297
[29955363ms] [LOG] [Fast Refresh] rebuilding @ http://localhost:3000/_next/static/chunks/node_modules_next_dist_f3530cac._.js:2297
[29955621ms] [LOG] [Fast Refresh] done in 313ms @ http://localhost:3000/_next/static/chunks/node_modules_next_dist_f3530cac._.js:2297
[29956611ms] [LOG] [Fast Refresh] rebuilding @ http://localhost:3000/_next/static/chunks/node_modules_next_dist_f3530cac._.js:2297
[29957078ms] [LOG] [Fast Refresh] done in 569ms @ http://localhost:3000/_next/static/chunks/node_modules_next_dist_f3530cac._.js:2297
[29966386ms] [LOG] [Fast Refresh] rebuilding @ http://localhost:3000/_next/static/chunks/node_modules_next_dist_f3530cac._.js:2297
[29967122ms] [LOG] [Fast Refresh] done in 593ms @ http://localhost:3000/_next/static/chunks/node_modules_next_dist_f3530cac._.js:2297
[29967251ms] [WARNING] [HMR] Invalid message: {"isTrusted":true}
TypeError: Cannot convert undefined or null to object
    at Object.keys (<anonymous>)
    at extractModulesFromTurbopackMessage (http://localhost:3000/_next/static/chunks/node_modules_next_dist_client_17643121._.js:11210:39)
    at TurbopackHmr.onTurbopackMessage (http://localhost:3000/_next/static/chunks/node_modules_next_dist_client_17643121._.js:11157:32)
    at processMessage (http://localhost:3000/_next/static/chunks/node_modules_next_dist_client_17643121._.js:11589:30)
    at WebSocket.handleMessage (http://localhost:3000/_next/static/chunks/node_modules_next_dist_client_17643121._.js:10914:52) @ http://localhost:3000/_next/static/chunks/node_modules_next_dist_f3530cac._.js:2297
[29989899ms] [LOG] [Fast Refresh] rebuilding @ http://localhost:3000/_next/static/chunks/node_modules_next_dist_f3530cac._.js:2297
[29989950ms] [LOG] [Fast Refresh] done in 106ms @ http://localhost:3000/_next/static/chunks/node_modules_next_dist_f3530cac._.js:2297
[29990064ms] [LOG] [Fast Refresh] rebuilding @ http://localhost:3000/_next/static/chunks/node_modules_next_dist_f3530cac._.js:2297
[29990279ms] [LOG] [Fast Refresh] done in 316ms @ http://localhost:3000/_next/static/chunks/node_modules_next_dist_f3530cac._.js:2297
[29990741ms] [LOG] [Fast Refresh] rebuilding @ http://localhost:3000/_next/static/chunks/node_modules_next_dist_f3530cac._.js:2297
[29990747ms] [LOG] [Fast Refresh] done in 115ms @ http://localhost:3000/_next/static/chunks/node_modules_next_dist_f3530cac._.js:2297
[29997972ms] [LOG] [Fast Refresh] rebuilding @ http://localhost:3000/_next/static/chunks/node_modules_next_dist_f3530cac._.js:2297
[29998064ms] [LOG] [Fast Refresh] done in 152ms @ http://localhost:3000/_next/static/chunks/node_modules_next_dist_f3530cac._.js:2297
[29998178ms] [LOG] [Fast Refresh] rebuilding @ http://localhost:3000/_next/static/chunks/node_modules_next_dist_f3530cac._.js:2297
[29998349ms] [LOG] [Fast Refresh] done in 273ms @ http://localhost:3000/_next/static/chunks/node_modules_next_dist_f3530cac._.js:2297
[30003969ms] [LOG] [Fast Refresh] rebuilding @ http://localhost:3000/_next/static/chunks/node_modules_next_dist_f3530cac._.js:2297
[30004125ms] [LOG] [Fast Refresh] done in 88ms @ http://localhost:3000/_next/static/chunks/node_modules_next_dist_f3530cac._.js:2297
[30004259ms] [LOG] [Fast Refresh] rebuilding @ http://localhost:3000/_next/static/chunks/node_modules_next_dist_f3530cac._.js:2297
[30005797ms] [LOG] [Fast Refresh] done in 1639ms @ http://localhost:3000/_next/static/chunks/node_modules_next_dist_f3530cac._.js:2297
[30013764ms] [LOG] [Fast Refresh] rebuilding @ http://localhost:3000/_next/static/chunks/node_modules_next_dist_f3530cac._.js:2297
[30014048ms] [LOG] [Fast Refresh] done in 107ms @ http://localhost:3000/_next/static/chunks/node_modules_next_dist_f3530cac._.js:2297
[30014422ms] [LOG] [Fast Refresh] rebuilding @ http://localhost:3000/_next/static/chunks/node_modules_next_dist_f3530cac._.js:2297
[30014448ms] [LOG] [Fast Refresh] done in 129ms @ http://localhost:3000/_next/static/chunks/node_modules_next_dist_f3530cac._.js:2297
[30020335ms] [LOG] [Fast Refresh] rebuilding @ http://localhost:3000/_next/static/chunks/node_modules_next_dist_f3530cac._.js:2297
[30020386ms] [LOG] [Fast Refresh] done in 93ms @ http://localhost:3000/_next/static/chunks/node_modules_next_dist_f3530cac._.js:2297
[30020503ms] [LOG] [Fast Refresh] rebuilding @ http://localhost:3000/_next/static/chunks/node_modules_next_dist_f3530cac._.js:2297
[30020618ms] [LOG] [Fast Refresh] done in 217ms @ http://localhost:3000/_next/static/chunks/node_modules_next_dist_f3530cac._.js:2297
[30020955ms] [LOG] [Fast Refresh] rebuilding @ http://localhost:3000/_next/static/chunks/node_modules_next_dist_f3530cac._.js:2297
[30020980ms] [LOG] [Fast Refresh] done in 125ms @ http://localhost:3000/_next/static/chunks/node_modules_next_dist_f3530cac._.js:2297
[30037775ms] [LOG] [Fast Refresh] rebuilding @ http://localhost:3000/_next/static/chunks/node_modules_next_dist_f3530cac._.js:2297
[30037814ms] [LOG] [Fast Refresh] done in 89ms @ http://localhost:3000/_next/static/chunks/node_modules_next_dist_f3530cac._.js:2297
[30038241ms] [LOG] [Fast Refresh] rebuilding @ http://localhost:3000/_next/static/chunks/node_modules_next_dist_f3530cac._.js:2297
[30038275ms] [LOG] [Fast Refresh] done in 135ms @ http://localhost:3000/_next/static/chunks/node_modules_next_dist_f3530cac._.js:2297
[30048218ms] [LOG] [HMR] connected @ http://localhost:3000/_next/static/chunks/node_modules_next_dist_f3530cac._.js:2297
[30050016ms] [LOG] [Fast Refresh] rebuilding @ http://localhost:3000/_next/static/chunks/node_modules_next_dist_f3530cac._.js:2297
[30050234ms] [LOG] [Fast Refresh] done in 245ms @ http://localhost:3000/_next/static/chunks/node_modules_next_dist_f3530cac._.js:2297
[30050357ms] [LOG] [Fast Refresh] rebuilding @ http://localhost:3000/_next/static/chunks/node_modules_next_dist_f3530cac._.js:2297
[30050669ms] [LOG] [Fast Refresh] done in 412ms @ http://localhost:3000/_next/static/chunks/node_modules_next_dist_f3530cac._.js:2297
[30495963ms] [LOG] [Fast Refresh] rebuilding @ http://localhost:3000/_next/static/chunks/node_modules_next_dist_f3530cac._.js:2297
[30495971ms] [LOG] [Fast Refresh] done in 111ms @ http://localhost:3000/_next/static/chunks/node_modules_next_dist_f3530cac._.js:2297
[30501735ms] [LOG] [Fast Refresh] rebuilding @ http://localhost:3000/_next/static/chunks/node_modules_next_dist_f3530cac._.js:2297
[30501878ms] [LOG] [Fast Refresh] done in 244ms @ http://localhost:3000/_next/static/chunks/node_modules_next_dist_f3530cac._.js:2297
[30504303ms] [LOG] [Fast Refresh] rebuilding @ http://localhost:3000/_next/static/chunks/node_modules_next_dist_f3530cac._.js:2297
[30504401ms] [LOG] [Fast Refresh] done in 200ms @ http://localhost:3000/_next/static/chunks/node_modules_next_dist_f3530cac._.js:2297
[30504744ms] [LOG] [Fast Refresh] rebuilding @ http://localhost:3000/_next/static/chunks/node_modules_next_dist_f3530cac._.js:2297
[30504749ms] [LOG] [Fast Refresh] done in 106ms @ http://localhost:3000/_next/static/chunks/node_modules_next_dist_f3530cac._.js:2297
[30504882ms] [LOG] [Fast Refresh] rebuilding @ http://localhost:3000/_next/static/chunks/node_modules_next_dist_f3530cac._.js:2297
[30505003ms] [LOG] [Fast Refresh] done in 222ms @ http://localhost:3000/_next/static/chunks/node_modules_next_dist_f3530cac._.js:2297
[30514684ms] [LOG] [Fast Refresh] rebuilding @ http://localhost:3000/_next/static/chunks/node_modules_next_dist_f3530cac._.js:2297
[30514917ms] [LOG] [Fast Refresh] done in 276ms @ http://localhost:3000/_next/static/chunks/node_modules_next_dist_f3530cac._.js:2297
[30515143ms] [LOG] [Fast Refresh] rebuilding @ http://localhost:3000/_next/static/chunks/node_modules_next_dist_f3530cac._.js:2297
[30516344ms] [LOG] [Fast Refresh] done in 1302ms @ http://localhost:3000/_next/static/chunks/node_modules_next_dist_f3530cac._.js:2297
[30524759ms] [LOG] [Fast Refresh] rebuilding @ http://localhost:3000/_next/static/chunks/node_modules_next_dist_f3530cac._.js:2297
[30524871ms] [LOG] [Fast Refresh] done in 169ms @ http://localhost:3000/_next/static/chunks/node_modules_next_dist_f3530cac._.js:2297
[30524988ms] [LOG] [Fast Refresh] rebuilding @ http://localhost:3000/_next/static/chunks/node_modules_next_dist_f3530cac._.js:2297
[30525235ms] [LOG] [Fast Refresh] done in 348ms @ http://localhost:3000/_next/static/chunks/node_modules_next_dist_f3530cac._.js:2297
[30536259ms] [LOG] [Fast Refresh] rebuilding @ http://localhost:3000/_next/static/chunks/node_modules_next_dist_f3530cac._.js:2297
[30537092ms] [LOG] [Fast Refresh] done in 275ms @ http://localhost:3000/_next/static/chunks/node_modules_next_dist_f3530cac._.js:2297
[30537363ms] [LOG] [Fast Refresh] rebuilding @ http://localhost:3000/_next/static/chunks/node_modules_next_dist_f3530cac._.js:2297
[30537366ms] [LOG] [Fast Refresh] done in 104ms @ http://localhost:3000/_next/static/chunks/node_modules_next_dist_f3530cac._.js:2297
[30549632ms] [LOG] [Fast Refresh] rebuilding @ http://localhost:3000/_next/static/chunks/node_modules_next_dist_f3530cac._.js:2297
[30550440ms] [LOG] [Fast Refresh] done in 156ms @ http://localhost:3000/_next/static/chunks/node_modules_next_dist_f3530cac._.js:2297
[30553248ms] [LOG] [Fast Refresh] rebuilding @ http://localhost:3000/_next/static/chunks/node_modules_next_dist_f3530cac._.js:2297
[30553583ms] [LOG] [Fast Refresh] done in 436ms @ http://localhost:3000/_next/static/chunks/node_modules_next_dist_f3530cac._.js:2297
[30563810ms] [LOG] [Fast Refresh] rebuilding @ http://localhost:3000/_next/static/chunks/node_modules_next_dist_f3530cac._.js:2297
[30564013ms] [LOG] [Fast Refresh] done in 304ms @ http://localhost:3000/_next/static/chunks/node_modules_next_dist_f3530cac._.js:2297
[30585841ms] [LOG] [Fast Refresh] rebuilding @ http://localhost:3000/_next/static/chunks/node_modules_next_dist_f3530cac._.js:2297
[30585891ms] [LOG] [Fast Refresh] done in 122ms @ http://localhost:3000/_next/static/chunks/node_modules_next_dist_f3530cac._.js:2297
[30587013ms] [LOG] [Fast Refresh] rebuilding @ http://localhost:3000/_next/static/chunks/node_modules_next_dist_f3530cac._.js:2297
[30587098ms] [LOG] [Fast Refresh] done in 188ms @ http://localhost:3000/_next/static/chunks/node_modules_next_dist_f3530cac._.js:2297
[30587299ms] [LOG] [Fast Refresh] rebuilding @ http://localhost:3000/_next/static/chunks/node_modules_next_dist_f3530cac._.js:2297
[30587616ms] [LOG] [Fast Refresh] done in 418ms @ http://localhost:3000/_next/static/chunks/node_modules_next_dist_f3530cac._.js:2297
[30612820ms] [LOG] [Fast Refresh] rebuilding @ http://localhost:3000/_next/static/chunks/node_modules_next_dist_f3530cac._.js:2297
[30612913ms] [LOG] [Fast Refresh] done in 194ms @ http://localhost:3000/_next/static/chunks/node_modules_next_dist_f3530cac._.js:2297
[30661769ms] [LOG] [Fast Refresh] rebuilding @ http://localhost:3000/_next/static/chunks/node_modules_next_dist_f3530cac._.js:2297
[30661785ms] [LOG] [Fast Refresh] done in 80ms @ http://localhost:3000/_next/static/chunks/node_modules_next_dist_f3530cac._.js:2297
[30672092ms] [LOG] [Fast Refresh] rebuilding @ http://localhost:3000/_next/static/chunks/node_modules_next_dist_f3530cac._.js:2297
[30672490ms] [LOG] [Fast Refresh] done in 499ms @ http://localhost:3000/_next/static/chunks/node_modules_next_dist_f3530cac._.js:2297
[30675179ms] [LOG] [Fast Refresh] rebuilding @ http://localhost:3000/_next/static/chunks/node_modules_next_dist_f3530cac._.js:2297
[30675468ms] [LOG] [Fast Refresh] done in 390ms @ http://localhost:3000/_next/static/chunks/node_modules_next_dist_f3530cac._.js:2297
[30684138ms] [LOG] [Fast Refresh] rebuilding @ http://localhost:3000/_next/static/chunks/node_modules_next_dist_f3530cac._.js:2297
[30684166ms] [LOG] [Fast Refresh] done in 90ms @ http://localhost:3000/_next/static/chunks/node_modules_next_dist_f3530cac._.js:2297
[30695816ms] [ERROR] WebSocket connection to 'ws://localhost:3000/_next/webpack-hmr?id=tXb3W0-YIjab7rD0Z7U6h' failed: Error in connection establishment: net::ERR_CONNECTION_REFUSED @ http://localhost:3000/_next/static/chunks/node_modules_next_dist_client_17643121._.js:10878
[30696818ms] [ERROR] WebSocket connection to 'ws://localhost:3000/_next/webpack-hmr?id=tXb3W0-YIjab7rD0Z7U6h' failed: Error in connection establishment: net::ERR_CONNECTION_REFUSED @ http://localhost:3000/_next/static/chunks/node_modules_next_dist_client_17643121._.js:10878
[30697822ms] [ERROR] WebSocket connection to 'ws://localhost:3000/_next/webpack-hmr?id=tXb3W0-YIjab7rD0Z7U6h' failed: Error in connection establishment: net::ERR_CONNECTION_REFUSED @ http://localhost:3000/_next/static/chunks/node_modules_next_dist_client_17643121._.js:10878
[30698824ms] [ERROR] WebSocket connection to 'ws://localhost:3000/_next/webpack-hmr?id=tXb3W0-YIjab7rD0Z7U6h' failed: Error in connection establishment: net::ERR_CONNECTION_REFUSED @ http://localhost:3000/_next/static/chunks/node_modules_next_dist_client_17643121._.js:10878
[30699827ms] [ERROR] WebSocket connection to 'ws://localhost:3000/_next/webpack-hmr?id=tXb3W0-YIjab7rD0Z7U6h' failed: Error in connection establishment: net::ERR_CONNECTION_REFUSED @ http://localhost:3000/_next/static/chunks/node_modules_next_dist_client_17643121._.js:10878
[30704830ms] [ERROR] WebSocket connection to 'ws://localhost:3000/_next/webpack-hmr?id=tXb3W0-YIjab7rD0Z7U6h' failed: Error in connection establishment: net::ERR_CONNECTION_REFUSED @ http://localhost:3000/_next/static/chunks/node_modules_next_dist_client_17643121._.js:10878
[30709833ms] [ERROR] WebSocket connection to 'ws://localhost:3000/_next/webpack-hmr?id=tXb3W0-YIjab7rD0Z7U6h' failed: Error in connection establishment: net::ERR_CONNECTION_REFUSED @ http://localhost:3000/_next/static/chunks/node_modules_next_dist_client_17643121._.js:10878
[30714841ms] [ERROR] WebSocket connection to 'ws://localhost:3000/_next/webpack-hmr?id=tXb3W0-YIjab7rD0Z7U6h' failed: Error in connection establishment: net::ERR_CONNECTION_REFUSED @ http://localhost:3000/_next/static/chunks/node_modules_next_dist_client_17643121._.js:10878
[30719853ms] [ERROR] WebSocket connection to 'ws://localhost:3000/_next/webpack-hmr?id=tXb3W0-YIjab7rD0Z7U6h' failed: Error in connection establishment: net::ERR_CONNECTION_REFUSED @ http://localhost:3000/_next/static/chunks/node_modules_next_dist_client_17643121._.js:10878
[30724861ms] [ERROR] WebSocket connection to 'ws://localhost:3000/_next/webpack-hmr?id=tXb3W0-YIjab7rD0Z7U6h' failed: Error in connection establishment: net::ERR_CONNECTION_REFUSED @ http://localhost:3000/_next/static/chunks/node_modules_next_dist_client_17643121._.js:10878
[30729864ms] [ERROR] WebSocket connection to 'ws://localhost:3000/_next/webpack-hmr?id=tXb3W0-YIjab7rD0Z7U6h' failed: Error in connection establishment: net::ERR_CONNECTION_REFUSED @ http://localhost:3000/_next/static/chunks/node_modules_next_dist_client_17643121._.js:10878
[30734868ms] [ERROR] WebSocket connection to 'ws://localhost:3000/_next/webpack-hmr?id=tXb3W0-YIjab7rD0Z7U6h' failed: Error in connection establishment: net::ERR_CONNECTION_REFUSED @ http://localhost:3000/_next/static/chunks/node_modules_next_dist_client_17643121._.js:10878
[35338960ms] [INFO] %cDownload the React DevTools for a better development experience: https://react.dev/link/react-devtools font-weight:bold @ http://localhost:3000/_next/static/chunks/node_modules_next_dist_f3530cac._.js:2297
[35339048ms] [LOG] [HMR] connected @ http://localhost:3000/_next/static/chunks/node_modules_next_dist_f3530cac._.js:2297
[35339225ms] [LOG] [Fast Refresh] rebuilding @ http://localhost:3000/_next/static/chunks/node_modules_next_dist_f3530cac._.js:2297
[35339422ms] [LOG] [Fast Refresh] done in 298ms @ http://localhost:3000/_next/static/chunks/node_modules_next_dist_f3530cac._.js:2297
[35340848ms] [LOG] [Fast Refresh] rebuilding @ http://localhost:3000/_next/static/chunks/node_modules_next_dist_f3530cac._.js:2297
[35340862ms] [LOG] [Fast Refresh] done in 115ms @ http://localhost:3000/_next/static/chunks/node_modules_next_dist_f3530cac._.js:2297
[37016452ms] [LOG] [Fast Refresh] rebuilding @ http://localhost:3000/_next/static/chunks/node_modules_next_dist_f3530cac._.js:2297
[37017400ms] [LOG] [Fast Refresh] done in 1052ms @ http://localhost:3000/_next/static/chunks/node_modules_next_dist_f3530cac._.js:2297
[37026275ms] [LOG] [Fast Refresh] rebuilding @ http://localhost:3000/_next/static/chunks/node_modules_next_dist_f3530cac._.js:2297
[37026365ms] [LOG] [Fast Refresh] done in 192ms @ http://localhost:3000/_next/static/chunks/node_modules_next_dist_f3530cac._.js:2297
[37036635ms] [LOG] [Fast Refresh] rebuilding @ http://localhost:3000/_next/static/chunks/node_modules_next_dist_f3530cac._.js:2297
[37036703ms] [LOG] [Fast Refresh] done in 170ms @ http://localhost:3000/_next/static/chunks/node_modules_next_dist_f3530cac._.js:2297
[37044953ms] [LOG] [Fast Refresh] rebuilding @ http://localhost:3000/_next/static/chunks/node_modules_next_dist_f3530cac._.js:2297
[37045001ms] [LOG] [Fast Refresh] done in 150ms @ http://localhost:3000/_next/static/chunks/node_modules_next_dist_f3530cac._.js:2297
[37078006ms] [LOG] [Fast Refresh] rebuilding @ http://localhost:3000/_next/static/chunks/node_modules_next_dist_f3530cac._.js:2297
[37078038ms] [LOG] [Fast Refresh] done in 133ms @ http://localhost:3000/_next/static/chunks/node_modules_next_dist_f3530cac._.js:2297
[37091356ms] [LOG] [Fast Refresh] rebuilding @ http://localhost:3000/_next/static/chunks/node_modules_next_dist_f3530cac._.js:2297
[37091396ms] [LOG] [Fast Refresh] done in 141ms @ http://localhost:3000/_next/static/chunks/node_modules_next_dist_f3530cac._.js:2297
[37111319ms] [LOG] [Fast Refresh] rebuilding @ http://localhost:3000/_next/static/chunks/node_modules_next_dist_f3530cac._.js:2297
[37111379ms] [LOG] [Fast Refresh] done in 162ms @ http://localhost:3000/_next/static/chunks/node_modules_next_dist_f3530cac._.js:2297
[37115750ms] [LOG] [Fast Refresh] rebuilding @ http://localhost:3000/_next/static/chunks/node_modules_next_dist_f3530cac._.js:2297
[37115780ms] [LOG] [Fast Refresh] done in 131ms @ http://localhost:3000/_next/static/chunks/node_modules_next_dist_f3530cac._.js:2297
[37825759ms] [LOG] [Fast Refresh] rebuilding @ http://localhost:3000/_next/static/chunks/node_modules_next_dist_f3530cac._.js:2297
[37825778ms] [LOG] [Fast Refresh] done in 121ms @ http://localhost:3000/_next/static/chunks/node_modules_next_dist_f3530cac._.js:2297
[37826694ms] [LOG] [Fast Refresh] rebuilding @ http://localhost:3000/_next/static/chunks/node_modules_next_dist_f3530cac._.js:2297
[37826703ms] [LOG] [Fast Refresh] done in 110ms @ http://localhost:3000/_next/static/chunks/node_modules_next_dist_f3530cac._.js:2297
[37827380ms] [LOG] [Fast Refresh] rebuilding @ http://localhost:3000/_next/static/chunks/node_modules_next_dist_f3530cac._.js:2297
[37827926ms] [LOG] [Fast Refresh] done in 648ms @ http://localhost:3000/_next/static/chunks/node_modules_next_dist_f3530cac._.js:2297
[37837681ms] [LOG] [Fast Refresh] rebuilding @ http://localhost:3000/_next/static/chunks/node_modules_next_dist_f3530cac._.js:2297
[37839792ms] [LOG] [Fast Refresh] done in 2214ms @ http://localhost:3000/_next/static/chunks/node_modules_next_dist_f3530cac._.js:2297
[37841701ms] [LOG] [Fast Refresh] rebuilding @ http://localhost:3000/_next/static/chunks/node_modules_next_dist_f3530cac._.js:2297
[37841709ms] [LOG] [Fast Refresh] done in 109ms @ http://localhost:3000/_next/static/chunks/node_modules_next_dist_f3530cac._.js:2297
[37846020ms] [LOG] [Fast Refresh] rebuilding @ http://localhost:3000/_next/static/chunks/node_modules_next_dist_f3530cac._.js:2297
[37846308ms] [LOG] [Fast Refresh] done in 390ms @ http://localhost:3000/_next/static/chunks/node_modules_next_dist_f3530cac._.js:2297
[37848085ms] [LOG] [Fast Refresh] rebuilding @ http://localhost:3000/_next/static/chunks/node_modules_next_dist_f3530cac._.js:2297
[37848116ms] [LOG] [Fast Refresh] done in 132ms @ http://localhost:3000/_next/static/chunks/node_modules_next_dist_f3530cac._.js:2297
[37895467ms] [LOG] [Fast Refresh] rebuilding @ http://localhost:3000/_next/static/chunks/node_modules_next_dist_f3530cac._.js:2297
[37895489ms] [LOG] [Fast Refresh] done in 123ms @ http://localhost:3000/_next/static/chunks/node_modules_next_dist_f3530cac._.js:2297
[37935244ms] [LOG] [Fast Refresh] rebuilding @ http://localhost:3000/_next/static/chunks/node_modules_next_dist_f3530cac._.js:2297
[37935416ms] [LOG] [Fast Refresh] done in 271ms @ http://localhost:3000/_next/static/chunks/node_modules_next_dist_f3530cac._.js:2297
[37935546ms] [LOG] [Fast Refresh] rebuilding @ http://localhost:3000/_next/static/chunks/node_modules_next_dist_f3530cac._.js:2297
[37935902ms] [LOG] [Fast Refresh] done in 457ms @ http://localhost:3000/_next/static/chunks/node_modules_next_dist_f3530cac._.js:2297
[38009500ms] [LOG] [Fast Refresh] rebuilding @ http://localhost:3000/_next/static/chunks/node_modules_next_dist_f3530cac._.js:2297
[38010039ms] [LOG] [Fast Refresh] done in 314ms @ http://localhost:3000/_next/static/chunks/node_modules_next_dist_f3530cac._.js:2297
[38075479ms] [LOG] [Fast Refresh] rebuilding @ http://localhost:3000/_next/static/chunks/node_modules_next_dist_f3530cac._.js:2297
[38075573ms] [LOG] [Fast Refresh] done in 196ms @ http://localhost:3000/_next/static/chunks/node_modules_next_dist_f3530cac._.js:2297
[38101979ms] [LOG] [Fast Refresh] rebuilding @ http://localhost:3000/_next/static/chunks/node_modules_next_dist_f3530cac._.js:2297
[38101987ms] [LOG] [Fast Refresh] done in 109ms @ http://localhost:3000/_next/static/chunks/node_modules_next_dist_f3530cac._.js:2297
[38170138ms] [LOG] [Fast Refresh] rebuilding @ http://localhost:3000/_next/static/chunks/node_modules_next_dist_f3530cac._.js:2297
[38170706ms] [LOG] [Fast Refresh] done in 669ms @ http://localhost:3000/_next/static/chunks/node_modules_next_dist_f3530cac._.js:2297
[38408898ms] [LOG] [Fast Refresh] rebuilding @ http://localhost:3000/_next/static/chunks/node_modules_next_dist_f3530cac._.js:2297
[38409092ms] [LOG] [Fast Refresh] done in 291ms @ http://localhost:3000/_next/static/chunks/node_modules_next_dist_f3530cac._.js:2297
[38419919ms] [LOG] [Fast Refresh] rebuilding @ http://localhost:3000/_next/static/chunks/node_modules_next_dist_f3530cac._.js:2297
[38420449ms] [LOG] [Fast Refresh] done in 633ms @ http://localhost:3000/_next/static/chunks/node_modules_next_dist_f3530cac._.js:2297
[38423365ms] [LOG] [Fast Refresh] rebuilding @ http://localhost:3000/_next/static/chunks/node_modules_next_dist_f3530cac._.js:2297
[38423381ms] [LOG] [Fast Refresh] done in 118ms @ http://localhost:3000/_next/static/chunks/node_modules_next_dist_f3530cac._.js:2297
[38423850ms] [LOG] [Fast Refresh] rebuilding @ http://localhost:3000/_next/static/chunks/node_modules_next_dist_f3530cac._.js:2297
[38423862ms] [LOG] [Fast Refresh] done in 114ms @ http://localhost:3000/_next/static/chunks/node_modules_next_dist_f3530cac._.js:2297
[38440369ms] [LOG] [Fast Refresh] rebuilding @ http://localhost:3000/_next/static/chunks/node_modules_next_dist_f3530cac._.js:2297
[38440502ms] [LOG] [Fast Refresh] done in 231ms @ http://localhost:3000/_next/static/chunks/node_modules_next_dist_f3530cac._.js:2297
[38487372ms] [LOG] [Fast Refresh] rebuilding @ http://localhost:3000/_next/static/chunks/node_modules_next_dist_f3530cac._.js:2297
[38487552ms] [LOG] [Fast Refresh] done in 282ms @ http://localhost:3000/_next/static/chunks/node_modules_next_dist_f3530cac._.js:2297
[38729622ms] [LOG] [Fast Refresh] rebuilding @ http://localhost:3000/_next/static/chunks/node_modules_next_dist_f3530cac._.js:2297
[38729655ms] [LOG] [Fast Refresh] done in 133ms @ http://localhost:3000/_next/static/chunks/node_modules_next_dist_f3530cac._.js:2297
[39459884ms] [LOG] [Fast Refresh] rebuilding @ http://localhost:3000/_next/static/chunks/node_modules_next_dist_f3530cac._.js:2297
[39460047ms] [LOG] [Fast Refresh] done in 250ms @ http://localhost:3000/_next/static/chunks/node_modules_next_dist_f3530cac._.js:2297
[39469679ms] [LOG] [Fast Refresh] rebuilding @ http://localhost:3000/_next/static/chunks/node_modules_next_dist_f3530cac._.js:2297
[39469971ms] [LOG] [Fast Refresh] done in 385ms @ http://localhost:3000/_next/static/chunks/node_modules_next_dist_f3530cac._.js:2297
[39470072ms] [LOG] [Fast Refresh] rebuilding @ http://localhost:3000/_next/static/chunks/node_modules_next_dist_f3530cac._.js:2297
[39470189ms] [LOG] [Fast Refresh] done in 218ms @ http://localhost:3000/_next/static/chunks/node_modules_next_dist_f3530cac._.js:2297
[39502540ms] [LOG] [Fast Refresh] rebuilding @ http://localhost:3000/_next/static/chunks/node_modules_next_dist_f3530cac._.js:2297
[39502705ms] [LOG] [Fast Refresh] done in 259ms @ http://localhost:3000/_next/static/chunks/node_modules_next_dist_f3530cac._.js:2297
[39502820ms] [LOG] [Fast Refresh] rebuilding @ http://localhost:3000/_next/static/chunks/node_modules_next_dist_f3530cac._.js:2297
[39503015ms] [LOG] [Fast Refresh] done in 296ms @ http://localhost:3000/_next/static/chunks/node_modules_next_dist_f3530cac._.js:2297
[39590214ms] [LOG] [Fast Refresh] rebuilding @ http://localhost:3000/_next/static/chunks/node_modules_next_dist_f3530cac._.js:2297
[39590261ms] [LOG] [Fast Refresh] done in 150ms @ http://localhost:3000/_next/static/chunks/node_modules_next_dist_f3530cac._.js:2297
[40133488ms] [LOG] [Fast Refresh] rebuilding @ http://localhost:3000/_next/static/chunks/node_modules_next_dist_f3530cac._.js:2297
[40134338ms] [LOG] [Fast Refresh] done in 953ms @ http://localhost:3000/_next/static/chunks/node_modules_next_dist_f3530cac._.js:2297
[40135212ms] [LOG] [Fast Refresh] rebuilding @ http://localhost:3000/_next/static/chunks/node_modules_next_dist_f3530cac._.js:2297
[40135383ms] [LOG] [Fast Refresh] done in 270ms @ http://localhost:3000/_next/static/chunks/node_modules_next_dist_f3530cac._.js:2297
[40135642ms] [LOG] [Fast Refresh] rebuilding @ http://localhost:3000/_next/static/chunks/node_modules_next_dist_f3530cac._.js:2297
[40135669ms] [LOG] [Fast Refresh] done in 128ms @ http://localhost:3000/_next/static/chunks/node_modules_next_dist_f3530cac._.js:2297
[40138252ms] [LOG] [Fast Refresh] rebuilding @ http://localhost:3000/_next/static/chunks/node_modules_next_dist_f3530cac._.js:2297
[40138262ms] [LOG] [Fast Refresh] done in 111ms @ http://localhost:3000/_next/static/chunks/node_modules_next_dist_f3530cac._.js:2297
[40142883ms] [LOG] [Fast Refresh] rebuilding @ http://localhost:3000/_next/static/chunks/node_modules_next_dist_f3530cac._.js:2297
[40142885ms] [LOG] [Fast Refresh] done in 103ms @ http://localhost:3000/_next/static/chunks/node_modules_next_dist_f3530cac._.js:2297
[40143433ms] [LOG] [Fast Refresh] rebuilding @ http://localhost:3000/_next/static/chunks/node_modules_next_dist_f3530cac._.js:2297
[40143434ms] [LOG] [Fast Refresh] done in 104ms @ http://localhost:3000/_next/static/chunks/node_modules_next_dist_f3530cac._.js:2297
[40145475ms] [LOG] [Fast Refresh] rebuilding @ http://localhost:3000/_next/static/chunks/node_modules_next_dist_f3530cac._.js:2297
[40145496ms] [LOG] [Fast Refresh] done in 123ms @ http://localhost:3000/_next/static/chunks/node_modules_next_dist_f3530cac._.js:2297
[40149544ms] [LOG] [Fast Refresh] rebuilding @ http://localhost:3000/_next/static/chunks/node_modules_next_dist_f3530cac._.js:2297
[40149545ms] [LOG] [Fast Refresh] done in 103ms @ http://localhost:3000/_next/static/chunks/node_modules_next_dist_f3530cac._.js:2297
[40161337ms] [LOG] [Fast Refresh] rebuilding @ http://localhost:3000/_next/static/chunks/node_modules_next_dist_f3530cac._.js:2297
[40161347ms] [LOG] [Fast Refresh] done in 112ms @ http://localhost:3000/_next/static/chunks/node_modules_next_dist_f3530cac._.js:2297
[40173200ms] [LOG] [Fast Refresh] rebuilding @ http://localhost:3000/_next/static/chunks/node_modules_next_dist_f3530cac._.js:2297
[40173254ms] [LOG] [Fast Refresh] done in 155ms @ http://localhost:3000/_next/static/chunks/node_modules_next_dist_f3530cac._.js:2297
[40174254ms] [LOG] [Fast Refresh] rebuilding @ http://localhost:3000/_next/static/chunks/node_modules_next_dist_f3530cac._.js:2297
[40174328ms] [LOG] [Fast Refresh] done in 175ms @ http://localhost:3000/_next/static/chunks/node_modules_next_dist_f3530cac._.js:2297
[40234288ms] [LOG] [Fast Refresh] rebuilding @ http://localhost:3000/_next/static/chunks/node_modules_next_dist_f3530cac._.js:2297
[40234483ms] [LOG] [Fast Refresh] done in 290ms @ http://localhost:3000/_next/static/chunks/node_modules_next_dist_f3530cac._.js:2297
[40234584ms] [LOG] [Fast Refresh] rebuilding @ http://localhost:3000/_next/static/chunks/node_modules_next_dist_f3530cac._.js:2297
[40234841ms] [LOG] [Fast Refresh] done in 357ms @ http://localhost:3000/_next/static/chunks/node_modules_next_dist_f3530cac._.js:2297
[40235020ms] [LOG] [Fast Refresh] rebuilding @ http://localhost:3000/_next/static/chunks/node_modules_next_dist_f3530cac._.js:2297
[40235075ms] [LOG] [Fast Refresh] done in 168ms @ http://localhost:3000/_next/static/chunks/node_modules_next_dist_f3530cac._.js:2297
[40432395ms] [LOG] [Fast Refresh] rebuilding @ http://localhost:3000/_next/static/chunks/node_modules_next_dist_f3530cac._.js:2297
[40432448ms] [LOG] [Fast Refresh] done in 155ms @ http://localhost:3000/_next/static/chunks/node_modules_next_dist_f3530cac._.js:2297
[40435474ms] [LOG] [Fast Refresh] rebuilding @ http://localhost:3000/_next/static/chunks/node_modules_next_dist_f3530cac._.js:2297
[40435791ms] [LOG] [Fast Refresh] done in 419ms @ http://localhost:3000/_next/static/chunks/node_modules_next_dist_f3530cac._.js:2297
[40436646ms] [LOG] [Fast Refresh] rebuilding @ http://localhost:3000/_next/static/chunks/node_modules_next_dist_f3530cac._.js:2297
[40436658ms] [LOG] [Fast Refresh] done in 114ms @ http://localhost:3000/_next/static/chunks/node_modules_next_dist_f3530cac._.js:2297
[40436760ms] [LOG] [Fast Refresh] rebuilding @ http://localhost:3000/_next/static/chunks/node_modules_next_dist_f3530cac._.js:2297
[40437294ms] [LOG] [Fast Refresh] done in 635ms @ http://localhost:3000/_next/static/chunks/node_modules_next_dist_f3530cac._.js:2297
[40465004ms] [LOG] [Fast Refresh] rebuilding @ http://localhost:3000/_next/static/chunks/node_modules_next_dist_f3530cac._.js:2297
[40465657ms] [LOG] [Fast Refresh] done in 754ms @ http://localhost:3000/_next/static/chunks/node_modules_next_dist_f3530cac._.js:2297
[40465758ms] [LOG] [Fast Refresh] rebuilding @ http://localhost:3000/_next/static/chunks/node_modules_next_dist_f3530cac._.js:2297
[40465888ms] [LOG] [Fast Refresh] done in 231ms @ http://localhost:3000/_next/static/chunks/node_modules_next_dist_f3530cac._.js:2297
[40466147ms] [LOG] [Fast Refresh] rebuilding @ http://localhost:3000/_next/static/chunks/node_modules_next_dist_f3530cac._.js:2297
[40468983ms] [LOG] [Fast Refresh] done in 2936ms @ http://localhost:3000/_next/static/chunks/node_modules_next_dist_f3530cac._.js:2297
[40501227ms] [LOG] [Fast Refresh] rebuilding @ http://localhost:3000/_next/static/chunks/node_modules_next_dist_f3530cac._.js:2297
[40501330ms] [LOG] [Fast Refresh] done in 137ms @ http://localhost:3000/_next/static/chunks/node_modules_next_dist_f3530cac._.js:2297
[40501456ms] [LOG] [Fast Refresh] rebuilding @ http://localhost:3000/_next/static/chunks/node_modules_next_dist_f3530cac._.js:2297
[40501627ms] [LOG] [Fast Refresh] done in 272ms @ http://localhost:3000/_next/static/chunks/node_modules_next_dist_f3530cac._.js:2297
[40503076ms] [LOG] [Fast Refresh] rebuilding @ http://localhost:3000/_next/static/chunks/node_modules_next_dist_f3530cac._.js:2297
[40503079ms] [LOG] [Fast Refresh] done in 103ms @ http://localhost:3000/_next/static/chunks/node_modules_next_dist_f3530cac._.js:2297
[40515248ms] [LOG] [Fast Refresh] rebuilding @ http://localhost:3000/_next/static/chunks/node_modules_next_dist_f3530cac._.js:2297
[40515315ms] [LOG] [Fast Refresh] done in 71ms @ http://localhost:3000/_next/static/chunks/node_modules_next_dist_f3530cac._.js:2297
[40515417ms] [LOG] [Fast Refresh] rebuilding @ http://localhost:3000/_next/static/chunks/node_modules_next_dist_f3530cac._.js:2297
[40515522ms] [LOG] [Fast Refresh] done in 206ms @ http://localhost:3000/_next/static/chunks/node_modules_next_dist_f3530cac._.js:2297
[40515656ms] [LOG] [Fast Refresh] rebuilding @ http://localhost:3000/_next/static/chunks/node_modules_next_dist_f3530cac._.js:2297
[40515898ms] [LOG] [Fast Refresh] done in 345ms @ http://localhost:3000/_next/static/chunks/node_modules_next_dist_f3530cac._.js:2297
[40516098ms] [LOG] [Fast Refresh] rebuilding @ http://localhost:3000/_next/static/chunks/node_modules_next_dist_f3530cac._.js:2297
[40516104ms] [LOG] [Fast Refresh] done in 108ms @ http://localhost:3000/_next/static/chunks/node_modules_next_dist_f3530cac._.js:2297
[40523268ms] [LOG] [Fast Refresh] rebuilding @ http://localhost:3000/_next/static/chunks/node_modules_next_dist_f3530cac._.js:2297
[40523466ms] [LOG] [Fast Refresh] done in 214ms @ http://localhost:3000/_next/static/chunks/node_modules_next_dist_f3530cac._.js:2297
[40531783ms] [LOG] [Fast Refresh] rebuilding @ http://localhost:3000/_next/static/chunks/node_modules_next_dist_f3530cac._.js:2297
[40531862ms] [LOG] [Fast Refresh] done in 157ms @ http://localhost:3000/_next/static/chunks/node_modules_next_dist_f3530cac._.js:2297
[40542524ms] [LOG] [Fast Refresh] rebuilding @ http://localhost:3000/_next/static/chunks/node_modules_next_dist_f3530cac._.js:2297
[40542589ms] [LOG] [Fast Refresh] done in 143ms @ http://localhost:3000/_next/static/chunks/node_modules_next_dist_f3530cac._.js:2297
[40629210ms] [LOG] [Fast Refresh] rebuilding @ http://localhost:3000/_next/static/chunks/node_modules_next_dist_f3530cac._.js:2297
[40629341ms] [LOG] [Fast Refresh] done in 233ms @ http://localhost:3000/_next/static/chunks/node_modules_next_dist_f3530cac._.js:2297
[40630479ms] [LOG] [Fast Refresh] rebuilding @ http://localhost:3000/_next/static/chunks/node_modules_next_dist_f3530cac._.js:2297
[40630741ms] [LOG] [Fast Refresh] done in 364ms @ http://localhost:3000/_next/static/chunks/node_modules_next_dist_f3530cac._.js:2297
[40631439ms] [LOG] [Fast Refresh] rebuilding @ http://localhost:3000/_next/static/chunks/node_modules_next_dist_f3530cac._.js:2297
[40632335ms] [LOG] [Fast Refresh] done in 998ms @ http://localhost:3000/_next/static/chunks/node_modules_next_dist_f3530cac._.js:2297
[40638857ms] [LOG] [Fast Refresh] rebuilding @ http://localhost:3000/_next/static/chunks/node_modules_next_dist_f3530cac._.js:2297
[40638964ms] [LOG] [Fast Refresh] done in 209ms @ http://localhost:3000/_next/static/chunks/node_modules_next_dist_f3530cac._.js:2297
[40678193ms] [LOG] [Fast Refresh] rebuilding @ http://localhost:3000/_next/static/chunks/node_modules_next_dist_f3530cac._.js:2297
[40678782ms] [LOG] [Fast Refresh] done in 693ms @ http://localhost:3000/_next/static/chunks/node_modules_next_dist_f3530cac._.js:2297
[40801863ms] [LOG] [Fast Refresh] rebuilding @ http://localhost:3000/_next/static/chunks/node_modules_next_dist_f3530cac._.js:2297
[40801877ms] [LOG] [Fast Refresh] done in 116ms @ http://localhost:3000/_next/static/chunks/node_modules_next_dist_f3530cac._.js:2297
[40850589ms] [LOG] [Fast Refresh] rebuilding @ http://localhost:3000/_next/static/chunks/node_modules_next_dist_f3530cac._.js:2297
[40850701ms] [LOG] [Fast Refresh] done in 213ms @ http://localhost:3000/_next/static/chunks/node_modules_next_dist_f3530cac._.js:2297
[41110471ms] [LOG] [Fast Refresh] rebuilding @ http://localhost:3000/_next/static/chunks/node_modules_next_dist_f3530cac._.js:2297
[41110657ms] [LOG] [Fast Refresh] done in 244ms @ http://localhost:3000/_next/static/chunks/node_modules_next_dist_f3530cac._.js:2297
[41110807ms] [LOG] [Fast Refresh] rebuilding @ http://localhost:3000/_next/static/chunks/node_modules_next_dist_f3530cac._.js:2297
[41111189ms] [LOG] [Fast Refresh] done in 492ms @ http://localhost:3000/_next/static/chunks/node_modules_next_dist_f3530cac._.js:2297
[41111975ms] [LOG] [Fast Refresh] rebuilding @ http://localhost:3000/_next/static/chunks/node_modules_next_dist_f3530cac._.js:2297
[41112224ms] [LOG] [Fast Refresh] done in 349ms @ http://localhost:3000/_next/static/chunks/node_modules_next_dist_f3530cac._.js:2297
[41130579ms] [LOG] [Fast Refresh] rebuilding @ http://localhost:3000/_next/static/chunks/node_modules_next_dist_f3530cac._.js:2297
[41130840ms] [LOG] [Fast Refresh] done in 107ms @ http://localhost:3000/_next/static/chunks/node_modules_next_dist_f3530cac._.js:2297
[41131118ms] [LOG] [Fast Refresh] rebuilding @ http://localhost:3000/_next/static/chunks/node_modules_next_dist_f3530cac._.js:2297
[41131187ms] [LOG] [Fast Refresh] done in 171ms @ http://localhost:3000/_next/static/chunks/node_modules_next_dist_f3530cac._.js:2297
[41132849ms] [LOG] [Fast Refresh] rebuilding @ http://localhost:3000/_next/static/chunks/node_modules_next_dist_f3530cac._.js:2297
[41133034ms] [LOG] [Fast Refresh] done in 287ms @ http://localhost:3000/_next/static/chunks/node_modules_next_dist_f3530cac._.js:2297
[41140058ms] [LOG] [Fast Refresh] rebuilding @ http://localhost:3000/_next/static/chunks/node_modules_next_dist_f3530cac._.js:2297
[41140191ms] [LOG] [Fast Refresh] done in 234ms @ http://localhost:3000/_next/static/chunks/node_modules_next_dist_f3530cac._.js:2297
[41149745ms] [LOG] [Fast Refresh] rebuilding @ http://localhost:3000/_next/static/chunks/node_modules_next_dist_f3530cac._.js:2297
[41149811ms] [LOG] [Fast Refresh] done in 168ms @ http://localhost:3000/_next/static/chunks/node_modules_next_dist_f3530cac._.js:2297
[41158709ms] [LOG] [Fast Refresh] rebuilding @ http://localhost:3000/_next/static/chunks/node_modules_next_dist_f3530cac._.js:2297
[41159309ms] [LOG] [Fast Refresh] done in 677ms @ http://localhost:3000/_next/static/chunks/node_modules_next_dist_f3530cac._.js:2297
[41170060ms] [LOG] [Fast Refresh] rebuilding @ http://localhost:3000/_next/static/chunks/node_modules_next_dist_f3530cac._.js:2297
[41170930ms] [LOG] [Fast Refresh] done in 968ms @ http://localhost:3000/_next/static/chunks/node_modules_next_dist_f3530cac._.js:2297
[41903490ms] [LOG] [HMR] connected @ http://localhost:3000/_next/static/chunks/node_modules_next_dist_f3530cac._.js:2297
[41903628ms] [LOG] [Fast Refresh] rebuilding @ http://localhost:3000/_next/static/chunks/node_modules_next_dist_f3530cac._.js:2297
[41903720ms] [LOG] [Fast Refresh] done in 193ms @ http://localhost:3000/_next/static/chunks/node_modules_next_dist_f3530cac._.js:2297
[42385206ms] [ERROR] Failed to load resource: net::ERR_INTERNET_DISCONNECTED @ https://vghokairfpzxcciwpokp.supabase.co/auth/v1/token?grant_type=refresh_token:0
[42385241ms] [ERROR] TypeError: Failed to fetch
    at http://localhost:3000/_next/static/chunks/node_modules_%40supabase_auth-js_dist_module_e6c70351._.js:598:23
    at _handleRequest (http://localhost:3000/_next/static/chunks/node_modules_%40supabase_auth-js_dist_module_e6c70351._.js:952:24)
    at _request (http://localhost:3000/_next/static/chunks/node_modules_%40supabase_auth-js_dist_module_e6c70351._.js:939:24)
    at http://localhost:3000/_next/static/chunks/node_modules_%40supabase_auth-js_dist_module_e6c70351._.js:5281:220
    at http://localhost:3000/_next/static/chunks/node_modules_%40supabase_auth-js_dist_module_e6c70351._.js:668:42
    at http://localhost:3000/_next/static/chunks/node_modules_%40supabase_auth-js_dist_module_e6c70351._.js:680:11
    at new Promise (<anonymous>)
    at retryable (http://localhost:3000/_next/static/chunks/node_modules_%40supabase_auth-js_dist_module_e6c70351._.js:662:21)
    at SupabaseAuthClient._refreshAccessToken (http://localhost:3000/_next/static/chunks/node_modules_%40supabase_auth-js_dist_module_e6c70351._.js:5276:219)
    at SupabaseAuthClient._callRefreshToken (http://localhost:3000/_next/static/chunks/node_modules_%40supabase_auth-js_dist_module_e6c70351._.js:5432:48)
    at SupabaseAuthClient.__loadSession (http://localhost:3000/_next/static/chunks/node_modules_%40supabase_auth-js_dist_module_e6c70351._.js:4566:57)
    at async SupabaseAuthClient._useSession (http://localhost:3000/_next/static/chunks/node_modules_%40supabase_auth-js_dist_module_e6c70351._.js:4496:28)
    at async http://localhost:3000/_next/static/chunks/node_modules_%40supabase_auth-js_dist_module_e6c70351._.js:5658:32 @ http://localhost:3000/_next/static/chunks/node_modules_next_dist_f3530cac._.js:3127
[42385909ms] [LOG] [Fast Refresh] rebuilding @ http://localhost:3000/_next/static/chunks/node_modules_next_dist_f3530cac._.js:2297
[42387110ms] [ERROR] Failed to load resource: net::ERR_INTERNET_DISCONNECTED @ https://vghokairfpzxcciwpokp.supabase.co/auth/v1/token?grant_type=refresh_token:0
[42387114ms] [ERROR] TypeError: Failed to fetch
    at http://localhost:3000/_next/static/chunks/node_modules_%40supabase_auth-js_dist_module_e6c70351._.js:598:23
    at _handleRequest (http://localhost:3000/_next/static/chunks/node_modules_%40supabase_auth-js_dist_module_e6c70351._.js:952:24)
    at _request (http://localhost:3000/_next/static/chunks/node_modules_%40supabase_auth-js_dist_module_e6c70351._.js:939:24)
    at http://localhost:3000/_next/static/chunks/node_modules_%40supabase_auth-js_dist_module_e6c70351._.js:5281:220
    at async http://localhost:3000/_next/static/chunks/node_modules_%40supabase_auth-js_dist_module_e6c70351._.js:668:36 @ http://localhost:3000/_next/static/chunks/node_modules_next_dist_f3530cac._.js:3127
[42389945ms] [LOG] [Fast Refresh] done in 4135ms @ http://localhost:3000/_next/static/chunks/node_modules_next_dist_f3530cac._.js:2297
[42404955ms] [ERROR] WebSocket connection to 'ws://localhost:3000/_next/webpack-hmr?id=ZxoxfyO7AUmgJs1jBZ3Oc' failed: Error in connection establishment: net::ERR_CONNECTION_REFUSED @ http://localhost:3000/_next/static/chunks/node_modules_next_dist_client_17643121._.js:10878
[42405962ms] [ERROR] WebSocket connection to 'ws://localhost:3000/_next/webpack-hmr?id=ZxoxfyO7AUmgJs1jBZ3Oc' failed: Error in connection establishment: net::ERR_CONNECTION_REFUSED @ http://localhost:3000/_next/static/chunks/node_modules_next_dist_client_17643121._.js:10878
[42406966ms] [ERROR] WebSocket connection to 'ws://localhost:3000/_next/webpack-hmr?id=ZxoxfyO7AUmgJs1jBZ3Oc' failed: Error in connection establishment: net::ERR_CONNECTION_REFUSED @ http://localhost:3000/_next/static/chunks/node_modules_next_dist_client_17643121._.js:10878
[42407970ms] [ERROR] WebSocket connection to 'ws://localhost:3000/_next/webpack-hmr?id=ZxoxfyO7AUmgJs1jBZ3Oc' failed: Error in connection establishment: net::ERR_CONNECTION_REFUSED @ http://localhost:3000/_next/static/chunks/node_modules_next_dist_client_17643121._.js:10878
[42408972ms] [ERROR] WebSocket connection to 'ws://localhost:3000/_next/webpack-hmr?id=ZxoxfyO7AUmgJs1jBZ3Oc' failed: Error in connection establishment: net::ERR_CONNECTION_REFUSED @ http://localhost:3000/_next/static/chunks/node_modules_next_dist_client_17643121._.js:10878
[42413987ms] [ERROR] WebSocket connection to 'ws://localhost:3000/_next/webpack-hmr?id=ZxoxfyO7AUmgJs1jBZ3Oc' failed: Error in connection establishment: net::ERR_CONNECTION_REFUSED @ http://localhost:3000/_next/static/chunks/node_modules_next_dist_client_17643121._.js:10878
[42418990ms] [ERROR] WebSocket connection to 'ws://localhost:3000/_next/webpack-hmr?id=ZxoxfyO7AUmgJs1jBZ3Oc' failed: Error in connection establishment: net::ERR_CONNECTION_REFUSED @ http://localhost:3000/_next/static/chunks/node_modules_next_dist_client_17643121._.js:10878
[42423996ms] [ERROR] WebSocket connection to 'ws://localhost:3000/_next/webpack-hmr?id=ZxoxfyO7AUmgJs1jBZ3Oc' failed: Error in connection establishment: net::ERR_CONNECTION_REFUSED @ http://localhost:3000/_next/static/chunks/node_modules_next_dist_client_17643121._.js:10878
[42429003ms] [ERROR] WebSocket connection to 'ws://localhost:3000/_next/webpack-hmr?id=ZxoxfyO7AUmgJs1jBZ3Oc' failed: Error in connection establishment: net::ERR_CONNECTION_REFUSED @ http://localhost:3000/_next/static/chunks/node_modules_next_dist_client_17643121._.js:10878
